{
	"$schema": "http://schema.management.azure.com/schemas/2015-01-01/deploymentTemplate.json#",
	"contentVersion": "1.0.0.0",
	"parameters": {
		"tags": {
			"type": "object",
			"metadata": {
				"description": "Override or add additional tags than the defaults"
			}
		},
		"environment": {
			"type": "string",
			"metadata": {
				"description": "Environment the Vault belongs to"
			}
		},
		"location": {
			"type": "string",
			"metadata": {
				"description": "Location the resource is deployed to"
			},
			"allowedValues": [
				"edc",
				"gbl",
				"sdc"
			]
		},
		"resourceLocation": {
			"type": "string",
			"metadata": {
				"description": ""
			},
			"allowedValues": [
				"australiaeast",
				"australiasoutheast"
			]
		},
		"sequence": {
			"type": "string",
			"metadata": {
				"description": "Sequence number (e.g. 01)"
			}
		},
		"resourceNameIdentifier": {
			"type": "string",
			"defaultValue": "denovo"
		}
	},
	"variables": {
		"tags": {
			"App Name": "[resourceGroup().tags['App Name']]",
			"Cost Centre": "[resourceGroup().tags['Cost Centre']]",
			"Environment": "[resourceGroup().tags['Environment']]",
			"Expiration Date": "[resourceGroup().tags['Expiration Date']]",
			"Maintenance Window": "[resourceGroup().tags['Maintenance Window']]",
			"Owner": "[resourceGroup().tags['Owner']]"
		},
		"resourceName": "[concat(parameters('environment'),'-',parameters('location'),'-',parameters('resourceNameIdentifier'),'-','adf',parameters('sequence'))]",
		"selfHostedIRName": "[concat(parameters('resourceNameIdentifier'),'-selfhosted-adf',parameters('sequence'))]",
		"factoryId": "[concat('Microsoft.DataFactory/factories/', variables('resourceName'))]"
	},
	"resources": [
		{
			"name": "[variables('resourceName')]",
			"apiVersion": "2018-06-01",
			"type": "Microsoft.DataFactory/factories",
			"location": "[parameters('resourceLocation')]",
			"tags": "[union(variables('tags'),parameters('tags'))]",
			"identity": {
				"type": "SystemAssigned"
			},
			"resources": [
				{
					"name": "[variables('selfHostedIRName')]",
					"type": "integrationRuntimes",
					"apiVersion": "2017-09-01-preview",
					"properties": {
						"type": "SelfHosted"
					},
					"dependsOn": [
						"[variables('resourceName')]"
					]
				}
			]
		}
	]
}