{
	"$schema": "https://schema.management.azure.com/schemas/2015-01-01/deploymentTemplate.json#",
	"contentVersion": "1.0.0.0",
	"parameters": {
		"tags": {
			"type": "object",
			"metadata": {
				"description": "Override or add additional tags than the defaults"
			}
		},
		"environment": {
			"type": "string",
			"metadata": {
				"description": "Environment the Vault belongs to"
			}
		},
		"location": {
			"type": "string",
			"metadata": {
				"description": "Location the resource is deployed to"
			},
			"allowedValues": [
				"edc",
				"gbl",
				"sdc"
			]
		},
		"resourceLocation": {
			"type": "string",
			"metadata": {
				"description": ""
			},
			"allowedValues": [
				"australiaeast",
				"australiasoutheast"
			]
		},
		"sequence": {
			"type": "string",
			"metadata": {
				"description": "Sequence number (e.g. 01)"
			}
		},
		"accessPolicies": {
			"defaultValue": [],
			"type": "array"
		},
		"logAnalyticsWorkspaceId": {
			"type": "string",
			"metadata": {
				"description": "The Workspace Id of the Log Analytic workspace in this environment"
			}
		},
		"resourceNameIdentifier": {
			"type": "string",
			"defaultValue": "vma"
		}
	},
	"variables": {
		"tags": {
			"App Name": "[resourceGroup().tags['App Name']]",
			"Cost Centre": "[resourceGroup().tags['Cost Centre']]",
			"Environment": "[resourceGroup().tags['Environment']]",
			"Expiration Date": "[resourceGroup().tags['Expiration Date']]",
			"Maintenance Window": "[resourceGroup().tags['Maintenance Window']]",
			"Owner": "[resourceGroup().tags['Owner']]"
		},
		"resourceName": "[concat(parameters('environment'),'-',parameters('location'),'-',parameters('resourceNameIdentifier'),'-adf','-','kv',parameters('sequence'))]"
	},
	"resources": [
		{
			"type": "Microsoft.KeyVault/vaults",
			"name": "[variables('resourceName')]",
			"apiVersion": "2018-02-14",
			"location": "[parameters('resourceLocation')]",
			"tags": "[union(variables('tags'),parameters('tags'))]",
			"properties": {
				"enabledForDeployment": "true",
				"enabledForDiskEncryption": "false",
				"enabledForTemplateDeployment": "true",
				"enableSoftDelete": "true",
				"tenantId": "[subscription().tenantId]",
				"accessPolicies": "[parameters('accessPolicies')]",
				"sku": {
					"name": "standard",
					"family": "A"
				}
			}
		},
		{
			"type": "Microsoft.KeyVault/vaults/providers/diagnosticSettings",
			"apiVersion": "2017-05-01-preview",
			"name": "[concat(variables('resourceName'), '/', 'Microsoft.Insights/default')]",
			"location": "[parameters('resourceLocation')]",
			"dependsOn": [
				"[variables('resourceName')]"
			],
			"properties": {
				"workspaceId": "[parameters('logAnalyticsWorkspaceId')]",
				"metrics": [
					{
						"category": "AllMetrics",
						"enabled": true,
						"retentionPolicy": {
							"enabled": false,
							"days": 0
						}
					}
				],
				"logs": [
					{
						"category": "AuditEvent",
						"enabled": true
					}
				]
			}
		}
	],
	"outputs": {
		"resourceName": {
			"type": "string",
			"value": "[variables('resourceName')]"
		},
		"resourceId": {
			"type": "string",
			"value": "[resourceId('Microsoft.KeyVault/vaults',variables('resourceName'))]"
		}
	}
}
