{
	"$schema": "https://schema.management.azure.com/schemas/2015-01-01/deploymentTemplate.json#",
	"contentVersion": "1.0.0.0",
	"parameters": {
		"tags": {
			"type": "object",
			"metadata": {
				"description": "Override or add additional tags than the defaults"
			}
		},
		"environment": {
			"type": "string",
			"metadata": {
				"description": "Environment the resource belongs to"
			}
		},
		"location": {
			"type": "string",
			"metadata": {
				"description": "Location the resource is deployed to"
			},
			"allowedValues": [
				"edc",
				"gbl",
				"sdc"
			]
		},
		"resourceLocation": {
			"type": "string",
			"metadata": {
				"description": ""
			},
			"allowedValues": [
				"australiaeast",
				"australiasoutheast"
			]
		},
		"sequence": {
			"type": "string",
			"metadata": {
				"description": "Sequence number (e.g. 01)"
			}
		},
		"keyVaultName": {
			"type": "string",
			"metadata": {
				"description": "KeyVault the instrument key will be stored to"
			}
		},
		"keyVaultResourceGroup": {
			"type": "string",
			"metadata": {
				"description": "KeyVault Secret to store the instrument key to"
			}
		},
		"keyVaultSubscriptionId": {
			"type": "string",
			"metadata": {
				"description": "KeyVault Secret to store the instrument key to"
			},
			"defaultValue": "[subscription().subscriptionId]"
		},
		"instrumentKeySecretName": {
			"type": "string",
			"metadata": {
				"description": "KeyVault Secret to store the instrument key to"
			}
		},
		"resourceNameIdentifier": {
			"type": "string",
			"defaultValue": "denovo"
		}
	},
	"variables": {
		"tags": {
			"App Name": "[resourceGroup().tags['App Name']]",
			"Cost Centre": "[resourceGroup().tags['Cost Centre']]",
			"Environment": "[resourceGroup().tags['Environment']]",
			"Expiration Date": "[resourceGroup().tags['Expiration Date']]",
			"Maintenance Window": "[resourceGroup().tags['Maintenance Window']]",
			"Owner": "[resourceGroup().tags['Owner']]"
		},
		"resourceName": "[concat(parameters('environment'),'-',parameters('location'),'-',parameters('resourceNameIdentifier'),'-','ai',parameters('sequence'))]"
	},
	"resources": [
		{
			"apiVersion": "2015-05-01",
			"type": "Microsoft.Insights/components",
			"name": "[variables('resourceName')]",
			"tags": "[union(variables('tags'),parameters('tags'))]",
			"location": "[parameters('resourceLocation')]",
			"kind": "web",
			"properties": {
				"Application_Type": "web"
			}
		},
		{
			"type": "Microsoft.Resources/deployments",
			"apiVersion": "2017-05-10",
			"name": "nestedTemplate",
			"dependsOn": [
				"[variables('resourceName')]"
			],
			"subscriptionId": "[parameters('keyVaultSubscriptionId')]",
			"resourceGroup": "[parameters('keyVaultResourceGroup')]",
			"properties": {
				"mode": "Incremental",
				"template": {
					"$schema": "https://schema.management.azure.com/schemas/2015-01-01/deploymentTemplate.json#",
					"contentVersion": "1.0.0.0",
					"parameters": {},
					"variables": {},
					"resources": [
						{
							"type": "Microsoft.KeyVault/vaults/secrets",
							"name": "[concat(parameters('keyVaultName'),'/',parameters('instrumentKeySecretName'))]",
							"apiVersion": "2015-06-01",
							"properties": {
								"contentType": "text/plain",
								"value": "[reference(resourceId('Microsoft.Insights/components', variables('resourceName')), '2015-05-01').InstrumentationKey]"
							}
						}
					]
				},
				"parameters": {}
			}
		}
	],
	"outputs": {
		"resourceName": {
			"type": "string",
			"value": "[variables('resourceName')]"
		},
		"resourceId": {
			"type": "string",
			"value": "[resourceId('Microsoft.Insights/components',variables('resourceName'))]"
		}
	}
}

