{
	"$schema": "https://schema.management.azure.com/schemas/2015-01-01/deploymentTemplate.json#",
	"contentVersion": "1.0.0.0",
	"parameters": {
		"tags": {
			"type": "object",
			"metadata": {
				"description": "Override or add additional tags than the defaults"
			}
		},
		"apiType": {
			"type": "string",
			"metadata": {
				"description": "API Type to apply to the resource."
			},
			"allowedValues": [
				"Cassandra",
				"Gremlin",
				"MongoDB",
				"Sql",
				"Table"
			]
		},
		"environment": {
			"type": "string",
			"metadata": {
				"description": "Environment the Vault belongs to"
			}
		},
		"geoLocations": {
			"type": "array",
			"metadata": {
				"description": ""
			}
		},
		"location": {
			"type": "string",
			"metadata": {
				"description": "Location the resource is deployed to"
			},
			"allowedValues": [
				"edc",
				"gbl",
				"sdc"
			]
		},
		"sequence": {
			"type": "string",
			"metadata": {
				"description": "Sequence number (e.g. 01)"
			}
		},
		"diagnosticLogAnalyticsResourceId": {
			"type": "string",
			"metadata": {
				"description": "Log analytics resource id"
			}
		},
		"vnets": {
			"type": "array"
		},
		"subnets": {
			"type": "array"
		},
		"resourceNameIdentifier": {
			"type": "string",
			"defaultValue": "denovo"
		},
		"zoneRedundant": {
			"type": "array",
			"defaultValue": ["false"]
		}
	},
	"variables": {
		"tags": {
			"App Name": "[resourceGroup().tags['App Name']]",
			"Cost Centre": "[resourceGroup().tags['Cost Centre']]",
			"Environment": "[resourceGroup().tags['Environment']]",
			"Expiration Date": "[resourceGroup().tags['Expiration Date']]",
			"Maintenance Window": "[resourceGroup().tags['Maintenance Window']]",
			"Owner": "[resourceGroup().tags['Owner']]"
		},
		"resourceName": "[concat(parameters('environment'),'-',parameters('location'),'-',parameters('resourceNameIdentifier'),'-','cdb',parameters('sequence'))]"
	},
	"resources": [
		{
			"type": "Microsoft.DocumentDB/databaseAccounts",
			"name": "[variables('resourceName')]",
			"kind": "[if(equals(parameters('apiType'), 'MongoDB'), 'MongoDB', 'GlobalDocumentDB')]",
			"apiVersion": "2021-05-15",
			"location": "[parameters('geoLocations')[0]]",
			"tags": "[union(variables('tags'),parameters('tags'))]",
			"properties": {
				"name": "[variables('resourceName')]",
				"databaseAccountOfferType": "Standard",
				"enableMultipleWriteLocations": true,
				"isVirtualNetworkFilterEnabled": true,
				"ipRules": [
                    {
                        "ipAddressOrRange": "104.42.195.92"
                    },
                    {
                        "ipAddressOrRange": "40.76.54.131"
                    },
                    {
                        "ipAddressOrRange": "52.176.6.30"
                    },
                    {
                        "ipAddressOrRange": "52.169.50.45"
                    },
                    {
                        "ipAddressOrRange": "52.187.184.26"
                    }
                ],
				"copy": [
					{
						"name": "virtualNetworkRules",
						"count": "[length(parameters('subnets'))]",
						"input": {
							"id": "[concat(parameters('vnets')[copyIndex('virtualNetworkRules')], '/subnets/', parameters('subnets')[copyIndex('virtualNetworkRules')])]",
							"ignoreMissingVNetServiceEndpoint": "True"
						}
					},
					{
						"name": "locations",
						"count": "[length(parameters('geoLocations'))]",
						"input": {
							"id": "[concat(variables('resourceName'), '-', parameters('geoLocations')[copyIndex('locations')])]",
							"failoverPriority": "[copyIndex('locations')]",
							"locationName": "[parameters('geoLocations')[copyIndex('locations')]]",
							"isZoneRedundant": "[parameters('zoneRedundant')[copyIndex('locations')]]"
						}
					}
				]
			}
		},
		{
			"type": "Microsoft.DocumentDB/databaseAccounts/providers/diagnosticSettings",
			"apiVersion": "2017-05-01-preview",
			"name": "[concat(variables('resourceName'), '/', 'Microsoft.Insights/default')]",
			"location": "[resourceGroup().location]",
			"dependsOn": [
				"[variables('resourceName')]"
			],
			"properties": {
				"workspaceId": "[parameters('diagnosticLogAnalyticsResourceId')]",
				"metrics": [
					{
						"category": "AllMetrics",
						"enabled": true,
						"retentionPolicy": {
							"enabled": false,
							"days": 0
						}
					}
				],
				"logs": [
					{
						"category": "DataPlaneRequests",
						"enabled": true
					},
					{
						"category": "MongoRequests",
						"enabled": true
					},
					{
						"category": "QueryRuntimeStatistics",
						"enabled": true
					}
				]
			}
		}
	],
	"outputs": {
		"resourceName": {
			"type": "string",
			"value": "[variables('resourceName')]"
		},
		"resourceId": {
			"type": "string",
			"value": "[resourceId('Microsoft.DocumentDB/databaseAccounts',variables('resourceName'))]"
		}
	}
}
