{
  "$schema": "https://schema.management.azure.com/schemas/2019-04-01/deploymentTemplate.json#",
  "contentVersion": "1.0.0.0",
  "parameters": {
    "keyVaultName": {
      "type": "string",
      "metadata": {
        "description": "Specifies the name of the key vault."
      }
    },
    "tenantId": {
      "type": "string",
      "defaultValue": "[subscription().tenantId]",
      "metadata": {
        "description": "Specifies the Azure Active Directory tenant ID that should be used for authenticating requests to the key vault. Get it by using Get-AzSubscription cmdlet."
      }
    },
    "objectId": {
      "type": "string",
      "metadata": {
        "description": "Specifies the object ID of a user, service principal or security group in the Azure Active Directory tenant for the vault. The object ID must be unique for the list of access policies. Get it by using Get-AzADUser or Get-AzADServicePrincipal cmdlets."
      }
    },
    "secretsPermissions": {
      "type": "array",
      "defaultValue": [
        "list"
      ],
      "metadata": {
        "description": "Specifies the permissions to secrets in the vault. Valid values are: all, get, list, set, delete, backup, restore, recover, and purge."
      }
    }
  },
  "resources": [
    {
      "type": "Microsoft.KeyVault/vaults/accessPolicies",
      "name": "[concat(parameters('keyVaultName'), '/add')]",
      "apiVersion": "2019-09-01",
      "properties": {
        "accessPolicies": [
          {
            "tenantId": "[parameters('tenantId')]",
            "objectId": "[parameters('objectId')]",
            "permissions": {
              "secrets": "[parameters('secretsPermissions')]"
            }
          }
        ]
      }
    }
  ]
}
