{
	"$schema": "https://schema.management.azure.com/schemas/2015-01-01/deploymentTemplate.json#",
	"contentVersion": "1.0.0.0",
	"parameters": {
		"tags": {
			"type": "object",
			"metadata": {
				"description": "Override or add additional tags than the defaults"
			}
		},
		"environment": {
			"type": "string",
			"metadata": {
				"description": "Environment the resource belongs to"
			}
		},
		"location": {
			"type": "string",
			"metadata": {
				"description": "Location the resource is deployed to"
			},
			"allowedValues": [
				"edc",
				"gbl",
				"sdc"
			]
		},
		"resourceLocation": {
			"type": "string",
			"metadata": {
				"description": ""
			},
			"allowedValues": [
				"australiaeast",
				"australiasoutheast"
			]
		},
		"sequence": {
			"type": "string",
			"metadata": {
				"description": "Sequence number (e.g. 01)"
			}
		},
		"resourceNameIdentifier": {
			"type": "string",
			"defaultValue": "denovo"
		}
	},
	"variables": {
		"tags": {
			"App Name": "[resourceGroup().tags['App Name']]",
			"Cost Centre": "[resourceGroup().tags['Cost Centre']]",
			"Environment": "[resourceGroup().tags['Environment']]",
			"Expiration Date": "[resourceGroup().tags['Expiration Date']]",
			"Maintenance Window": "[resourceGroup().tags['Maintenance Window']]",
			"Owner": "[resourceGroup().tags['Owner']]"
		},
		"resourceName": "[concat(parameters('environment'),'-',parameters('location'),'-',parameters('resourceNameIdentifier'),'-',uniqueString(resourceGroup().id),'-','log',parameters('sequence'))]"
	},
	"resources": [
		{
			"type": "Microsoft.OperationalInsights/workspaces",
			"name": "[variables('resourceName')]",
			"tags": "[union(variables('tags'),parameters('tags'))]",
			"apiVersion": "2015-11-01-preview",
			"location": "[parameters('resourceLocation')]",
			"properties": {
				"sku": {
					"name": "PerGB2018"
				},
				"features": {
					"searchVersion": 1
				}
			}
		}
	],
	"outputs": {
		"resourceName": {
			"type": "string",
			"value": "[variables('resourceName')]"
		},
		"resourceId": {
			"type": "string",
			"value": "[resourceId('Microsoft.OperationalInsights/workspaces',variables('resourceName'))]"
		}
	}
}

