{
	"$schema": "https://schema.management.azure.com/schemas/2015-01-01/deploymentTemplate.json#",
	"contentVersion": "1.0.0.0",
	"parameters": {
		"tags": {
			"type": "object",
			"metadata": {
				"description": "Override or add additional tags than the defaults"
			}
		},
		"environment": {
			"type": "string",
			"metadata": {
				"description": "Environment the resource is deployed to"
			}
		},
		"location": {
			"type": "string",
			"metadata": {
				"description": "Location the resource is deployed to"
			},
			"allowedValues": [
				"edc",
				"gbl",
				"sdc"
			]
		},
		"resourceLocation": {
			"type": "string",
			"metadata": {
				"description": ""
			},
			"allowedValues": [
				"australiaeast",
				"australiasoutheast"
			]
		},
		"sequence": {
			"type": "string",
			"metadata": {
				"description": "Sequence number (e.g. 01)"
			}
		},
		"sku": {
			"type": "string",
			"metadata": {
				"description": "SKU type to apply to the resource."
			},
			"allowedValues": [
				"Premium",
				"Standard"
			]
		},
		"logAnalyticsWorkspaceId": {
			"type": "string",
			"metadata": {
				"description": "The Workspace Id of the Log Analytic workspace in this environment"
			}
		},
		"vnets": {
			"type": "array"
		},
		"subnets": {
			"type": "array"
		},
		"isSecondary": {
			"type": "bool",
			"defaultValue": false
		},
		"resourceNameIdentifier": {
			"type": "string",
			"defaultValue": "denovo"
		},
		"zoneRedundant": {
			"type": "bool",
			"defaultValue": "false"
		}
	},
	"variables": {
		"tags": {
			"App Name": "[resourceGroup().tags['App Name']]",
			"Cost Centre": "[resourceGroup().tags['Cost Centre']]",
			"Environment": "[resourceGroup().tags['Environment']]",
			"Expiration Date": "[resourceGroup().tags['Expiration Date']]",
			"Maintenance Window": "[resourceGroup().tags['Maintenance Window']]",
			"Owner": "[resourceGroup().tags['Owner']]"
		},
		"resourceName": "[concat(parameters('environment'),'-',parameters('location'),'-',parameters('resourceNameIdentifier'),'-','sb',parameters('sequence'))]",
		"defaultSASKeyName": "RootManageSharedAccessKey",
		"defaultAuthRuleResourceId": "[resourceId('Microsoft.ServiceBus/namespaces/authorizationRules', variables('resourceName'), variables('defaultSASKeyName'))]",
		"namespaceNetworkRuleSetName": "[concat(variables('resourceName'), concat('/', 'default'))]",
		"sbVersion": "2017-04-01"
	},
	"resources": [
		{
			"condition": "[equals(parameters('isSecondary'),'false')]",
			"apiVersion": "2018-01-01-preview",
			"name": "[variables('namespaceNetworkRuleSetName')]",
			"tags": "[union(variables('tags'),parameters('tags'))]",
			"type": "Microsoft.ServiceBus/namespaces/networkruleset",
			"dependsOn": [
				"[variables('resourceName')]"
			],
			"properties": {
				"copy": [
					{
						"name": "virtualNetworkRules",
						"count": "[length(parameters('subnets'))]",
						"input": {
							"subnet": {
								"id": "[concat(parameters('vnets')[copyIndex('virtualNetworkRules')], '/subnets/', parameters('subnets')[copyIndex('virtualNetworkRules')])]"
							},
							"ignoreMissingVnetServiceEndpoint": true
						}
					}
				],
				"defaultAction": "Deny"
			}
		},
		{
			"apiVersion": "2018-01-01-preview",
			"name": "[variables('resourceName')]",
			"location": "[parameters('resourceLocation')]",
			"tags": "[union(variables('tags'),parameters('tags'))]",
			"type": "Microsoft.ServiceBus/namespaces",
			"sku": {
				"name": "[parameters('sku')]",
				"tier": "[parameters('sku')]"
			},
			"properties": {
				"zoneRedundant": "[parameters('zoneRedundant')]",
				"networkAcls": {
					"bypass": "AzureServices",
					"defaultAction": "Deny",
					"copy": [
						{
							"name": "virtualNetworkRules",
							"count": "[length(parameters('subnets'))]",
							"input": {
								"id": "[concat(parameters('vnets')[copyIndex('virtualNetworkRules')], '/subnets/', parameters('subnets')[copyIndex('virtualNetworkRules')])]",
								"action": "Allow"
							}
						}
					]
				}
			},
			"resources": []
		},
		{
			"type": "Microsoft.ServiceBus/namespaces/providers/diagnosticSettings",
			"apiVersion": "2017-05-01-preview",
			"name": "[concat(variables('resourceName'), '/', 'Microsoft.Insights/default')]",
			"location": "[parameters('resourceLocation')]",
			"dependsOn": [
				"[variables('resourceName')]"
			],
			"properties": {
				"workspaceId": "[parameters('logAnalyticsWorkspaceId')]",
				"metrics": [
					{
						"category": "AllMetrics",
						"enabled": true,
						"retentionPolicy": {
							"enabled": false,
							"days": 0
						}
					}
				],
				"logs": [
					{
						"category": "OperationalLogs",
						"enabled": true
					}
				]
			}
		}
	],
	"outputs": {
		"resourceId": {
			"type": "string",
			"value": "[resourceId('Microsoft.ServiceBus/namespaces',variables('resourceName'))]"
		},
		"NamespaceDefaultConnectionString": {
			"type": "string",
			"value": "[listkeys(variables('defaultAuthRuleResourceId'), variables('sbVersion')).primaryConnectionString]"
		},
		"DefaultSharedAccessPolicyPrimaryKey": {
			"type": "string",
			"value": "[listkeys(variables('defaultAuthRuleResourceId'), variables('sbVersion')).primaryKey]"
		}
	}
}
