{
	"$schema": "https://schema.management.azure.com/schemas/2015-01-01/deploymentTemplate.json#",
	"contentVersion": "1.0.0.0",
	"parameters": {
		"tags": {
			"type": "object",
			"metadata": {
				"description": "Override or add additional tags than the defaults"
			}
		},
		"environment": {
			"type": "string",
			"metadata": {
				"description": "Environment the resource belongs to"
			}
		},
		"location": {
			"type": "string",
			"metadata": {
				"description": "Location the resource is deployed to"
			},
			"allowedValues": [
				"edc",
				"gbl",
				"sdc"
			]
		},
		"networkAclDefaultAction": {
			"type": "string",
			"metadata": {
				"description": ""
			},
			"allowedValues": [
				"Allow",
				"Deny"
			]
		},
		"qualifier": {
			"type": "string",
			"metadata": {
				"description": "Qualifier to identify the purpose of the resource"
			}
		},
		"resourceLocation": {
			"type": "string",
			"metadata": {
				"description": ""
			},
			"allowedValues": [
				"australiaeast",
				"australiasoutheast"
			]
		},
		"sequence": {
			"type": "string",
			"metadata": {
				"description": "Sequence number (e.g. 01)"
			}
		},
		"storageAccountType": {
			"type": "string",
			"metadata": {
				"description": "Storage account type to apply to the resource."
			},
			"allowedValues": [
				"Standard_GRS",
				"Standard_LRS",
				"Standard_ZRS"
			]
		},
		"vnets": {
			"type": "array"
		},
		"subnets": {
			"type": "array"
		},
		"resourceNameIdentifier": {
			"type": "string",
			"defaultValue": "denovo"
		}
	},
	"variables": {
		"tags": {
			"App Name": "[resourceGroup().tags['App Name']]",
			"Cost Centre": "[resourceGroup().tags['Cost Centre']]",
			"Environment": "[resourceGroup().tags['Environment']]",
			"Expiration Date": "[resourceGroup().tags['Expiration Date']]",
			"Maintenance Window": "[resourceGroup().tags['Maintenance Window']]",
			"Owner": "[resourceGroup().tags['Owner']]"
		},
		"resourceName": "[concat(parameters('environment'),parameters('location'),parameters('resourceNameIdentifier'),parameters('qualifier'),parameters('sequence'))]",
		"storageResourceGroupName": "[resourceGroup().name]",
		"storageSubscriptionId": "[subscription().subscriptionId]"
	},
	"resources": [
		{
			"name": "[variables('resourceName')]",
			"type": "Microsoft.Storage/storageAccounts",
			"apiVersion": "2018-07-01",
			"location": "[parameters('resourceLocation')]",
			"tags": "[union(variables('tags'),parameters('tags'))]",
			"kind": "StorageV2",
			"sku": {
				"name": "[parameters('storageAccountType')]",
				"tier": "Standard"
			},
			"properties": {
				"accessTier": "Hot",
				"supportsHttpsTrafficOnly": true,
				"networkAcls": {
					"bypass": "AzureServices",
					"defaultAction": "[parameters('networkAclDefaultAction')]",
					"copy": [
						{
							"name": "virtualNetworkRules",
							"count": "[length(parameters('subnets'))]",
							"input": {
								"id": "[concat(parameters('vnets')[copyIndex('virtualNetworkRules')], '/subnets/', parameters('subnets')[copyIndex('virtualNetworkRules')])]",
								"action": "Allow"
							}
						}
					]
				}
			},
			"resources": []
		}
	],
	"outputs": {
		"resourceName": {
			"type": "string",
			"value": "[variables('resourceName')]"
		},
		"resourceId": {
			"type": "string",
			"value": "[resourceId('Microsoft.Storage/storageAccounts',variables('resourceName'))]"
		}
	}
}
