{
  "$schema": "https://schema.management.azure.com/schemas/2019-04-01/deploymentParameters.json#",
  "contentVersion": "1.0.0.0",
  "parameters": {
    "sasToken": {
      "value": ""
    },
    "storageUri": {
      "value": ""
    },
    "environmentName": {
      "value": ""
    },
    "tags": {
      "value": {
      }
    },
    "resourceExpiryDate": {
      "value": ""
    },
    "projectName": {
      "value": ""
    },
    "ipSecurityRestrictions": {
      "value": [
        {
          "ipAddress": "Any",
          "action": "Allow",
          "priority": 1,
          "name": "Allow all",
          "description": "Allow all access"
        }
      ]
    },
    "brand": {
      "value": ""
    },
    "region": {
      "value": ""
    },
    "serviceBusTopics": {
      "value": [
        {
          "topicName": "t37directdebit",
          "properties": {
            "requiresDuplicateDetection": "false",
            "duplicateDetectionHistoryTimeWindow": "PT10M",
            "defaultMessageTimeToLive": "PT336H",
            "enablePartitioning": false
          }
        }
      ]
    },
    "serviceBusTopicEnable": {
      "value": true
    },

    "tableNames": {
      "value": [
        "DirectDebits"
      ]
    }
  }
}