{
	"$schema": "https://schema.management.azure.com/schemas/2019-04-01/deploymentTemplate.json#",
	"contentVersion": "1.0.0.0",
	"parameters": {
		"tags": {
			"type": "object",
			"metadata": {
				"description": "Override or add additional tags than the defaults"
			}
		},
		"environment": {
			"type": "string",
			"metadata": {
				"description": "Environment the resource is deployed to"
			}
		},
		"location": {
			"type": "string",
			"metadata": {
				"description": "Location the resource is deployed to"
			},
			"allowedValues": [
				"edc",
				"gbl",
				"sdc"
			]
		},
		"publisherEmail": {
			"type": "string",
			"metadata": {
				"description": "The email address of the owner of the service"
			}
		},
		"publisherName": {
			"type": "string",
			"metadata": {
				"description": "The name of the owner of the service"
			}
		},
		"resourceLocation": {
			"type": "string",
			"metadata": {
				"description": ""
			},
			"allowedValues": [
				"australiaeast",
				"australiasoutheast"
			]
		},
		"sequence": {
			"type": "string",
			"metadata": {
				"description": "Sequence number (e.g. 01)"
			}
		},
		"sku": {
			"type": "string",
			"metadata": {
				"description": "The pricing tier of this API Management service."
			},
			"allowedValues": [
				"Developer",
				"Premium",
				"Standard"
			]
		},
		"skuCount": {
			"type": "int",
			"metadata": {
				"description": "The instance size of this API Management service."
			}
		},
		"subnetName": {
			"type": "string",
			"metadata": {
				"description": "Subnet name to deploy to"
			}
		},
		"virtualNetworkType": {
			"type": "string",
			"metadata": {
				"description": "The network configuration for the APIM"
			},
			"allowedValues": [
				"External",
				"Internal",
				"None"
			]
		},
		"vnetResourceId": {
			"type": "string",
			"metadata": {
				"description": "Resource ID for the VNET to deploy to"
			}
		},
		"diagnosticLogAnalyticsResourceId": {
			"type": "string",
			"metadata": {
				"description": "Log analytics resource id"
			}
		},
		"appInsightsResourceId": {
			"type": "string",
			"metadata": {
				"description": "Application insights resource id"
			}
		},
		"proxyHostname": {
			"type": "string",
			"metadata": {
				"description": "Hostname for Proxy"
			}
		},
		"proxyHostnameSecretId": {
			"type": "string",
			"metadata": {
				"description": "Keyvault secret id for Proxy"
			}
		},
		"portalHostname": {
			"type": "string",
			"metadata": {
				"description": "Hostname for Portal"
			}
		},
		"portalHostnameSecretId": {
			"type": "string",
			"metadata": {
				"description": "Keyvault secret id for Portal"
			}
		},
		"developerHostname": {
			"type": "string",
			"metadata": {
				"description": "Hostname for DeveloperPortal"
			}
		},
		"developerHostnameSecretId": {
			"type": "string",
			"metadata": {
				"description": "Keyvault secret id for DeveloperPortal"
			}
		},
		"resourceNameIdentifier": {
			"type": "string",
			"defaultValue": "shareddedicated"
		}
	},
	"variables": {
		"tags": {
			"App Name": "[resourceGroup().tags['App Name']]",
			"Cost Centre": "[resourceGroup().tags['Cost Centre']]",
			"Environment": "[resourceGroup().tags['Environment']]",
			"Expiration Date": "[resourceGroup().tags['Expiration Date']]",
			"Maintenance Window": "[resourceGroup().tags['Maintenance Window']]",
			"Owner": "[resourceGroup().tags['Owner']]"
		},
		"resourceName": "[concat(parameters('environment'),'-',parameters('location'),'-',parameters('resourceNameIdentifier'),'-','apim',parameters('sequence'))]",
		"vnetResourceId": "[parameters('vnetResourceId')]",
		"subnetName": "[parameters('subnetName')]",
		"apiManagementLoggerSamplingPercentage": "10"
	},
	"resources": [
		{
			"apiVersion": "2018-01-01",
			"name": "[variables('resourceName')]",
			"type": "Microsoft.ApiManagement/service",
			"location": "[parameters('resourceLocation')]",
			"tags": "[union(variables('tags'),parameters('tags'))]",
			"dependsOn": [],
			"sku": {
				"name": "[parameters('sku')]",
				"capacity": "[parameters('skuCount')]"
			},
			"properties": {
				"publisherEmail": "[parameters('publisherEmail')]",
				"publisherName": "[parameters('publisherName')]",
				"virtualNetworkType": "[parameters('virtualNetworkType')]",
				"virtualNetworkConfiguration": {
					"subnetResourceId": "[concat(variables('vnetResourceId'),'/subnets/',variables('subnetName'))]"
				},
				"hostnameConfigurations": [
					{
						"type": "Proxy",
						"hostName": "[parameters('proxyHostname')]",
						"keyVaultId": "[parameters('proxyHostnameSecretId')]",
						"negotiateClientCertificate": true
					},
					{
						"type": "Portal",
						"hostName": "[parameters('portalHostname')]",
						"keyVaultId": "[parameters('portalHostnameSecretId')]"
					},
					{
						"type": "DeveloperPortal",
						"hostName": "[parameters('developerHostname')]",
						"keyVaultId": "[parameters('developerHostnameSecretId')]"
					}
				]
			},
			"identity": {
				"type": "SystemAssigned"
			},
			"resources": [
				{
					"name": "[variables('resourceName')]",
					"type": "loggers",
					"apiVersion": "2018-06-01-preview",
					"properties": {
						"loggerType": "applicationInsights",
						"resourceId": "[parameters('appInsightsResourceId')]",
						"credentials": {
							"instrumentationKey": "[reference(parameters('appInsightsResourceId'), '2014-04-01').instrumentationKey]"
						}
					},
					"dependsOn": [
						"[variables('resourceName')]"
					]
				},
				{
					"name": "applicationinsights",
					"type": "diagnostics",
					"apiVersion": "2019-01-01",
					"properties": {
						"alwaysLog": "allErrors",
						"enableHttpCorrelationHeaders": true,
						"loggerId": "[resourceId('Microsoft.ApiManagement/service/loggers', variables('resourceName'))]",
						"sampling": {
							"samplingType": "fixed",
							"percentage": "[variables('apiManagementLoggerSamplingPercentage')]"
						}
					},
					"dependsOn": [
						"[resourceId('Microsoft.ApiManagement/service', variables('resourceName'))]",
						"[resourceId('Microsoft.ApiManagement/service/loggers', variables('resourceName'))]"
					]
				},
				{
					"name": "[concat(variables('resourceName'), '/', 'Microsoft.Insights/service')]",
					"type": "Microsoft.ApiManagement/service/providers/diagnosticSettings",
					"apiVersion": "2015-07-01",
					"dependsOn": [
						"[variables('resourceName')]"
					],
					"properties": {
						"logs": [
							{
								"category": "GatewayLogs",
								"enabled": true
							}
						],
						"workspaceId": "[parameters('diagnosticLogAnalyticsResourceId')]"
					}
				},
				{
					"type": "Microsoft.ApiManagement/service/portalsettings",
					"apiVersion": "2021-01-01-preview",
					"name": "[concat(variables('resourceName'), '/signup')]",
					"dependsOn": [
						"[resourceId('Microsoft.ApiManagement/service', variables('resourceName'))]"
					],
					"properties": {
						"enabled": false,
						"termsOfService": {
							"enabled": false,
							"consentRequired": false
						}
					}
				}
			]
		}
	],
	"outputs": {
		"resourceName": {
			"type": "string",
			"value": "[variables('resourceName')]"
		},
		"resourceId": {
			"type": "string",
			"value": "[resourceId('Microsoft.ApiManagement/service',variables('resourceName'))]"
		},
		"privateIP": {
			"type": "string",
			"value": "[reference(concat(resourceId('Microsoft.ApiManagement/service/', variables('resourceName')))).privateIPAddresses[0]]"
		}
	}
}