{
	"$schema": "https://schema.management.azure.com/schemas/2015-01-01/deploymentTemplate.json#",
	"contentVersion": "1.0.0.0",
	"parameters": {
		"tags": {
			"type": "object",
			"metadata": {
				"description": "Override or add additional tags than the defaults"
			}
		},
		"backendIpAddress": {
			"type": "string",
			"metadata": {
				"description": "The internal IP address of the API Management instance"
			}
		},
		"capacity": {
			"type": "int",
			"metadata": {
				"description": "The instance size of this Application Gateway service."
			}
		},
		"environment": {
			"type": "string",
			"metadata": {
				"description": "Environment the resource is deployed to"
			}
		},
		"hostNameAPI": {
			"type": "string",
			"metadata": {
				"description": "The hostname of the API gateway"
			}
		},
		"hostNameGateway": {
			"type": "array",
			"metadata": {
				"description": "The hostnames of the API gateway"
			}
		},
		"keyVaultSecretIdAPI": {
			"type": "string",
			"metadata": {
				"description": "The secret ID of the certificate to use for the API gateway listener"
			}
		},
		"location": {
			"type": "string",
			"metadata": {
				"description": "Location the resource is deployed to"
			},
			"allowedValues": [
				"edc",
				"gbl",
				"sdc"
			]
		},
		"pipResourceId": {
			"type": "string",
			"metadata": {
				"description": "Resource ID of the public IP address"
			}
		},
		"resourceLocation": {
			"type": "string",
			"metadata": {
				"description": ""
			},
			"allowedValues": [
				"australiaeast",
				"australiasoutheast"
			]
		},
		"sequence": {
			"type": "string",
			"metadata": {
				"description": "Sequence number (e.g. 01)"
			}
		},
		"skuName": {
			"type": "string",
			"metadata": {
				"description": "The SKU name of this Application Gateway service."
			},
			"allowedValues": [
				"Standard_Large",
				"Standard_Medium",
				"Standard_Small",
				"Standard_V2",
				"WAF_Large",
				"WAF_Medium",
				"WAF_V2"
			]
		},
		"skuTier": {
			"type": "string",
			"metadata": {
				"description": "The SKU tier of this Application Gateway service."
			},
			"allowedValues": [
				"Standard",
				"Standard_V2",
				"WAF",
				"WAF_V2"
			]
		},
		"subnetName": {
			"type": "string",
			"metadata": {
				"description": "Subnet name to deploy to"
			}
		},
		"userAssignedIdentityName": {
			"type": "string",
			"metadata": {
				"description": "The name of the user assigned identity to use to retrieve certificates from the key vault"
			}
		},
		"userAssignedIdentityResourceGroup": {
			"type": "string",
			"metadata": {
				"description": "The resource group name of the user assigned identity"
			}
		},
		"vnetResourceId": {
			"type": "string",
			"metadata": {
				"description": "Resource Id for the VNET to deploy to"
			}
		},
		"resourceNameIdentifier": {
			"type": "string",
			"defaultValue": "vma"
		},
		"diagnosticLogAnalytics1ResourceId": {
			"type": "string",
			"metadata": {
				"description": "Log analytics resource id"
			}
		},
		"diagnosticLogAnalytics2ResourceId": {
			"type": "string",
			"metadata": {
				"description": "Log analytics resource id"
			}
		},
		"diagnosticLogAnalytics2Location": {
			"type": "string",
			"metadata": {
				"description": "Location of Log Workspace 2"
			}
		},
		"eventHubLogAuthorizationRuleId": {
			"type": "string",
			"metadata": {
				"description": "Log related Event Hub Rule"
			}
		},
		"hubNameLog": {
			"type": "string",
			"metadata": {
				"description": "Log related Hub Name"
			}
		},
		"eventHubMetricsAuthorizationRuleId": {
			"type": "string",
			"metadata": {
				"description": "Metric related Event Hub Rule"
			}
		},
		"hubNameMetrics": {
			"type": "string",
			"metadata": {
				"description": "Metric related Hub Name"
			}
		},
		"setMinTLS12": {
            "type": "Bool",
            "defaultValue": false,
			"metadata": {
				"description": "Set TLS 1.2 and apply cipher suite rules"
			}
		}
	},
	"variables": {
		"tags": {
			"App Name": "[resourceGroup().tags['App Name']]",
			"Cost Centre": "[resourceGroup().tags['Cost Centre']]",
			"Environment": "[resourceGroup().tags['Environment']]",
			"Expiration Date": "[resourceGroup().tags['Expiration Date']]",
			"Maintenance Window": "[resourceGroup().tags['Maintenance Window']]",
			"Owner": "[resourceGroup().tags['Owner']]"
		},
		"resourceName": "[concat(parameters('environment'),'-',parameters('location'),'-',parameters('resourceNameIdentifier'),'-','appgw',parameters('sequence'))]",
		"vnetResourceId": "[parameters('vnetResourceId')]",
		"subnetName": "[parameters('subnetName')]",
		"subnetResourceId": "[concat(variables('vnetResourceId'),'/subnets/',variables('subnetName'))]",
		"publicIPResourceId": "[parameters('pipResourceId')]",
		"applicationGatewayID": "[resourceId('Microsoft.Network/applicationGateways',variables('resourceName'))]",
		"diagnosticNameWorkspace1": "appgw-log-loganalytics",
		"diagnosticNameWorkspace2": "[concat(resourceGroup().name,'_', variables('resourceName'))]",
		"diagnosticEventLogName": "[concat(resourceGroup().name,'_', variables('resourceName'), '_log')]",
		"diagnosticEventMetricsName": "[concat(resourceGroup().name,'_', variables('resourceName'), '_metrics')]"
	},
	"resources": [
		{
			"apiVersion": "2021-02-01",
			"name": "[variables('resourceName')]",
			"type": "Microsoft.Network/applicationGateways",
			"location": "[parameters('resourceLocation')]",
			"tags": "[union(variables('tags'),parameters('tags'))]",
			"identity": {
				"type": "UserAssigned",
				"userAssignedIdentities": {
					"[resourceID(parameters('userassignedidentityresourcegroup'), 'Microsoft.ManagedIdentity/userAssignedIdentities/', parameters('userassignedidentityname'))]": {}
				}
			},
			"properties": {
				"sku": {
					"name": "[parameters('skuName')]",
					"tier": "[parameters('skuTier')]",
					"capacity": "[parameters('capacity')]"
				},
				"sslCertificates": [
					{
						"name": "appGatewaySslCertAPI",
						"properties": {
							"keyVaultSecretId": "[parameters('keyVaultSecretIdAPI')]"
						}
					}
				],
				"gatewayIPConfigurations": [
					{
						"name": "appGatewayIpConfig",
						"properties": {
							"subnet": {
								"id": "[variables('subnetResourceId')]"
							}
						}
					}
				],
				"frontendIPConfigurations": [
					{
						"name": "appGatewayFrontendIP",
						"properties": {
							"PublicIPAddress": {
								"id": "[variables('publicIPResourceId')]"
							}
						}
					}
				],
				"frontendPorts": [
					{
						"name": "appGatewayFrontendPort",
						"properties": {
							"Port": 443
						}
					}
				],
				"backendAddressPools": [
					{
						"name": "appGatewayBackendPool",
						"properties": {
							"BackendAddresses": [
								{
									"IpAddress": "[parameters('backendIpAddress')]"
								}
							]
						}
					}
				],
				"backendHttpSettingsCollection": [
					{
						"name": "apiHTTP",
						"properties": {
							"port": 443,
							"protocol": "Https",
							"cookieBasedAffinity": "Disabled",
							"hostName": "[parameters('hostNameAPI')]",
							"pickHostNameFromBackendAddress": false,
							"affinityCookieName": "ApplicationGatewayAffinity",
							"requestTimeout": 120,
							"probe": {
								"id": "[concat(resourceId('Microsoft.Network/applicationGateways', variables('resourceName')), '/probes/api-probe')]"
							}
						}
					}
				],
				"httpListeners": [
					{
						"name": "appGatewayHttpListenerAPI",
						"properties": {
							"FrontendIPConfiguration": {
								"Id": "[concat(variables('applicationGatewayID'), '/frontendIPConfigurations/appGatewayFrontendIP')]"
							},
							"FrontendPort": {
								"Id": "[concat(variables('applicationGatewayID'), '/frontendPorts/appGatewayFrontendPort')]"
							},
							"Protocol": "Https",
							"SslCertificate": {
								"Id": "[concat(variables('applicationGatewayID'), '/sslCertificates/appGatewaySslCertAPI')]"
							},
							"RequireServerNameIndication": true,
							"copy": [
								{
								  "name": "HostNames",
								  "count": "[length(parameters('hostNameGateway'))]",
								  "input": "[parameters('hostNameGateway')[copyIndex('HostNames')]]"
								}
							]
						}
					}
				],
				"requestRoutingRules": [
					{
						"Name": "rule1",
						"properties": {
							"RuleType": "Basic",
							"httpListener": {
								"id": "[concat(variables('applicationGatewayID'), '/httpListeners/appGatewayHttpListenerAPI')]"
							},
							"backendAddressPool": {
								"id": "[concat(variables('applicationGatewayID'), '/backendAddressPools/appGatewayBackendPool')]"
							},
							"backendHttpSettings": {
								"id": "[concat(variables('applicationGatewayID'), '/backendHttpSettingsCollection/apiHTTP')]"
							}
						}
					}
				],
				"probes": [
					{
						"name": "api-probe",
						"properties": {
							"protocol": "Https",
							"path": "/status-0123456789abcdef",
							"interval": 30,
							"timeout": 30,
							"unhealthyThreshold": 3,
							"pickHostNameFromBackendHttpSettings": true,
							"minServers": 0,
							"match": {
								"statusCodes": [
									"200-399"
								]
							}
						}
					}
				],
				"sslPolicy": {
                    "policyType": "Custom",
                    "minProtocolVersion": "TLSv1_2",
                    "cipherSuites": [
                        "TLS_RSA_WITH_AES_256_CBC_SHA256",
                        "TLS_ECDHE_RSA_WITH_AES_256_CBC_SHA384",
                        "TLS_ECDHE_RSA_WITH_AES_128_GCM_SHA256",
                        "TLS_ECDHE_RSA_WITH_AES_128_CBC_SHA256",
                        "TLS_DHE_RSA_WITH_AES_128_GCM_SHA256",
                        "TLS_RSA_WITH_AES_128_GCM_SHA256",
                        "TLS_RSA_WITH_AES_128_CBC_SHA256"
                    ]
                }
			}
		},
		{
			"apiVersion": "2021-05-01-preview",
			"name": "[concat(variables('resourceName'), '/Microsoft.Insights/', variables('diagnosticNameWorkspace1'))]",
			"type":"Microsoft.Network/applicationGateways/providers/diagnosticSettings",
			"location": "[parameters('resourceLocation')]",
			"dependsOn": [
				 "[concat('Microsoft.Network/ApplicationGateways/', variables('resourceName'))]"
				],
			"properties":
			{
				"name":"[variables('diagnosticNameWorkspace1')]",
				"workspaceId": "[parameters('diagnosticLogAnalytics1ResourceId')]",
				"logs": [
					{
						"category": "ApplicationGatewayAccessLog",
						"enabled": true,
						"retentionPolicy": {
							"enabled": false,
							"days": 0
						}
					},
					{
						"category": "ApplicationGatewayPerformanceLog",
						"enabled": true,
						"retentionPolicy": {
							"days": 0,
							"enabled": false
						}
					},
					{
						"category": "ApplicationGatewayFirewallLog",
						"enabled": false,
						"retentionPolicy": {
							"days": 0,
							"enabled": false
						}
					}
				],
				"metrics": [
					{
						"category": "AllMetrics",
						"enabled": false,
						"retentionPolicy": {
							"enabled": false,
							"days": 0
						}
					}
				]
			}
		},
		{
			"apiVersion": "2021-05-01-preview",
			"name": "[concat(variables('resourceName'), '/Microsoft.Insights/', variables('diagnosticNameWorkspace2'))]",
			"type":"Microsoft.Network/applicationGateways/providers/diagnosticSettings",
			"location": "[parameters('diagnosticLogAnalytics2Location')]",
			"dependsOn": [
				 "[concat('Microsoft.Network/ApplicationGateways/', variables('resourceName'))]"
				],
			"properties":
			{
				"name":"[variables('diagnosticNameWorkspace2')]",
				"workspaceId": "[parameters('diagnosticLogAnalytics2ResourceId')]",
				"logs": [
					{
						"category": "ApplicationGatewayAccessLog",
						"enabled": true,
						"retentionPolicy": {
							"enabled": false,
							"days": 0
						}
					},
					{
						"category": "ApplicationGatewayPerformanceLog",
						"enabled": true,
						"retentionPolicy": {
							"days": 0,
							"enabled": false
						}
					},
					{
						"category": "ApplicationGatewayFirewallLog",
						"enabled": true,
						"retentionPolicy": {
							"days": 0,
							"enabled": false
						}
					}
				],
				"metrics": [
					{
						"category": "AllMetrics",
						"enabled": true,
						"retentionPolicy": {
							"enabled": false,
							"days": 0
						}
					}
				]
			}
		},
		{
			"apiVersion": "2021-05-01-preview",
			"name": "[concat(variables('resourceName'), '/Microsoft.Insights/', variables('diagnosticEventLogName'))]",
			"type":"Microsoft.Network/applicationGateways/providers/diagnosticSettings",
			"location": "[parameters('resourceLocation')]",
			"dependsOn": [
				 "[concat('Microsoft.Network/ApplicationGateways/', variables('resourceName'))]"
				],
			"properties":
			{
				"name":"[variables('diagnosticEventLogName')]",
                "eventHubAuthorizationRuleId":  "[parameters('eventHubLogAuthorizationRuleId')]",
                "eventHubName": "[parameters('hubNameLog')]",
				"logs": [
					{
						"category": "ApplicationGatewayAccessLog",
						"enabled": true,
						"retentionPolicy": {
							"enabled": false,
							"days": 0
						}
					},
					{
						"category": "ApplicationGatewayPerformanceLog",
						"enabled": true,
						"retentionPolicy": {
							"days": 0,
							"enabled": false
						}
					},
					{
						"category": "ApplicationGatewayFirewallLog",
						"enabled": true,
						"retentionPolicy": {
							"days": 0,
							"enabled": false
						}
					}
				],
				"metrics": [
					{
						"category": "AllMetrics",
						"enabled": false,
						"retentionPolicy": {
							"enabled": false,
							"days": 0
						}
					}
				]
			}
		},
		{
			"apiVersion": "2021-05-01-preview",
			"name": "[concat(variables('resourceName'), '/Microsoft.Insights/', variables('diagnosticEventMetricsName'))]",
			"type":"Microsoft.Network/applicationGateways/providers/diagnosticSettings",
			"location": "[parameters('resourceLocation')]",
			"dependsOn": [
				 "[concat('Microsoft.Network/ApplicationGateways/', variables('resourceName'))]"
				],
			"properties":
			{
				"name":"[variables('diagnosticEventMetricsName')]",
                "eventHubAuthorizationRuleId":  "[parameters('eventHubMetricsAuthorizationRuleId')]",
                "eventHubName": "[parameters('hubNameMetrics')]",
				"logs": [
					{
						"category": "ApplicationGatewayAccessLog",
						"enabled": false,
						"retentionPolicy": {
							"enabled": false,
							"days": 0
						}
					},
					{
						"category": "ApplicationGatewayPerformanceLog",
						"enabled": false,
						"retentionPolicy": {
							"days": 0,
							"enabled": false
						}
					},
					{
						"category": "ApplicationGatewayFirewallLog",
						"enabled": false,
						"retentionPolicy": {
							"days": 0,
							"enabled": false
						}
					}
				],
				"metrics": [
					{
						"category": "AllMetrics",
						"enabled": true,
						"retentionPolicy": {
							"enabled": false,
							"days": 0
						}
					}
				]
			}
		}
	]
}
