{
    "$schema": "https://schema.management.azure.com/schemas/2015-01-01/deploymentTemplate.json#",
    "contentVersion": "1.0.0.0",
    "parameters": {
        "tags": {
            "type": "object",
            "metadata": {
                "description": "Override or add additional tags than the defaults"
            }
        },
        "environment": {
            "type": "string",
            "metadata": {
                "description": "Environment the resource is deployed to"
            }
        },
        "location": {
            "type": "string",
            "metadata": {
                "description": "Location the resource is deployed to"
            },
            "allowedValues": [
                "edc",
                "gbl",
                "sdc"
            ]
        },
        "resourceLocation": {
            "type": "string",
            "metadata": {
                "description": ""
            },
            "allowedValues": [
                "australiaeast",
                "australiasoutheast"
            ]
        },
        "sequence": {
            "type": "string",
            "metadata": {
                "description": "Sequence number (e.g. 01)"
            }
        },
        "skuName": {
            "type": "string",
            "metadata": {
                "description": "SKU type to apply to the resource."
            },
            "allowedValues": [
                "B1",
                "B2",
                "B3",
                "D1",
                "F1",
                "I1",
                "I2",
                "I3",
                "P1V2",
                "P2V2",
                "P3V2",
                "S1",
                "S2",
                "S3",
                "Y1"
            ]
        },
        "appServiceEnvironmentResourceId": {
            "type": "string",
            "metadata": {
                "description": "App service environment resource id"
            }
        },
        "resourceNameIdentifier": {
            "type": "string",
            "defaultValue": "denovo"
        },
        "minimumCapacity": {
            "type": "Int",
            "defaultValue": 1,
            "metadata": {
                "description": "The minimum capacity.  Autoscale engine will ensure the instance count is at least this value."
            }
        },
        "maximumCapacity": {
            "type": "Int",
            "defaultValue": 5,
            "metadata": {
                "description": "The maximum capacity.  Autoscale engine will ensure the instance count is not greater than this value."
            }
        },
        "defaultCapacity": {
            "type": "Int",
            "defaultValue": 1,
            "metadata": {
                "description": "The default capacity.  Autoscale engine will preventively set the instance count to be this value if it can not find any metric data."
            }
        },
        "memoryMetricThresholdToScaleOut": {
            "type": "Int",
            "defaultValue": 70,
            "metadata": {
                "description": "The metric upper threshold.  If the metric value is above this threshold then autoscale engine will initiate scale out action."
            }
        },
        "memoryMetricThresholdToScaleIn": {
            "type": "Int",
            "defaultValue": 50,
            "metadata": {
                "description": "The metric lower threshold.  If the metric value is below this threshold then autoscale engine will initiate scale in action."
            }
        },
        "cpuMetricThresholdToScaleOut": {
            "type": "Int",
            "defaultValue": 70,
            "metadata": {
                "description": "The metric upper threshold.  If the metric value is above this threshold then autoscale engine will initiate scale out action."
            }
        },
        "cpuMetricThresholdToScaleIn": {
            "type": "Int",
            "defaultValue": 50,
            "metadata": {
                "description": "The metric lower threshold.  If the metric value is below this threshold then autoscale engine will initiate scale in action."
            }
        },
        "autoscaleEnabled": {
            "type": "Bool",
            "defaultValue": true,
            "metadata": {
                "description": "A boolean to indicate whether the autoscale policy is enabled or disabled."
            }
        }
    },
    "variables": {
		"tags": {
			"App Name": "[resourceGroup().tags['App Name']]",
			"Cost Centre": "[resourceGroup().tags['Cost Centre']]",
			"Environment": "[resourceGroup().tags['Environment']]",
			"Expiration Date": "[resourceGroup().tags['Expiration Date']]",
			"Maintenance Window": "[resourceGroup().tags['Maintenance Window']]",
			"Owner": "[resourceGroup().tags['Owner']]"
		},
        "svcPlanName": "[concat(parameters('environment'),'-',parameters('location'),'-',parameters('resourceNameIdentifier'),'-','asp',parameters('sequence'))]",
        "settingName": "[concat(toLower(variables('svcPlanName')), '-setting')]",
        "targetResourceId": "[resourceId('Microsoft.Web/serverFarms/', variables('svcPlanName'))]"
    },
    "resources": [
        {
            "type": "Microsoft.Web/serverfarms",
            "apiVersion": "2016-09-01",
            "name": "[variables('svcPlanName')]",
            "location": "[parameters('resourceLocation')]",
            "tags": "[union(variables('tags'),parameters('tags'))]",
            "properties": {
                "name": "[variables('svcPlanName')]",
                "perSiteScaling": true,
                "hostingEnvironmentProfile": {
                    "id": "[parameters('appServiceEnvironmentResourceId')]"
                }
            },
            "sku": {
                "name": "[parameters('skuName')]",
                "tier": "Isolated"
            }
        },
        {
            "type": "Microsoft.Insights/autoscalesettings",
            "name": "[variables('settingName')]",
            "dependsOn": [
                "[resourceId('Microsoft.Web/serverfarms', variables('svcPlanName'))]"
            ],
            "apiVersion": "2014-04-01",
            "location": "[resourceGroup().location]",
            "properties": {
                "profiles": [
                    {
                        "name": "DefaultAutoscaleProfile",
                        "capacity": {
                            "minimum": "[parameters('minimumCapacity')]",
                            "maximum": "[parameters('maximumCapacity')]",
                            "default": "[parameters('defaultCapacity')]"
                        },
                        "rules": [
                            {
                                "metricTrigger": {
                                    "metricName": "CpuPercentage",
                                    "metricNamespace": "",
                                    "metricResourceUri": "[variables('targetResourceId')]",
                                    "timeGrain": "PT1M",
                                    "statistic": "Average",
                                    "timeWindow": "PT5M",
                                    "timeAggregation": "Average",
                                    "operator": "GreaterThan",
                                    "threshold": "[parameters('cpuMetricThresholdToScaleOut')]"
                                },
                                "scaleAction": {
                                    "direction": "Increase",
                                    "type": "ChangeCount",
                                    "value": 1,
                                    "cooldown": "PT10M"
                                }
                            },
                            {
                                "metricTrigger": {
                                    "metricName": "CpuPercentage",
                                    "metricNamespace": "",
                                    "metricResourceUri": "[variables('targetResourceId')]",
                                    "timeGrain": "PT1M",
                                    "statistic": "Average",
                                    "timeWindow": "PT10M",
                                    "timeAggregation": "Average",
                                    "operator": "LessThan",
                                    "threshold": "[parameters('cpuMetricThresholdToScaleIn')]"
                                },
                                "scaleAction": {
                                    "direction": "Decrease",
                                    "type": "ChangeCount",
                                    "value": 1,
                                    "cooldown": "PT10M"
                                }
                            },
                            {
                                "metricTrigger": {
                                    "metricName": "MemoryPercentage",
                                    "metricNamespace": "",
                                    "metricResourceUri": "[variables('targetResourceId')]",
                                    "timeGrain": "PT1M",
                                    "statistic": "Average",
                                    "timeWindow": "PT5M",
                                    "timeAggregation": "Average",
                                    "operator": "GreaterThan",
                                    "threshold": "[parameters('memoryMetricThresholdToScaleOut')]"
                                },
                                "scaleAction": {
                                    "direction": "Increase",
                                    "type": "ChangeCount",
                                    "value": 1,
                                    "cooldown": "PT10M"
                                }
                            },
                            {
                                "metricTrigger": {
                                    "metricName": "MemoryPercentage",
                                    "metricNamespace": "",
                                    "metricResourceUri": "[variables('targetResourceId')]",
                                    "timeGrain": "PT1M",
                                    "statistic": "Average",
                                    "timeWindow": "PT10M",
                                    "timeAggregation": "Average",
                                    "operator": "LessThan",
                                    "threshold": "[parameters('memoryMetricThresholdToScaleIn')]"
                                },
                                "scaleAction": {
                                    "direction": "Decrease",
                                    "type": "ChangeCount",
                                    "value": 1,
                                    "cooldown": "PT10M"
                                }
                            }
                        ]
                    }
                ],
                "enabled": "[parameters('autoscaleEnabled')]",
                "targetResourceUri": "[variables('targetResourceId')]"
            }
        }
    ],
    "outputs": {
        "svcPlanName": {
            "type": "string",
            "value": "[variables('svcPlanName')]"
        },
        "resourceId": {
            "type": "string",
            "value": "[resourceId('Microsoft.Web/serverfarms',variables('svcPlanName'))]"
        }
    }
}