{
	"$schema": "https://schema.management.azure.com/schemas/2015-01-01/deploymentTemplate.json#",
	"contentVersion": "1.0.0.0",
	"parameters": {
		"tags": {
			"type": "object",
			"metadata": {
				"description": "Override or add additional tags than the defaults"
			}
		},
		"environment": {
			"type": "string",
			"metadata": {
				"description": "Environment the resource is deployed to"
			}
		},
		"location": {
			"type": "string",
			"metadata": {
				"description": "Location the resource is deployed to"
			},
			"allowedValues": [
				"edc",
				"gbl",
				"sdc"
			]
		},
		"resourceLocation": {
			"type": "string",
			"metadata": {
				"description": ""
			},
			"allowedValues": [
				"australiaeast",
				"australiasoutheast"
			]
		},
		"sequence": {
			"type": "string",
			"metadata": {
				"description": "Sequence number (e.g. 01)"
			}
		},
		"skuName": {
			"type": "string",
			"metadata": {
				"description": "SKU type to apply to the resource."
			},
			"allowedValues": [
				"B1",
				"B2",
				"B3",
				"D1",
				"F1",
				"I1",
				"I2",
				"I3",
				"P1V2",
				"P2V2",
				"P3V2",
				"S1",
				"S2",
				"S3",
				"Y1"
			]
		},
		"appServiceEnvironmentResourceId": {
			"type": "string",
			"metadata": {
				"description": "App service environment resource id"
			}
		},
		"resourceNameIdentifier": {
			"type": "string",
			"defaultValue": "denovo"
		}
	},
	"variables": {
		"tags": {
			"App Name": "[resourceGroup().tags['App Name']]",
			"Cost Centre": "[resourceGroup().tags['Cost Centre']]",
			"Environment": "[resourceGroup().tags['Environment']]",
			"Expiration Date": "[resourceGroup().tags['Expiration Date']]",
			"Maintenance Window": "[resourceGroup().tags['Maintenance Window']]",
			"Owner": "[resourceGroup().tags['Owner']]"
		},
		"resourceName": "[concat(parameters('environment'),'-',parameters('location'),'-',parameters('resourceNameIdentifier'),'-','asp',parameters('sequence'))]"
	},
	"resources": [
		{
			"type": "Microsoft.Web/serverfarms",
			"apiVersion": "2016-09-01",
			"name": "[variables('resourceName')]",
			"location": "[parameters('resourceLocation')]",
			"tags": "[union(variables('tags'),parameters('tags'))]",
			"properties": {
				"name": "[variables('resourceName')]",
				"perSiteScaling": true,
				"hostingEnvironmentProfile": {
					"id": "[parameters('appServiceEnvironmentResourceId')]"
				}
			},
			"sku": {
				"name": "[parameters('skuName')]",
				"tier": "Isolated"
			}
		}
	],
	"outputs": {
		"resourceName": {
			"type": "string",
			"value": "[variables('resourceName')]"
		},
		"resourceId": {
			"type": "string",
			"value": "[resourceId('Microsoft.Web/serverfarms',variables('resourceName'))]"
		}
	}
}
