{
	"$schema": "https://schema.management.azure.com/schemas/2015-01-01/deploymentTemplate.json#",
	"contentVersion": "1.0.0.0",
	"parameters": {
		"tags": {
			"type": "object",
			"metadata": {
				"description": "Override or add additional tags than the defaults"
			}
		},
		"environment": {
			"type": "string",
			"metadata": {
				"description": "Environment the resource is deployed to"
			}
		},
		"internalLoadBalancingMode": {
			"type": "int",
			"metadata": {
				"description": "Internal Load Balancing Mode."
			},
			"allowedValues": [
				0,
				1,
				2,
				3
			]
		},
		"location": {
			"type": "string",
			"metadata": {
				"description": "Location the resource is deployed to"
			},
			"allowedValues": [
				"edc",
				"gbl",
				"sdc"
			]
		},
		"resourceLocation": {
			"type": "string",
			"metadata": {
				"description": ""
			},
			"allowedValues": [
				"australiaeast",
				"australiasoutheast"
			]
		},
		"sequence": {
			"type": "string",
			"metadata": {
				"description": "Sequence number (e.g. 01)"
			}
		},
		"subnetName": {
			"type": "string",
			"metadata": {
				"description": "Subnet name to deploy to"
			}
		},
		"vnetResourceId": {
			"type": "string",
			"metadata": {
				"description": "Resource ID for the VNET to deploy to"
			}
		},
		"resourceNameIdentifier": {
			"type": "string",
			"defaultValue": "vma"
		}
	},
	"variables": {
		"tags": {
			"App Name": "[resourceGroup().tags['App Name']]",
			"Cost Centre": "[resourceGroup().tags['Cost Centre']]",
			"Environment": "[resourceGroup().tags['Environment']]",
			"Expiration Date": "[resourceGroup().tags['Expiration Date']]",
			"Maintenance Window": "[resourceGroup().tags['Maintenance Window']]",
			"Owner": "[resourceGroup().tags['Owner']]"
		},
		"resourceName": "[concat(parameters('environment'),'-',parameters('location'),'-',parameters('resourceNameIdentifier'),'-','ase',parameters('sequence'))]",
		"vnetResourceId": "[parameters('vnetResourceId')]",
		"subnetName": "[parameters('subnetName')]"
	},
	"resources": [
		{
			"type": "Microsoft.Web/hostingEnvironments",
			"apiVersion": "2020-12-01",
			"name": "[variables('resourceName')]",
			"location": "[parameters('resourceLocation')]",
			"kind": "ASEV2",
			"tags": "[union(variables('tags'),parameters('tags'))]",
			"dependsOn": [],
			"properties": {
				"name": "[variables('resourceName')]",
				"internalLoadBalancingMode": "[parameters('internalLoadBalancingMode')]",
				"virtualNetwork": {
					"Id": "[concat(variables('vnetResourceId'),'/subnets/',variables('subnetName'))]"
				}
			},
			"resources": []
		}
	],
	"outputs": {
		"resourceName": {
			"type": "string",
			"value": "[variables('resourceName')]"
		},
		"resourceId": {
			"type": "string",
			"value": "[resourceId('Microsoft.Web/hostingEnvironments',variables('resourceName'))]"
		}
	}
}