{
	"$schema": "https://schema.management.azure.com/schemas/2015-01-01/deploymentTemplate.json#",
	"contentVersion": "1.0.0.0",
	"parameters": {
		"tags": {
			"type": "object",
			"metadata": {
				"description": "Override or add additional tags than the defaults"
			}
		},
		"allocation": {
			"type": "string",
			"metadata": {
				"description": "allocation type of IP address"
			},
			"allowedValues": [
				"Dynamic",
				"Static"
			]
		},
		"environment": {
			"type": "string",
			"metadata": {
				"description": "Environment the resource is deployed to"
			}
		},
		"location": {
			"type": "string",
			"metadata": {
				"description": "Location the resource is deployed to"
			},
			"allowedValues": [
				"edc",
				"gbl",
				"sdc"
			]
		},
		"resourceLocation": {
			"type": "string",
			"metadata": {
				"description": ""
			},
			"allowedValues": [
				"australiaeast",
				"australiasoutheast"
			]
		},
		"sequence": {
			"type": "string",
			"metadata": {
				"description": "Sequence number (e.g. 01)"
			}
		},
		"skuName": {
			"type": "string",
			"metadata": {
				"description": "The pricing tier of this Application Gateway service."
			},
			"allowedValues": [
				"Basic",
				"Standard"
			]
		},
		"resourceNameIdentifier": {
			"type": "string",
			"defaultValue": "vma"
		}
	},
	"variables": {
		"tags": {
			"App Name": "[resourceGroup().tags['App Name']]",
			"Cost Centre": "[resourceGroup().tags['Cost Centre']]",
			"Environment": "[resourceGroup().tags['Environment']]",
			"Expiration Date": "[resourceGroup().tags['Expiration Date']]",
			"Maintenance Window": "[resourceGroup().tags['Maintenance Window']]",
			"Owner": "[resourceGroup().tags['Owner']]"
		},
		"resourceName": "[concat(parameters('environment'),'-',parameters('location'),'-',parameters('resourceNameIdentifier'),'-','pip',parameters('sequence'))]"
	},
	"resources": [
		{
			"type": "Microsoft.Network/publicIPAddresses",
			"apiVersion": "2019-09-01",
			"name": "[variables('resourceName')]",
			"location": "[parameters('resourceLocation')]",
			"tags": "[union(variables('tags'),parameters('tags'))]",
			"sku": {
				"name": "[parameters('skuName')]"
			},
			"properties": {
				"publicIPAddressVersion": "IPv4",
				"publicIPAllocationMethod": "[parameters('allocation')]",
				"idleTimeoutInMinutes": 4,
				"dnsSettings": {
					"domainNameLabel": "[variables('resourceName')]",
					"fqdn": "[concat(variables('resourceName'), '.australiaeast.cloudapp.azure.com')]"
				},
				"ipTags": []
			}
		}
	],
	"outputs": {
		"resourceName": {
			"type": "string",
			"value": "[variables('resourceName')]"
		},
		"resourceId": {
			"type": "string",
			"value": "[resourceId('Microsoft.Network/publicIPAddresses',variables('resourceName'))]"
		}
	}
}