{
	"$schema": "https://schema.management.azure.com/schemas/2015-01-01/deploymentTemplate.json#",
	"contentVersion": "1.0.0.0",
	"parameters": {
		"tags": {
			"type": "object",
			"metadata": {
				"description": "Override or add additional tags than the defaults"
			}
		},
		"backendhostname": {
			"type": "string",
			"metadata": {
				"description": "hostname of the backend services"
			}
		},
		"environment": {
			"type": "string",
			"metadata": {
				"description": "Environment the resource belongs to"
			}
		},
		"sequence": {
			"type": "string",
			"metadata": {
				"description": "Sequence number (e.g. 01)"
			}
		},
		"ep1_Name": {
			"type": "string",
			"metadata": {
				"description": "Name for ep1_Name"
			}
		},
		"ep1_resourceId": {
			"type": "string",
			"metadata": {
				"description": "Resource Id for ep1_Name"
			}
		},
		"ep1_location": {
			"type": "string",
			"metadata": {
				"description": "Location for ep1_Name"
			}
		},
		"ep2_Name": {
			"type": "string",
			"metadata": {
				"description": "Name for ep2_Name"
			}
		},
		"ep2_resourceId": {
			"type": "string",
			"metadata": {
				"description": "Resource Id for ep2_Name"
			}
		},
		"ep2_location": {
			"type": "string",
			"metadata": {
				"description": "Location for ep2_Name"
			}
		},
		"resourceNameIdentifier": {
			"type": "string",
			"defaultValue": "vma"
		}
	},
	"variables": {
		"tags": {
			"App Name": "[resourceGroup().tags['App Name']]",
			"Cost Centre": "[resourceGroup().tags['Cost Centre']]",
			"Environment": "[resourceGroup().tags['Environment']]",
			"Expiration Date": "[resourceGroup().tags['Expiration Date']]",
			"Maintenance Window": "[resourceGroup().tags['Maintenance Window']]",
			"Owner": "[resourceGroup().tags['Owner']]"
		},
		"resourceName": "[concat(parameters('environment'),'-','gbl','-',parameters('resourceNameIdentifier'),'-','tm',parameters('sequence'))]"
	},
	"resources": [
		{
			"type": "Microsoft.Network/trafficManagerProfiles",
			"apiVersion": "2018-04-01",
			"name": "[variables('resourceName')]",
			"location": "global",
			"tags": "[union(variables('tags'),parameters('tags'))]",
			"properties": {
				"profileStatus": "Enabled",
				"trafficRoutingMethod": "Performance",
				"dnsConfig": {
					"relativeName": "[variables('resourceName')]",
					"ttl": 60
				},
				"monitorConfig": {
					"protocol": "HTTPS",
					"port": 443,
					"path": "/status-0123456789abcdef",
					"intervalInSeconds": 30,
					"toleratedNumberOfFailures": 3,
					"timeoutInSeconds": 10,
					"customHeaders": [
						{
							"name": "host",
							"value": "[parameters('backendhostname')]"
						}
					]
				},
				"endpoints": [
					{
						"id": "[concat(resourceId('Microsoft.Network/trafficManagerProfiles', variables('resourceName')), '/azureEndpoints/', parameters('ep1_Name'))]",
						"name": "[parameters('ep1_Name')]",
						"type": "Microsoft.Network/trafficManagerProfiles/azureEndpoints",
						"properties": {
							"endpointStatus": "Enabled",
							"targetResourceId": "[parameters('ep1_resourceId')]",
							"weight": 1,
							"endpointLocation": "[parameters('ep1_location')]"
						}
					},
					{
						"id": "[concat(resourceId('Microsoft.Network/trafficManagerProfiles', variables('resourceName')), '/azureEndpoints/', parameters('ep2_Name'))]",
						"name": "[parameters('ep2_Name')]",
						"type": "Microsoft.Network/trafficManagerProfiles/azureEndpoints",
						"properties": {
							"endpointStatus": "Enabled",
							"targetResourceId": "[parameters('ep2_resourceId')]",
							"weight": 1,
							"endpointLocation": "[parameters('ep2_location')]"
						}
					}
				],
				"trafficViewEnrollmentStatus": "Disabled"
			}
		}
	]
}