{
    "projectName": "pending-directdebit-housekeeping",
    "applicationName": "direct-debit",
    "serviceBusTopics": {
        "serviceBusAuthorizationRule": true,
        "serviceBusSubscription": true
    },
    "webAppConfigurationItems": {
        "value": [
            {
                "name": "AzureFunctionsJobHost__extensions__serviceBus__messageHandlerOptions__maxConcurrentCalls",
                "value": 1
            },
            {
                "name": "AzureFunctionsJobHost__extensions__serviceBus__prefetchCount",
                "value": 0
            }
        ]
    }
}