{
    "$schema": "https://schema.management.azure.com/schemas/2019-04-01/deploymentParameters.json#",
    "contentVersion": "1.0.0.0",
  "parameters": {
    "sasToken": {
      "value": ""
    },
    "storageUri": {
      "value": ""
    },
    "environmentName": {
      "value": ""
    },
    "tags": {
      "value": {
      }
    },
    "resourceExpiryDate": {
      "value": ""
    },
    "projectName": {
      "value": ""
    },
    "ipSecurityRestrictions": {
      "value": [
        {
          "ipAddress": "Any",
          "action": "Allow",
          "priority": 1,
          "name": "Allow all",
          "description": "Allow all access"
        }
      ]
    },
    "brand": {
      "value": ""
    },
    "serviceBusTopics": {
      "value": [
        {
          "topicName": "t37directdebit",
          "properties": {
            "requireDuplicateDetection": "false",
            "duplicateDetectionHistoryTimeWindow": "PT10M",
            "defaultMessageTimeToLive": "PT336H",
            "enablePartitioning": "false"
          }
        }
      ]
    },
    "serviceBusSubscriptions": {
      "value": [
        {
          "subscriptionName": "directdebitmanagement.sp.subscription",
          "topicName": "t37directdebit",
          "properties": {
            "lockDuration": "PT5M",
            "maxDeliveryCount": "10",
            "defaultMessageTimeToLive": "PT336H",
            "enableDeadLetteringOnMessageExpiration": "true",
            "enableDeadLetteringOnFilterEvaluationExceptions": "true"
          }

        }
      ]
    },
    "serviceBusTopicEnable": {
      "value": true
    }
  }
}