{
    "managedApiConnections": {},
    "serviceProviderConnections": {
        "serviceBus": {
            "displayName": "serviceBus-connection",
            "parameterSetName": "ManagedServiceIdentity",
            "parameterValues": {
                "authProvider": {
                    "Type": "ManagedServiceIdentity"
                },
                "fullyQualifiedNamespace": "@appsetting('serviceBus_fullyQualifiedNamespace')"
            },
            "serviceProvider": {
                "id": "/serviceProviders/serviceBus"
            }
        }
    }
}