{
  "ff-enable-citi-accounts": "",
  "ff-enable-citibank-auth": "",
  "ff-enable-ascenda": "",
  "ff-enable-credit-card-bpay": "",
  "ff-enable-citi-partner-id": "",
  "ff-enable-boq-branding-dynamics": "",
  "ff-enable-citibank-documents": "",
  "ff-enable-notice-accounts": "",
  "ff-enable-preferred-branch": "",
  "ff-enable-citibank-account": "",
  "ff-enable-credit-card-to-ascenda": "",
  "ff-enable-NA-partialwithdrawal": "",
  "ff-enable-debit-transaction-type": "",
  "ff-enable-adraa-openbanking": "",
  "ff-exclude-debit-credit-date": "",
  "ff-enable-cuscal-bsb-lookup-services": "",
  "ff-future-development-NA": "",
  "ff-future-development-HL": "",
  "ff-enable-home-loans": "",
  "ff-future-development-CL": "",
  "ff-future-development-nc": "",
  "ff-future-development-cw": "",
  "ff-enable-cdr-events": "",
  "ff-enable-sms-for-abandoned-applications": "",
  "ff-enable-tnc-autoprompt": "",
  "ff-enable-account-posting-restriction-update": "",
  "ff-offload-npp-in": "",
  "ff-enable-accountdetails-requires-level2token": "",
  "ff-enable-applepay-auxiliarycard-support": "",
  "ff-disable-temp-code-for-web-assisted": "",
  "ff-enable-citi-cards": "",
  "ff-enable-genesyscloud": "",
  "ff-future-development-insights": "",
  "ff-enable-citi-applepay": "",
  "ff-enable-device-register-offload": "",
  "ff-enforce-bouncycastle-provider": "",
  "ff-enable-kyc-refresh": "",
  "ff-enable-customer-verification-check": "",
  "ff-enable-customer-migration": "",
  "ff-enable-api-channel-message-completion": "",
  "ff-enable-fraud-check": "",
  "ff-disable-autogenerated-payid": "",
  "ff-enable-legacy-account-updates": "",
  "ff-enable-home-loans-market-launch": "",
  "ff-enable-dbib-app-dynamics": "",
  "ff-enable-dbib-trusteer": "",
  "ff-enable-dbib-adobe-analytics": "",
  "ff-enable-dbib-password-flow": "",
  "ff-enable-cuscal-dateformat-paymentid": "",
  "ff-enable-consent-workflow": "",
  "ff-enable-web-onboarding-status": "",
  "ff-enable-dbib-web-verification-details": "",
  "ff-enable-ciam-update-tnc-at-onboarding": "",
  "ff-enable-paper-notices": "",
  "ff-enable-cep-simple-servicing": "",
  "ff-enable-cuscal-v1-incoming-payments": "",
  "ff-enable-t24-persisted-hl-transaction-event-processing": "",
  "ff-enable-card-updated-event-publish": "",
  "ff-enable-digital-cards": "",
  "ff-enable-get-marketing-preferences": "",
  "ff-enable-benefits-pricing-details": ""
}
