{
  "ff-enable-citi-accounts": [ "VMA", "BOQ", "MEB" ],
  "ff-enable-citibank-auth": [ "VMA", "BOQ", "MEB" ],
  "ff-enable-ascenda": [ "VMA", "BOQ", "MEB" ],
  "ff-enable-credit-card-bpay": [ "VMA", "BOQ", "MEB" ],
  "ff-enable-citi-partner-id": [ "VMA", "BOQ", "MEB" ],
  "ff-enable-boq-branding-dynamics": [ "VMA", "BOQ", "MEB" ],
  "ff-enable-citibank-documents": [ "VMA", "BOQ", "MEB" ],
  "ff-enable-notice-accounts": [ "VMA", "BOQ", "MEB" ],
  "ff-enable-preferred-branch": [ "VMA", "BOQ", "MEB" ],
  "ff-enable-citibank-account": [ "VMA", "BOQ", "MEB" ],
  "ff-enable-credit-card-to-ascenda": [ "VMA", "BOQ", "MEB" ],
  "ff-enable-NA-partialwithdrawal": [ "VMA", "BOQ", "MEB" ],
  "ff-enable-debit-transaction-type": [ "VMA", "BOQ", "MEB" ],
  "ff-enable-adraa-openbanking": [ "VMA", "BOQ", "MEB" ],
  "ff-exclude-debit-credit-date": [ "VMA", "BOQ", "MEB" ],
  "ff-enable-cuscal-bsb-lookup-services": [ "VMA", "BOQ", "MEB" ],
  "ff-future-development-NA": [ "VMA", "BOQ", "MEB" ],
  "ff-future-development-HL": [ "VMA", "BOQ", "MEB" ],
  "ff-enable-home-loans": [ "VMA", "BOQ", "MEB" ],
  "ff-future-development-CL": [ "VMA", "BOQ", "MEB" ],
  "ff-future-development-nc": [ "VMA", "BOQ", "MEB" ],
  "ff-future-development-cw": [ "VMA", "BOQ", "MEB" ],
  "ff-enable-cdr-events": [ "VMA", "BOQ", "MEB" ],
  "ff-enable-sms-for-abandoned-applications": [ "VMA", "BOQ", "MEB" ],
  "ff-enable-tnc-autoprompt": [ "VMA", "BOQ", "MEB" ],
  "ff-enable-account-posting-restriction-update": [ "VMA", "BOQ", "MEB" ],
  "ff-offload-npp-in": [ "VMA", "BOQ", "MEB" ],
  "ff-enable-accountdetails-requires-level2token": [ "VMA", "BOQ", "MEB" ],
  "ff-enable-applepay-auxiliarycard-support": [ "VMA", "BOQ", "MEB" ],
  "ff-disable-temp-code-for-web-assisted": [ "VMA", "BOQ", "MEB" ],
  "ff-enable-citi-cards": [ "VMA", "BOQ", "MEB" ],
  "ff-future-development-insights": [ "VMA", "BOQ", "MEB" ],
  "ff-enable-citi-applepay": [ "VMA", "BOQ", "MEB" ],
  "ff-enable-genesyscloud": [ "VMA", "BOQ", "MEB" ],
  "ff-enable-device-register-offload": [ "VMA", "BOQ", "MEB" ],
  "ff-enforce-bouncycastle-provider": [ "VMA", "BOQ", "MEB" ],
  "ff-enable-kyc-refresh": [ "VMA", "BOQ", "MEB" ],
  "ff-enable-customer-verification-check": [ "VMA", "BOQ", "MEB" ],
  "ff-enable-customer-migration": [ "VMA", "BOQ", "MEB" ],
  "ff-enable-api-channel-message-completion": [ "VMA", "BOQ", "MEB" ],
  "ff-enable-fraud-check": [ "VMA", "BOQ", "MEB" ],
  "ff-disable-autogenerated-payid": [ "VMA", "BOQ", "MEB" ],
  "ff-enable-legacy-account-updates": [ "VMA", "BOQ", "MEB" ],
  "ff-enable-home-loans-market-launch": [ "VMA", "BOQ", "MEB" ],
  "ff-enable-dbib-app-dynamics": [ "VMA", "BOQ", "MEB" ],
  "ff-enable-dbib-trusteer": [ "VMA", "BOQ", "MEB" ],
  "ff-enable-dbib-adobe-analytics": [ "VMA", "BOQ", "MEB" ],
  "ff-enable-dbib-password-flow": [ "VMA", "BOQ", "MEB" ],
  "ff-enable-cuscal-dateformat-paymentid": [ "VMA", "BOQ", "MEB" ],
  "ff-enable-consent-workflow": [ "VMA", "BOQ", "MEB" ],
  "ff-enable-web-onboarding-status": [ "VMA", "BOQ", "MEB" ],
  "ff-enable-dbib-web-verification-details": [ "VMA", "BOQ", "MEB" ],
  "ff-enable-ciam-update-tnc-at-onboarding": [ "VMA", "BOQ", "MEB" ],
  "ff-enable-paper-notices": [ "VMA", "BOQ", "MEB" ],
  "ff-enable-cep-simple-servicing": [ "VMA", "BOQ", "MEB" ],
  "ff-enable-cuscal-v1-incoming-payments": [ "MEB" ],
  "ff-enable-t24-persisted-hl-transaction-event-processing": [ "VMA", "BOQ", "MEB" ],
  "ff-enable-card-updated-event-publish": [ "VMA", "BOQ", "MEB" ],
  "ff-enable-digital-cards": [ "VMA", "BOQ", "MEB" ],
  "ff-enable-get-marketing-preferences": [ "VMA", "BOQ", "MEB" ],
  "ff-enable-benefits-pricing-details": [ "VMA", "BOQ", "MEB" ]
}