{
    "$schema": "https://schema.management.azure.com/schemas/2015-01-01/deploymentTemplate.json#",
    "contentVersion": "1.0.0.0",
    "parameters": {
		"environment": {
			"type": "string",
			"metadata": {
				"description": "Environment the resource belongs to"
			}
		},
		"location": {
			"type": "string",
			"metadata": {
				"description": "Location the resource is deployed to"
			},
			"allowedValues": [
				"edc",
				"gbl",
				"sdc"
			]
		},
		"resourceLocation": {
			"type": "string",
			"metadata": {
				"description": ""
			},
			"allowedValues": [
				"australiaeast",
				"australiasoutheast"
			]
		},
        "webtest_alert_name":{
            "type": "string"
        },
        "app_insights_name":{
            "type": "string"
        },
        "app_insights_rg": {
            "type": "string",
            "defaultValue": "[resourceGroup().name]"
        },
        "webtest_url_host": {
            "type": "string"
        },
        "webtest_url_path": {
            "type": "string"
        },
        "actiongroup_id":{
            "type": "string"
        }
    },
    "variables": {
        "webtest_alert_resource_name": "[concat(parameters('environment'), '-', parameters('location'), '-', 'denovo-webtest-alert-', parameters('webtest_alert_name'))]",
        "webtest_url": "[concat(parameters('webtest_url_host'), parameters('webtest_url_path'))]"
    },
    "resources": [
        {
            "condition": "[not(equals(parameters('actiongroup_id'),''))]",
            "type": "microsoft.insights/metricalerts",
            "apiVersion": "2018-03-01",
            "name": "[variables('webtest_alert_resource_name')]",
            "location": "global",
            "dependsOn": [
                "[resourceId('microsoft.insights/webtests', variables('webtest_alert_resource_name'))]"
            ],
            "tags": {
                "[concat('hidden-link:/subscriptions/',subscription().subscriptionId,'/resourcegroups/', parameters('app_insights_rg') ,'/providers/microsoft.insights/components/', parameters('app_insights_name'))]": "Resource",
                "[concat('hidden-link:/subscriptions/',subscription().subscriptionId,'/resourcegroups/', parameters('app_insights_rg') ,'/providers/microsoft.insights/webtests/', variables('webtest_alert_resource_name'))]": "Resource",
                "App Name": "[resourceGroup().tags['App Name']]",
                "Cost Centre": "[resourceGroup().tags['Cost Centre']]",
                "Environment": "[resourceGroup().tags['Environment']]",
                "Expiration Date": "[resourceGroup().tags['Expiration Date']]",
                "Maintenance Window": "[resourceGroup().tags['Maintenance Window']]",
                "Owner": "[resourceGroup().tags['Owner']]"
            },
            "properties": {
                "description": "[concat('Automatically created alert rule for availability test \"', variables('webtest_alert_resource_name'), '\"')]",
                "severity": 1,
                "enabled": true,
                "scopes": [
                    "[resourceId('microsoft.insights/webtests', variables('webtest_alert_resource_name'))]",
                    "[resourceId('microsoft.insights/components', parameters('app_insights_name'))]"
                ],
                "evaluationFrequency": "PT1M",
                "windowSize": "PT5M",
                "templateType": 0,
                "criteria": {
                    "odata.type": "Microsoft.Azure.Monitor.WebtestLocationAvailabilityCriteria",
                    "webTestId": "[resourceId('Microsoft.Insights/webtests', variables('webtest_alert_resource_name'))]",
                    "componentId": "[resourceId('Microsoft.Insights/components', parameters('app_insights_name'))]",
                    "failedLocationCount": 3
                },
                "actions": [
                    {
                        "actionGroupId": "[parameters('actiongroup_id')]",
                        "webHookProperties": {}
                    }
                ]
            }
        },
        {
            "type": "microsoft.insights/webtests",
            "apiVersion": "2015-05-01",
            "name": "[variables('webtest_alert_resource_name')]",
            "location": "[parameters('resourceLocation')]",
            "tags": {
                "[concat('hidden-link:/subscriptions/',subscription().subscriptionId,'/resourcegroups/', parameters('app_insights_rg') ,'/providers/microsoft.insights/components/', parameters('app_insights_name'))]": "Resource"
            },
            "properties": {
                "SyntheticMonitorId": "[variables('webtest_alert_resource_name')]",
                "Name": "[variables('webtest_alert_resource_name')]",
                "Enabled": true,
                "Frequency": 300,
                "Timeout": 30,
                "Kind": "ping",
                "RetryEnabled": true,
                "Locations": [
                    {
                        "Id": "us-ca-sjc-azr"
                    },
                    {
                        "Id": "apac-sg-sin-azr"
                    },
                    {
                        "Id": "emea-au-syd-edge"
                    }
                ],
                "Configuration": {
                    "WebTest": "[concat('<WebTest         Name=\"',variables('webtest_alert_resource_name'),'\"         Id=\"481eb04b-535d-4c4f-9e36-955727969ed5\"         Enabled=\"True\"         CssProjectStructure=\"\"         CssIteration=\"\"         Timeout=\"120\"         WorkItemIds=\"\"         xmlns=\"http://microsoft.com/schemas/VisualStudio/TeamTest/2010\"         Description=\"\"         CredentialUserName=\"\"         CredentialPassword=\"\"         PreAuthenticate=\"True\"         Proxy=\"default\"         StopOnError=\"False\"         RecordedResultFile=\"\"         ResultsLocale=\"\">        <Items>        <Request         Method=\"GET\"         Guid=\"a5410690-b021-5acc-0cf7-9ba46edbd111\"         Version=\"1.1\"         Url=\"', variables('webtest_url'),'\"         ThinkTime=\"0\"         Timeout=\"30\"         ParseDependentRequests=\"False\"         FollowRedirects=\"True\"         RecordResult=\"True\"         Cache=\"False\"         ResponseTimeGoal=\"0\"         Encoding=\"utf-8\"         ExpectedHttpStatusCode=\"200\"         ExpectedResponseUrl=\"\"         ReportingName=\"\"         IgnoreHttpStatusCode=\"False\" />        </Items>        </WebTest>')]"
                }
            }
        }
    ],
    "outputs": {}
}