{
    "$schema": "https://schema.management.azure.com/schemas/2019-08-01/deploymentTemplate.json#",
    "contentVersion": "1.0.0.0",
    "parameters": {
        "sasToken": {
            "type": "string",
            "metadata": {
                "description": "The SAS token to use with Storage Uri for fetching templates"
            }
        },
        "storageUri": {
            "type": "string",
            "metadata": {
                "description": "The Storage Uri for fetching templates"
            }
        },
        "appResourceGroupName": {
            "type": "string",
            "metadata": {
                "description": "The resource group name"
            },
            "defaultValue": "[resourceGroup().name]"
        },
        "deploymentMode": {
            "type": "string",
            "allowedValues": [
                "Incremental",
                "Complete"
            ],
            "metadata": {
                "description": "The deployment mode"
            },
            "defaultValue": "Incremental"
        },
        "environmentName": {
            "type": "string",
            "metadata": {
                "description": "The environment name"
            }
        },
        "version": {
            "type": "string",
            "defaultValue": "1",
            "metadata": {
                "description": "The build version"
            }
        },
        "branchPath": {
            "type": "string",
            "metadata": {
                "description": "The branch path"
            },
            "defaultValue": ""
        },
        "tags": {
            "type": "object",
            "metadata": {
                "description": "Resource tags"
            }
        },
        "resourceExpiryDate": {
            "type": "string",
            "metadata": {
                "description": "The expiry date for resources"
            }
        },
        "projectName": {
          "type": "string",
          "metadata": {
            "description": "name of the project"
          }
        },
        "serviceBusTopics": {
          "type": "array",
          "metadata": {
            "description": "This object contains name, properties and rights for authorization rule for topic"
          }
        },
        "serviceBusSubscriptions": {
          "type": "array",
          "metadata": {
            "description": "This array contains object containing service bus topic subscription details"
          }
        },
        "serviceBusTopicEnable": {
          "type": "bool",
          "metadata": {
            "description": "set the value to true if topic deployment is required. default value is false"
          },
          "defaultValue": false
        },
        "servicePlanInstance": {
            "type": "string",
            "metadata": {
                "description": "Instance number of the app service plan"
            },
            "defaultValue": "01",
            "minLength": 2
        },
        "subscriptionPrefix": {
            "type": "string",
            "metadata": {
                "description": "Subscription prefix"
            },
            "defaultValue": "dev"
        },
        "ipSecurityRestrictions": {
            "type": "array",
            "metadata": {
                "description": "add different firewall rules for the webapp to this object"
            }
        },
        "brand": {
            "type": "string",
            "metadata": {
                "description": "Name of the brand"
            }
        },
        "brandForConfig": {
            "type": "string",
            "metadata": {
                "description": "Brand Label for app settings"
            }
        },
        "region": {
            "type": "string",
            "metadata": {
                "description": "region code"
            },
            "allowedValues": [
                "edc",
                "sdc"
            ],
            "defaultValue": "edc"
        },
        
        "existingSecretNames": {
            "type": "Array",
            "metadata": {
                "description": "Names of existing secrets in the Application Key Vault"
            },
            "defaultValue": []
        },
        "cacheDuration": {
            "type": "int",
            "metadata": {
                "description": "the amount of time in minutes until local cache is expired and AAC is polled"
            }
        }
    },
  "variables": {
    "templatesUri": "[concat(parameters('storageUri'), '/templates/')]",
    "environmentTags": {
      "AppName": "[parameters('projectName')]",
      "Environment": "[parameters('environmentName')]",
      "Version": "[parameters('version')]"
    },
    "expiryTags": {
      "Source": "[parameters('branchPath')]",
      "Expire At": "[if(variables('useBranchName'),parameters('resourceExpiryDate'), '')]"
    },
    "defaultTags": "[union(parameters('tags'), variables('environmentTags'), variables('expiryTags'))]",
    "sharedResourceTags": "[union(parameters('tags'), variables('environmentTags'))]",
    "branchName": "[last(split(parameters('branchPath'), '/'))]",
    "useBranchName": "[not(or(equals(variables('branchName'),'master'), equals(variables('branchName'),'')))]",
    "deploymentSuffix": "[substring(deployment().name, indexOf(deployment().name, '-'))]",
    "storageDeploymentName": "[concat('storage', variables('deploymentSuffix'))]",
    "appInsightsDeploymentName": "[concat('functionAppInsights', variables('deploymentSuffix'))]",
    "parseVersionDeploymentName": "[concat('parseVersion', variables('deploymentSuffix'))]",
    "funcAppName": "[toLower(if(or(equals(parameters('brand'), 'denovo'), equals(tolower(parameters('brand')), 'vma')), concat(parameters('projectName'), '-func-', parameters('environmentName'), '-01-', parameters('region')), concat(parameters('projectName'), '-func-', parameters('brand'), '-', parameters('environmentName'), '-01-', parameters('region'))))]",
    "funcAppDeploymentName": "[concat('functionApp', variables('deploymentSuffix'))]",
    "funcAppConfigurationDeploymentName": "[concat('functionAppConfiguration', variables('deploymentSuffix'))]",
    "determineRegionDeploymentName": "[concat('determineRegion', variables('deploymentSuffix'))]",
    "appConfigEndpoint": "[concat('https://ac-denovo-', parameters('environmentName'), '-', parameters('region'),'-01.azconfig.io')]",
    "keyVaultName": "[toLower(concat(parameters('environmentName'), '-edc-', parameters('brand'), '-kv01'))]",
    "keyVaultResourceGroup": "[toLower(concat(parameters('subscriptionPrefix'), '-edc-', parameters('brand'), '-', parameters('environmentName'), '-security-rg01'))]",
    "storageSecretDeploymentName": "[concat('storageSecret',parameters('region'), variables('deploymentSuffix'))]",
    "appStorageAccountName": "[toLower(concat(parameters('subscriptionPrefix'), parameters('region'), parameters('brandForConfig'), 'shared', parameters('environmentName'), 'stg01'))]",
    "appStorageAccountResourceGroup": "[toLower(concat(parameters('subscriptionPrefix'), '-', parameters('region'), '-', parameters('brand'), '-', parameters('environmentName'), '-shared-rg01'))]",
    "storageAccountKvSecretName": "[toLower( concat( parameters('projectName'), '-', parameters('region'), '-storage-secret' ) )]",
    "serviceBusName": "[toLower(concat(parameters('environmentName'), '-', parameters('region'),'-', parameters('brand'), '-sb01'))]",
    "serviceBusResourceGroup": "[toLower(concat(parameters('subscriptionPrefix'), '-', parameters('region'), '-', parameters('brand'), '-', parameters('environmentName'), '-shared-rg01'))]",
    "serviceBusTopicDeployment": {
      "copy": [
        {
          "name": "ServiceBusTopic",
          "count": "[length(parameters('serviceBusTopics'))]",
          "input": {
            "deploymentName": "[take(concat('serviceBusTopic-', parameters('serviceBusTopics')[copyIndex('serviceBusTopic')].topicName ,variables('deploymentSuffix')), 64)]"
          }

        }
      ]
    },
    "serviceBusTopicSubscriptionDeployment": {
      "copy": [
        {
          "name": "serviceBusTopicSubscription",
          "count": "[length(parameters('serviceBusSubscriptions'))]",
          "input": {
            "deploymentName": "[take(concat('serviceBusTopicSubscription-', parameters('serviceBusSubscriptions')[copyIndex('serviceBusTopicSubscription')].subscriptionName ,variables('deploymentSuffix')), 64)]"
          }
        }
      ]
    },
    "serviceBusTopicAuthorizationDeployment": {
      "copy": [
        {
          "name": "serviceBusTopic",
          "count": "[length(parameters('serviceBusTopics'))]",
          "input": {
            "deploymentName": "[take(concat('serviceBusTopicAuthorizaion-', parameters('serviceBusTopics')[copyIndex('serviceBusTopic')].topicName ,variables('deploymentSuffix')), 64)]"
          }
        }
      ]
    },
    "rights": [ "Manage", "Send", "Listen" ]
  },
  "resources": [
    // Determine region
    {
      "name": "[variables('determineRegionDeploymentName')]",
      "type": "Microsoft.Resources/deployments",
      "apiVersion": "2019-05-10",
      "comments": "This deployment determines the region for the resource group",
      "condition": true,
      "resourceGroup": "[parameters('appResourceGroupName')]",
      "properties": {
        "mode": "[parameters('deploymentMode')]",
        "templateLink": {
          "contentVersion": "1.0.0.0",
          "uri": "[concat(variables('templatesUri'), 'GetRegion.json', parameters('sasToken'))]"
        }
      }
    },

    // Parse Version
    {
      "name": "[variables('parseVersionDeploymentName')]",
      "type": "Microsoft.Resources/deployments",
      "apiVersion": "2019-05-10",
      "comments": "This deployment parses the semantic version string",
      "condition": true,
      "resourceGroup": "[parameters('appResourceGroupName')]",
      "properties": {
        "mode": "[parameters('deploymentMode')]",
        "parameters": {
          "version": {
            "value": "[parameters('version')]"
          }
        },
        "templateLink": {
          "contentVersion": "1.0.0.0",
          "uri": "[concat(variables('templatesUri'), 'ParseVersion.json', parameters('sasToken'))]"
        }
      }
    },

    // Storage Account
    {
      "name": "[variables('storageDeploymentName')]",
      "type": "Microsoft.Resources/deployments",
      "apiVersion": "2017-05-10",
      "comments": "This deployment creates the storage account for apps",
      "resourceGroup": "[variables('appStorageAccountResourceGroup')]",
      "condition": true,
      "dependsOn": [
        "[concat('Microsoft.Resources/deployments/', variables('parseVersionDeploymentName'))]",
        "[concat('Microsoft.Resources/deployments/', variables('determineRegionDeploymentName'))]"
      ],
      "properties": {
        "mode": "[parameters('deploymentMode')]",
        "parameters": {
          "containerName": {
            "value": ""
          },
          "storageAccountName": {
            "value": "[variables('appStorageAccountName')]"
          },
          "environmentName": {
            "value": "[parameters('environmentName')]"
          },
          "majorVersion": {
            "value": "[reference(concat('Microsoft.Resources/deployments/', variables('parseVersionDeploymentName'))).outputs.major.value]"
          },
          "sharedResourceTags": {
            "value": "[variables('sharedResourceTags')]"
          }
        },
        "templateLink": {
          "contentVersion": "1.0.0.0",
          "uri": "[concat(variables('templatesUri'), 'Create-Storage.json', parameters('sasToken'))]"
        }
      }
    },

    // Add storage connection string to secrets
    {
      "name": "[variables('storageSecretDeploymentName')]",
      "type": "Microsoft.Resources/deployments",
      "apiVersion": "2017-05-10",
      "comments": "This deployment creates the key vault secret for the storage connection string",
      "condition": true,
      "resourceGroup": "[variables('keyVaultResourceGroup')]",
      "dependsOn": [
        "[concat('Microsoft.Resources/deployments/', variables('storageDeploymentName'))]"
      ],
      "properties": {
        "mode": "[parameters('deploymentMode')]",
        "parameters": {
          "keyVaultName": {
            "value": "[variables('keyVaultName')]"
          },
          "secretName": {
            "value": "[variables('storageAccountKvSecretName')]"
          },
          "secretValue": {
            "value": "[concat('DefaultEndpointsProtocol=https;AccountName=', variables('appStorageAccountName'), ';AccountKey=', listKeys(resourceId(variables('appStorageAccountResourceGroup'), 'Microsoft.Storage/storageAccounts', variables('appStorageAccountName')), '2019-06-01').keys[0].value)]"
          },
          "sharedResourceTags": {
            "value": "[variables('defaultTags')]"
          },
          "existingSecretnames": {
            "value": "[parameters('existingSecretNames')]"
          }
        },
        "templateLink": {
          "contentVersion": "1.0.0.0",
          "uri": "[concat(variables('templatesUri'), 'Create-KeyVault-Secret.json', parameters('sasToken'))]"
        }
      }
    },

    // App Insights for web App
    {
      "name": "[variables('appInsightsDeploymentName')]",
      "type": "Microsoft.Resources/deployments",
      "apiVersion": "2019-05-10",
      "comments": "This deployment creates the application insights",
      "resourceGroup": "[parameters('appResourceGroupName')]",
      "dependsOn": [
        "[concat('Microsoft.Resources/deployments/', variables('determineRegionDeploymentName'))]"
      ],
      "properties": {
        "mode": "[parameters('deploymentMode')]",
        "parameters": {
          "applicationInsightsName": {
            "value": "[toLower(concat(parameters('projectName'), '-appins-', parameters('brand'), '-', parameters('environmentName'), '-01-', parameters('region')))]"
          },
          "environmentName": {
            "value": "[parameters('environmentName')]"
          },
          "sharedResourceTags": {
            "value": "[variables('sharedResourceTags')]"
          }
        },
        "templateLink": {
          "contentVersion": "1.0.0.0",
          "uri": "[concat(variables('templatesUri'), 'Create-AppInsights.json', parameters('sasToken'))]"
        }
      }
    },

    // Web app
    {
      "name": "[variables('funcAppDeploymentName')]",
      "type": "Microsoft.Resources/deployments",
      "apiVersion": "2019-05-10",
      "comments": "This deployment creates the web app",
      "resourceGroup": "[parameters('appResourceGroupName')]",
      "dependsOn": [
        "[concat('Microsoft.Resources/deployments/', variables('parseVersionDeploymentName'))]",
        "[concat('Microsoft.Resources/deployments/', variables('determineRegionDeploymentName'))]",
        "[concat('Microsoft.Resources/deployments/', variables('appInsightsDeploymentName'))]",
        "[concat('Microsoft.Resources/deployments/', variables('storageDeploymentName'))]"
      ],
      "properties": {
        "mode": "[parameters('deploymentMode')]",
        "parameters": {
          "funcAppName": {
            "value": "[variables('funcAppName')]"
          },
          "environmentName": {
            "value": "[parameters('environmentName')]"
          },
          "branchPath": {
            "value": "[parameters('branchPath')]"
          },
          "majorVersion": {
            "value": "[reference(concat('Microsoft.Resources/deployments/', variables('parseVersionDeploymentName'))).outputs.major.value]"
          },
          "defaultTags": {
            "value": "[variables('defaultTags')]"
          },
          "enableVnetIntegration": {
            "value": false
          },
          "enableDiagnostics": {
            "value": false
          },
          "servicePlanName": {
            "value": "[toLower(concat(parameters('environmentName'), '-', parameters('region'), '-', parameters('brand'), '-asp', parameters('servicePlanInstance')))]"
          },
          "servicePlanResourceGroup": {
            "value": "[toLower(concat(parameters('subscriptionPrefix'), '-', parameters('region'), '-', parameters('brand'), '-', parameters('environmentName'), '-web-rg01'))]"
          },
          "region": {
            "value": "[reference(concat('Microsoft.Resources/deployments/', variables('determineRegionDeploymentName'))).outputs.region.value]"
          },
          "ipSecurityRestrictions": {
            "value": "[parameters('ipSecurityRestrictions')]"
          },
          "netFrameworkVersion": {
            "value": "v6.0"
          }
        },
        "templateLink": {
          "contentVersion": "1.0.0.0",
          "uri": "[concat(variables('templatesUri'), 'Create-FunctionApp-WithSlots.json', parameters('sasToken'))]"
        }
      }
    },

    // Configure Web App
    {
      "name": "[variables('funcAppConfigurationDeploymentName')]",
      "type": "Microsoft.Resources/deployments",
      "apiVersion": "2019-05-10",
      "comments": "This deployment configures the web app",
      "resourceGroup": "[parameters('appResourceGroupName')]",
      //check if code storage dependency is required here
      "dependsOn": [
        "[concat('Microsoft.Resources/deployments/', variables('funcAppDeploymentName'))]",
        "[concat('Microsoft.Resources/deployments/', variables('parseVersionDeploymentName'))]",
        "[concat('Microsoft.Resources/deployments/', variables('storageSecretDeploymentName'))]"
      ],
      "properties": {
        "mode": "[parameters('deploymentMode')]",
        "parameters": {
          "funcAppName": {
            "value": "[reference(concat('Microsoft.Resources/deployments/', variables('funcAppDeploymentName'))).outputs.appName.value]"
          },
          "functionStorageConnectionString": {
            "value": "[reference(concat('Microsoft.Resources/deployments/', variables('storageSecretDeploymentName'))).outputs.secretUrl.value]"
          },
          "appInsightsInstrumentationKey": {
            "value": "[reference(concat('Microsoft.Resources/deployments/', variables('appInsightsDeploymentName'))).outputs.instrumentationKey.value]"
          },
          "functionAppVersion": {
            "value": "~4"
          },
          "items": {
            "value": [
              {
                "name": "appConfigEndpoint",
                "value": "[variables('appConfigEndpoint')]"
              },
              {
                "name": "keyVault:BaseUrl",
                "value": "[reference(resourceId(variables('keyVaultResourceGroup'), 'Microsoft.Keyvault/vaults', variables('keyVaultName')), '2015-06-01').vaultUri]"
              },
              {
                "name": "brandName",
                "value": "[parameters('brandForConfig')]"
              },
              {
                "name": "AzureFunctionsJobHost__extensions__serviceBus__messageHandlerOptions__maxConcurrentCalls",
                "value": 1
              },
              {
                "name": "AzureFunctionsJobHost__extensions__serviceBus__prefetchCount",
                "value": 0
              },
              {
                "name": "cacheDuration",
                "value": "[parameters('cacheDuration')]"
              }
            ]
          }
        },
        "templateLink": {
          "contentVersion": "1.0.0.0",
          "uri": "[concat(variables('templatesUri'), 'Create-FunctionApp-Configuration-WithSlots.json', parameters('sasToken'))]"
        }
      }
    },

    // Create Service Bus
    {
      "name": "[variables('serviceBusTopicDeployment').serviceBusTopic[copyIndex('topicsCopy1')].deploymentName]",
      "type": "Microsoft.Resources/deployments",
      "apiVersion": "2019-05-10",
      "comments": "This deployment creates the topic",
      "condition": "[ and(parameters('serviceBusTopicEnable'), equals(parameters('region'),'edc'))]",
      "resourceGroup": "[variables('serviceBusResourceGroup')]",
      "properties": {
        "mode": "[parameters('deploymentMode')]",
        "parameters": {
          "serviceBusName": {
            "value": "[variables('serviceBusName')]"
          },
          "topicName": {
            "value": "[parameters('serviceBusTopics')[copyIndex()].topicName]"
          },
          "topicProperties": {
            "value": "[parameters('serviceBusTopics')[copyIndex()].properties]"
          }
        },

        "templateLink": {
          "contentVersion": "1.0.0.0",
          "uri": "[concat(variables('templatesUri'), 'Create-ServiceBus-Topic.json', parameters('sasToken'))]"
        }
      },
      "copy": {
        "name": "topicsCopy1",
        "count": "[length(parameters('serviceBusTopics'))]"
      }
    },

    // Topic Subscription
    {
      "name": "[variables('serviceBusTopicSubscriptionDeployment').serviceBusTopicSubscription[copyIndex('subscriptionsCopy')].deploymentName]",
      "type": "Microsoft.Resources/deployments",
      "apiVersion": "2020-10-01",
      "comments": "This deployment creates the topic subscription",
      "condition": "[ and(parameters('serviceBusTopicEnable'), equals(parameters('region'),'edc'))]",
      "dependsOn": [
        "[concat('Microsoft.Resources/deployments/', variables('serviceBusTopicDeployment').serviceBusTopic[copyIndex('subscriptionsCopy')].deploymentName)]"
      ],
      "resourceGroup": "[variables('serviceBusResourceGroup')]",
      "properties": {
        "mode": "[parameters('deploymentMode')]",
        "parameters": {
          "defaultTags": {
            "value": "[variables('defaultTags')]"
          },
          "subscriptionName": {
            "value": "[parameters('serviceBusSubscriptions')[copyIndex()].subscriptionName]"
          },
          "serviceBusName": {
            "value": "[variables('serviceBusName')]"
          },
          "serviceBusTopicName": {
            "value": "[parameters('serviceBusSubscriptions')[copyIndex()].topicName]"
          },
          "defaultSubscriptionProperties": {
            "value": "[parameters('serviceBusSubscriptions')[copyIndex()].properties]"
          }
        },
        "templateLink": {
          "contentVersion": "1.0.0.0",
          "uri": "[concat(variables('templatesUri'), 'Create-ServiceBus-Subscription.json', parameters('sasToken'))]"
        }
      },
      "copy": {
        "name": "subscriptionsCopy",
        "count": "[length(parameters('serviceBusSubscriptions'))]"
      }
    },

    // Topic SAS
    {
      "name": "[variables('serviceBusTopicAuthorizationDeployment').serviceBusTopic[copyIndex('topicsCopy2')].deploymentName]",
      "type": "Microsoft.Resources/deployments",
      "apiVersion": "2019-05-10",
      "comments": "This deployment creates the Authorization rule for topic",
      "condition": "[ and(parameters('serviceBusTopicEnable'), equals(parameters('region'),'edc'))]",
      "resourceGroup": "[variables('serviceBusResourceGroup')]",
      "dependsOn": [
        "[concat('Microsoft.Resources/deployments/', variables('serviceBusTopicDeployment').serviceBusTopic[copyIndex('topicsCopy2')].deploymentName)]"
      ],
      "properties": {
        "mode": "[parameters('deploymentMode')]",
        "parameters": {
          "defaultTags": {
            "value": "[variables('defaultTags')]"
          },
          "serviceBusName": {
            "value": "[variables('serviceBusName')]"
          },
          "serviceBusTopicName": {
            "value": "[parameters('serviceBusTopics')[copyIndex()].topicName]"
          },
          "rights": {
            "value": "[ variables('rights') ]"
          },
          "authorizationRuleName": {
            "value": "ManageKey"
          }
        },
        "templateLink": {
          "contentVersion": "1.0.0.0",
          "uri": "[concat(variables('templatesUri'), 'Create-ServiceBus-AuthorizationRule.json', parameters('sasToken'))]"
        }
      },
      "copy": {
        "name": "topicsCopy2",
        "count": "[length(parameters('serviceBusTopics'))]"
      }
    }
  ],
    "outputs": {
        "version": {
            "type": "object",
            "value": "[reference(concat('Microsoft.Resources/deployments/', variables('parseVersionDeploymentName'))).outputs]"
        },
        "appName": {
            "type": "string",
            "value": "[reference(concat('Microsoft.Resources/deployments/', variables('funcAppDeploymentName'))).outputs.appName.value]"
        },
        "appConfig":{
            "type": "object",
            "value": "[reference(concat('Microsoft.Resources/deployments/', variables('funcAppConfigurationDeploymentName'))).outputs.properties.value]"
        },
       "keyVaultName":{
            "type": "string",
            "value": "[variables('keyVaultName')]"
        },
        "appPrincipalId":{
            "type": "string",
            "value": "[reference(concat('Microsoft.Resources/deployments/', variables('funcAppDeploymentName'))).outputs.identityResourceId.value]"
        },
        "keyVaultResourceGroup":{
            "type": "string",
            "value": "[variables('keyVaultResourceGroup')]"
        },
        "stagingAppPrincipalId":{
            "type": "string",
            "value": "[reference(concat('Microsoft.Resources/deployments/', variables('funcAppDeploymentName'))).outputs.slotIdentityResourceId.value]"
        }
    }
}