{
  "$schema": "https://schema.management.azure.com/schemas/2019-04-01/deploymentParameters.json#",
  "contentVersion": "1.0.0.0",
  "parameters": {
    "sasToken": {
      "value": ""
    },
    "storageUri": {
      "value": ""
    },
    "environmentName": {
      "value": ""
    },
    "tags": {
      "value": {
      }
    },
    "resourceExpiryDate": {
      "value": ""
    },
    "projectName": {
      "value": ""
    },
    "ipSecurityRestrictions": {
      "value": [
        {
          "ipAddress": "Any",
          "action": "Allow",
          "priority": 1,
          "name": "Allow all",
          "description": "Allow all access"
        }
      ]
    },
    "brand": {
      "value": ""
    },
    "serviceBusSubscriptions": {
      "value": [
        {
          "subscriptionName": "t51.1.consent.created.subscription",
          "topicName": "t51.consent.topic",
          "properties": {
            "lockDuration": "PT5M",
            "maxDeliveryCount": "300",
            "defaultMessageTimeToLive": "PT336H",
            "enableDeadLetteringOnMessageExpiration": "true",
            "enableDeadLetteringOnFilterEvaluationExceptions": "true"
          },
          "sqlFilter": [
            {
              "name": "SqlFilter",
              "sqlExpression": "EventName = 'EV68ConsentCreatedEvent'"
            }
          ]
        },
        {
          "subscriptionName": "t51.2.consent.updated.subscription",
          "topicName": "t51.consent.topic",
          "properties": {
            "lockDuration": "PT5M",
            "maxDeliveryCount": "300",
            "defaultMessageTimeToLive": "PT336H",
            "enableDeadLetteringOnMessageExpiration": "true",
            "enableDeadLetteringOnFilterEvaluationExceptions": "true"
          },
          "sqlFilter": [
            {
              "name": "SqlFilter",
              "sqlExpression": "EventName = 'EV69ConsentUpdated'"
            }
          ]
        },
        {
          "subscriptionName": "t51.3.consent.resulted.subscription",
          "topicName": "t51.consent.topic",
          "properties": {
            "lockDuration": "PT5M",
            "maxDeliveryCount": "300",
            "defaultMessageTimeToLive": "PT336H",
            "enableDeadLetteringOnMessageExpiration": "true",
            "enableDeadLetteringOnFilterEvaluationExceptions": "true"
          },
          "sqlFilter": [
            {
              "name": "SqlFilter",
              "sqlExpression": "EventName = 'EV70ConsentResulted'"
            }
          ]
        }
      ]
    },
    "serviceBusTopicEnable": {
      "value": true
    }
  }
}