{
    "definition": {
        "$schema": "https://schema.management.azure.com/providers/Microsoft.Logic/schemas/2016-06-01/workflowdefinition.json#",
        "actions": {
            "For_each": {
                "actions": {
                    "Invoke_a_workflow_in_this_workflow_app": {
                        "inputs": {
                            "body": "@items('For_each')",
                            "host": {
                                "workflow": {
                                    "id": "wa02.02-tally-history-worker"
                                }
                            },
                            "retryPolicy": {
                                "type": "none"
                            }
                        },
                        "operationOptions": "DisableAsyncPattern",
                        "type": "Workflow"
                    }
                },
                "foreach": "@body('List_folder')",
                "runAfter": {
                    "List_folder": [
                        "SUCCEEDED"
                    ]
                },
                "type": "Foreach"
            },
            "List_folder": {
                "inputs": {
                    "parameters": {
                        "filesOnly": true,
                        "folderPath": "/"
                    },
                    "serviceProviderConfiguration": {
                        "connectionName": "tallySftpConnection",
                        "operationId": "listFolder",
                        "serviceProviderId": "/serviceProviders/Sftp"
                    }
                },
                "runAfter": {},
                "type": "ServiceProvider"
            }
        },
        "contentVersion": "1.0.0.0",
        "outputs": {},
        "triggers": {
            "GetHistory": {
                "inputs": {
                    "method": "GET"
                },
                "kind": "Http",
                "type": "Request"
            }
        }
    },
    "kind": "Stateful"
}