{
    "definition": {
        "$schema": "https://schema.management.azure.com/providers/Microsoft.Logic/schemas/2016-06-01/workflowdefinition.json#",
        "actions": {
            "500_Connection_Timed_Out": {
                "inputs": {
                    "body": {
                        "code": "DSPVAL0001",
                        "message": "Connection to backend service failed",
                        "supportReferenceId": "@guid()",
                        "timestamp": "@utcNow()"
                    },
                    "statusCode": 500
                },
                "kind": "Http",
                "runAfter": {
                    "Publish_message": [
                        "TIMEDOUT",
                        "SKIPPED",
                        "FAILED"
                    ]
                },
                "type": "Response"
            },
            "Error_-_Header_Validation_Failed": {
                "inputs": {
                    "body": {
                        "code": "DSPVAL0001",
                        "message": "Header Validation Failed",
                        "supportReferenceId": "@guid()",
                        "timestamp": "@utcNow()"
                    },
                    "statusCode": 400
                },
                "kind": "Http",
                "runAfter": {
                    "Validate_header_schema": [
                        "FAILED",
                        "TIMEDOUT",
                        "SKIPPED"
                    ]
                },
                "type": "Response"
            },
            "Error_-_Payload_Validation_Failed": {
                "inputs": {
                    "body": {
                        "code": "DSPVAL0001",
                        "message": "Payload Validation Failed",
                        "supportReferenceId": "@guid()",
                        "timestamp": "@utcNow()"
                    },
                    "statusCode": 400
                },
                "kind": "Http",
                "runAfter": {
                    "Validate_payload_schema": [
                        "FAILED",
                        "TIMEDOUT",
                        "SKIPPED"
                    ]
                },
                "type": "Response"
            },
            "Publish_message": {
                "inputs": {
                    "parameters": {
                        "entityName": "invoice.topic",
                        "message": {
                            "contentData": {
                                "metadata": {
                                    "initiatingSystemId": "@body('Validate_header_schema')['Initiating-System-Id']",
                                    "requestId": "@body('Validate_header_schema')['Request-Id']",
                                    "sendingSystemId": "WA01TallyInvoice"
                                },
                                "payload": "@body('Validate_payload_schema')"
                            },
                            "contentType": "application/json",
                            "messageId": "@guid()"
                        }
                    },
                    "serviceProviderConfiguration": {
                        "connectionName": "serviceBus",
                        "operationId": "sendMessage",
                        "serviceProviderId": "/serviceProviders/serviceBus"
                    }
                },
                "runAfter": {
                    "Validate_header_schema": [
                        "SUCCEEDED"
                    ],
                    "Validate_payload_schema": [
                        "SUCCEEDED"
                    ]
                },
                "type": "ServiceProvider"
            },
            "Success_Ack_202": {
                "inputs": {
                    "statusCode": 202
                },
                "kind": "Http",
                "runAfter": {
                    "Publish_message": [
                        "SUCCEEDED"
                    ]
                },
                "type": "Response"
            },
            "Validate_header_schema": {
                "inputs": {
                    "content": "@triggerOutputs()?['headers']",
                    "schema": {
                        "properties": {
                            "Initiating-System-Id": {
                                "type": "string"
                            },
                            "Request-Id": {
                                "type": "string"
                            },
                            "Sending-System-Id": {
                                "type": "string"
                            }
                        },
                        "required": [
                            "Request-Id",
                            "Initiating-System-Id",
                            "Sending-System-Id"
                        ],
                        "type": "object"
                    }
                },
                "runAfter": {},
                "type": "ParseJson"
            },
            "Validate_payload_schema": {
                "inputs": {
                    "content": " @{triggerBody()?['data']}",
                    "schema": {
                        "properties": {
                            "accountNumber": {
                                "type": [
                                    "string",
                                    "null"
                                ]
                            },
                            "billingAddress": {
                                "properties": {
                                    "city": {
                                        "type": [
                                            "string",
                                            "null"
                                        ]
                                    },
                                    "country": {
                                        "type": [
                                            "string",
                                            "null"
                                        ]
                                    },
                                    "line1": {
                                        "type": [
                                            "string",
                                            "null"
                                        ]
                                    },
                                    "line2": {
                                        "type": [
                                            "string",
                                            "null"
                                        ]
                                    },
                                    "line3": {
                                        "type": [
                                            "string",
                                            "null"
                                        ]
                                    },
                                    "line4": {
                                        "type": [
                                            "string",
                                            "null"
                                        ]
                                    },
                                    "line5": {
                                        "type": [
                                            "string",
                                            "null"
                                        ]
                                    },
                                    "postcode": {
                                        "type": [
                                            "string",
                                            "null"
                                        ]
                                    },
                                    "state": {
                                        "type": [
                                            "string",
                                            "null"
                                        ]
                                    }
                                },
                                "type": [
                                    "object",
                                    "null"
                                ]
                            },
                            "closingBalance": {
                                "format": "decimal",
                                "type": "number"
                            },
                            "directDebit": {
                                "type": "boolean"
                            },
                            "dueDate": {
                                "format": "date-time",
                                "type": "string"
                            },
                            "invoiceNumber": {
                                "type": [
                                    "string",
                                    "null"
                                ]
                            },
                            "invoiceStatus": {
                                "enum": [
                                    "Draft",
                                    "Authorised",
                                    "Voided"
                                ],
                                "type": "string"
                            },
                            "issueDate": {
                                "format": "date-time",
                                "type": "string"
                            },
                            "nmi": {
                                "type": [
                                    "string",
                                    "null"
                                ]
                            },
                            "total": {
                                "format": "decimal",
                                "type": "number"
                            }
                        },
                        "type": "object"
                    }
                },
                "runAfter": {},
                "type": "ParseJson"
            }
        },
        "contentVersion": "1.0.0.0",
        "outputs": {},
        "triggers": {
            "NewInvoiceEventApi": {
                "correlation": {
                    "clientTrackingId": "@triggerBody()?['data']['invoiceNumber']"
                },
                "inputs": {
                    "method": "POST",
                    "schema": {
                        "properties": {
                            "data": {
                                "properties": {
                                    "accountnumber": {
                                        "type": "string"
                                    },
                                    "amountdue": {
                                        "type": "integer"
                                    },
                                    "billingaddress": {
                                        "properties": {
                                            "city": {
                                                "type": "string"
                                            },
                                            "country": {
                                                "type": "string"
                                            },
                                            "line1": {
                                                "type": "string"
                                            },
                                            "line2": {
                                                "type": "string"
                                            },
                                            "line3": {
                                                "type": "string"
                                            },
                                            "line4": {
                                                "type": "string"
                                            },
                                            "line5": {
                                                "type": "string"
                                            },
                                            "postcode": {
                                                "type": "string"
                                            },
                                            "state": {
                                                "type": "string"
                                            }
                                        },
                                        "type": "object"
                                    },
                                    "directdebit": {
                                        "type": "boolean"
                                    },
                                    "duedate": {
                                        "type": "string"
                                    },
                                    "invoicenumber": {
                                        "type": "string"
                                    },
                                    "invoicestatus": {
                                        "type": "string"
                                    },
                                    "issuedate": {
                                        "type": "string"
                                    },
                                    "nmi": {
                                        "type": "string"
                                    },
                                    "total": {
                                        "type": "number"
                                    }
                                },
                                "type": "object"
                            },
                            "dataschema": {
                                "type": "string"
                            },
                            "id": {
                                "type": "string"
                            },
                            "source": {
                                "type": "string"
                            },
                            "specversion": {
                                "type": "string"
                            },
                            "subject": {
                                "type": "string"
                            },
                            "tallyorgid": {
                                "type": "string"
                            },
                            "tallywebhookid": {
                                "type": "string"
                            },
                            "time": {
                                "type": "string"
                            },
                            "type": {
                                "type": "string"
                            }
                        },
                        "type": "object"
                    }
                },
                "kind": "Http",
                "type": "Request"
            }
        }
    },
    "kind": "Stateful"
}