{
  "$schema": "https://schema.management.azure.com/schemas/2019-08-01/deploymentTemplate.json#",
  "contentVersion": "1.0.0.0",
  "parameters": {
    "sasToken": {
      "type": "string",
      "metadata": {
        "description": "The SAS token to use with Storage Uri for fetching templates"
      }
    },
    "storageUri": {
      "type": "string",
      "metadata": {
        "description": "The Storage Uri for fetching templates"
      }
    },
    "appResourceGroupName": {
      "type": "string",
      "metadata": {
        "description": "The resource group name"
      },
      "defaultValue": "[resourceGroup().name]"
    },
    "deploymentMode": {
      "type": "string",
      "allowedValues": [
        "Incremental",
        "Complete"
      ],
      "metadata": {
        "description": "The deployment mode"
      },
      "defaultValue": "Incremental"
    },
    "environmentName": {
      "type": "string",
      "metadata": {
        "description": "The environment name"
      }
    },
    "version": {
      "type": "string",
      "defaultValue": "1",
      "metadata": {
        "description": "The build version"
      }
    },
    "branchPath": {
      "type": "string",
      "metadata": {
        "description": "The branch path"
      },
      "defaultValue": ""
    },
    "tags": {
      "type": "object",
      "metadata": {
        "description": "Resource tags"
      }
    },
    "resourceExpiryDate": {
      "type": "string",
      "metadata": {
        "description": "The expiry date for resources"
      }
    },
    "projectName": {
      "type": "string",
      "metadata": {
        "description": "name of the project"
      }
    },
    "servicePlanInstance": {
      "type": "string",
      "metadata": {
        "description": "Instance number of the app service plan"
      },
      "defaultValue": "01",
      "minLength": 2
    },
    "subscriptionPrefix": {
      "type": "string",
      "metadata": {
        "description": "Subscription prefix"
      },
      "defaultValue": "dev"
    },
    "ipSecurityRestrictions": {
      "type": "array",
      "metadata": {
        "description": "add different firewall rules for the webapp to this object"
      }
    },
    "brand": {
      "type": "string",
      "metadata": {
        "description": "Name of the brand"
      }
    },
    "brandForConfig": {
      "type": "string",
      "metadata": {
        "description": "Brand Label for app settings"
      }
    },
    "region": {
      "type": "string",
      "metadata": {
        "description": "region code"
      },
      "allowedValues": [
        "edc",
        "sdc"
      ],
      "defaultValue": "edc"
    },
    "cacheDuration": {
      "type": "int",
      "metadata": {
        "description": "the amount of time in minutes until local cache is expired and AAC is polled"
      }
    },
    "serviceBusTopicEnable": {
      "type": "bool",
      "metadata": {
        "description": "set the value to true if topic deployment is required. default value is false"
      },
      "defaultValue": false
    },
    "serviceBusTopics": {
      "type": "array",
      "metadata": {
        "description": "This array has object containing details of service bus topics"
      }
    },
    "tableNames": {
      "type": "array",
      "metadata": {
        "description": "the list of tables that need to be created in the storage account"
      }
    },
    "existingSecretNames": {
      "type": "Array",
      "metadata": {
        "description": "Names of existing secrets in the Application Key Vault"
      },
      "defaultValue": []
    }
  },
  "variables": {
    "templatesUri": "[concat(parameters('storageUri'), '/templates/')]",
    "environmentTags": {
      "AppName": "[parameters('projectName')]",
      "Environment": "[parameters('environmentName')]",
      "Version": "[parameters('version')]"
    },
    "expiryTags": {
      "Source": "[parameters('branchPath')]",
      "Expire At": "[if(variables('useBranchName'),parameters('resourceExpiryDate'), '')]"
    },
    "defaultTags": "[union(parameters('tags'), variables('environmentTags'), variables('expiryTags'))]",
    "sharedResourceTags": "[union(parameters('tags'), variables('environmentTags'))]",
    "branchName": "[last(split(parameters('branchPath'), '/'))]",
    "useBranchName": "[not(or(equals(variables('branchName'),'master'), equals(variables('branchName'),'')))]",
    "deploymentSuffix": "[substring(deployment().name, indexOf(deployment().name, '-'))]",
    "storageDeploymentName": "[concat('storage', variables('deploymentSuffix'))]",
    "appInsightsDeploymentName": "[concat('appInsights', variables('deploymentSuffix'))]",
    "parseVersionDeploymentName": "[concat('parseVersion', variables('deploymentSuffix'))]",
    "webAppDeploymentName": "[concat('webApp', variables('deploymentSuffix'))]",
    "webAppConfigurationDeploymentName": "[concat('webAppConfiguration', variables('deploymentSuffix'))]",
    "determineRegionDeploymentName": "[concat('determineRegion', variables('deploymentSuffix'))]",
    "keyVaultName": "[toLower(concat(parameters('environmentName'), '-edc-', parameters('brand'), '-kv01'))]",
    "keyVaultResourceGroup": "[toLower(concat(parameters('subscriptionPrefix'), '-edc-', parameters('brand'), '-', parameters('environmentName'), '-security-rg01'))]",
    "webAppName": "[toLower(if(or(equals(parameters('brand'), 'denovo'), equals(tolower(parameters('brand')), 'vma')), concat(parameters('projectName'), '-webapp-', parameters('environmentName'), '-01-', parameters('region')), concat(parameters('projectName'), '-webapp-', parameters('brand'), '-', parameters('environmentName'), '-01-', parameters('region'))))]",
    "appConfigEndpoint": "[concat('https://ac-denovo-', parameters('environmentName'), '-', parameters('region'),'-01.azconfig.io')]",
    "storageSecretDeploymentName": "[concat('storageSecret', '-', parameters('region'), '-', variables('deploymentSuffix'))]",
    "appStorageAccountName": "[toLower(concat(parameters('subscriptionPrefix'), parameters('region'), parameters('brandForConfig'), 'shared', parameters('environmentName'), 'stg01'))]",
    "appStorageAccountResourceGroup": "[toLower(concat(parameters('subscriptionPrefix'), '-', parameters('region'), '-', parameters('brand'), '-', parameters('environmentName'), '-shared-rg01'))]",
    "storageAccountKvSecretName": "[toLower(concat(parameters('projectName'), '-storage-secret'))]",
    "serviceBusName": "[toLower(concat(parameters('environmentName'), '-', parameters('region'), '-', parameters('brand'), '-sb01' ))]",
    "serviceBusResourceGroup": "[toLower(concat(parameters('subscriptionPrefix'), '-', parameters('region'), '-', parameters('brand'), '-', parameters('environmentName'), '-shared-rg01'))]",
    "directDebitStorageDeploymentName": "[concat('directDebitStorage', variables('deploymentSuffix'))]",
    "directDebitStorageName": "[toLower(concat(parameters('environmentName'), parameters('region'), 'denovoshrd01'))]",
    "directDebitStorageResourceGroup": "[toLower(concat(parameters('subscriptionPrefix'), '-', parameters('region'), '-denovo-', parameters('environmentName'), '-shared-rg01'))]",
    "directDebitStorageSecretDeploymentName": "[concat('directDebitStorageSecret', variables('deploymentSuffix'))]",
    "directDebitStorageSecretName": "DirectDebitTableStorageConnectionString",
    "serviceBusTopicDeployment": {
      "copy": [
        {
          "name": "serviceBusTopic",
          "count": "[length(parameters('serviceBusTopics'))]",
          "input": {
            "deploymentName": "[take(concat('serviceBusTopic-', parameters('serviceBusTopics')[copyIndex('serviceBusTopic')].topicName ,variables('deploymentSuffix')), 64)]"
          }
        }
      ]
    },
    "tableDeployment": {
      "copy": [
        {
          "name": "table",
          "count": "[length(parameters('tableNames'))]",
          "input": {
            "deploymantName": "[take(concat('table-', parameters('tableNames')[copyIndex('table')] ,variables('deploymentSuffix')), 64)]"
          }
        }
      ]
    }
  },
  "resources": [
    // Determine region
    {
      "name": "[variables('determineRegionDeploymentName')]",
      "type": "Microsoft.Resources/deployments",
      "apiVersion": "2019-05-10",
      "comments": "This deployment determines the region for the resource group",
      "condition": true,
      "resourceGroup": "[parameters('appResourceGroupName')]",
      "properties": {
        "mode": "[parameters('deploymentMode')]",
        "templateLink": {
          "contentVersion": "1.0.0.0",
          "uri": "[concat(variables('templatesUri'), 'GetRegion.json', parameters('sasToken'))]"
        }
      }
    },
    // Parse Version
    {
      "name": "[variables('parseVersionDeploymentName')]",
      "type": "Microsoft.Resources/deployments",
      "apiVersion": "2019-05-10",
      "comments": "This deployment parses the semantic version string",
      "condition": true,
      "resourceGroup": "[parameters('appResourceGroupName')]",
      "properties": {
        "mode": "[parameters('deploymentMode')]",
        "parameters": {
          "version": {
            "value": "[parameters('version')]"
          }
        },
        "templateLink": {
          "contentVersion": "1.0.0.0",
          "uri": "[concat(variables('templatesUri'), 'ParseVersion.json', parameters('sasToken'))]"
        }
      }
    },
    // Storage Account
    {
      "name": "[variables('storageDeploymentName')]",
      "type": "Microsoft.Resources/deployments",
      "apiVersion": "2017-05-10",
      "comments": "This deployment creates the storage account for apps",
      "resourceGroup": "[variables('appStorageAccountResourceGroup')]",
      "condition": true,
      "dependsOn": [
        "[concat('Microsoft.Resources/deployments/', variables('parseVersionDeploymentName'))]",
        "[concat('Microsoft.Resources/deployments/', variables('determineRegionDeploymentName'))]"
      ],
      "properties": {
        "mode": "[parameters('deploymentMode')]",
        "parameters": {
          "containerName": {
            "value": ""
          },
          "storageAccountName": {
            "value": "[variables('appStorageAccountName')]"
          },
          "environmentName": {
            "value": "[parameters('environmentName')]"
          },
          "majorVersion": {
            "value": "[reference(concat('Microsoft.Resources/deployments/', variables('parseVersionDeploymentName'))).outputs.major.value]"
          },
          "sharedResourceTags": {
            "value": "[variables('sharedResourceTags')]"
          }
        },
        "templateLink": {
          "contentVersion": "1.0.0.0",
          "uri": "[concat(variables('templatesUri'), 'Create-Storage.json', parameters('sasToken'))]"
        }
      }
    },
    // Add storage connection string to secrets
    {
      "name": "[variables('storageSecretDeploymentName')]",
      "type": "Microsoft.Resources/deployments",
      "apiVersion": "2017-05-10",
      "comments": "This deployment creates the key vault secret for the storage connection string",
      "condition": true,
      "resourceGroup": "[variables('keyVaultResourceGroup')]",
      "dependsOn": [
        "[concat('Microsoft.Resources/deployments/', variables('storageDeploymentName'))]"
      ],
      "properties": {
        "mode": "[parameters('deploymentMode')]",
        "parameters": {
          "keyVaultName": {
            "value": "[variables('keyVaultName')]"
          },
          "secretName": {
            "value": "[variables('storageAccountKvSecretName')]"
          },
          "secretValue": {
            "value": "[concat('DefaultEndpointsProtocol=https;AccountName=', variables('appStorageAccountName'), ';AccountKey=', listKeys(resourceId(variables('appStorageAccountResourceGroup'), 'Microsoft.Storage/storageAccounts', variables('appStorageAccountName')), '2019-06-01').keys[0].value)]"
          },
          "sharedResourceTags": {
            "value": "[variables('defaultTags')]"
          },
          "existingSecretnames": {
            "value": "[parameters('existingSecretNames')]"
          }
        },
        "templateLink": {
          "contentVersion": "1.0.0.0",
          "uri": "[concat(variables('templatesUri'), 'Create-KeyVault-Secret.json', parameters('sasToken'))]"
        }
      }
    },
    // App Insights for web App
    {
      "name": "[variables('appInsightsDeploymentName')]",
      "type": "Microsoft.Resources/deployments",
      "apiVersion": "2019-05-10",
      "comments": "This deployment creates the application insights",
      "resourceGroup": "[parameters('appResourceGroupName')]",
      "dependsOn": [
        "[concat('Microsoft.Resources/deployments/', variables('determineRegionDeploymentName'))]"
      ],
      "properties": {
        "mode": "[parameters('deploymentMode')]",
        "parameters": {
          "applicationInsightsName": {
            "value": "[toLower(concat(parameters('projectName'), '-appins-', parameters('brand'), '-', parameters('environmentName'), '-01-', parameters('region')))]"
          },
          "environmentName": {
            "value": "[parameters('environmentName')]"
          },
          "sharedResourceTags": {
            "value": "[variables('sharedResourceTags')]"
          }
        },
        "templateLink": {
          "contentVersion": "1.0.0.0",
          "uri": "[concat(variables('templatesUri'), 'Create-AppInsights.json', parameters('sasToken'))]"
        }
      }
    },
    // Web app
    {
      "name": "[variables('webAppDeploymentName')]",
      "type": "Microsoft.Resources/deployments",
      "apiVersion": "2019-05-10",
      "comments": "This deployment creates the web app",
      "resourceGroup": "[parameters('appResourceGroupName')]",
      "dependsOn": [
        "[concat('Microsoft.Resources/deployments/', variables('parseVersionDeploymentName'))]",
        "[concat('Microsoft.Resources/deployments/', variables('determineRegionDeploymentName'))]",
        "[concat('Microsoft.Resources/deployments/', variables('appInsightsDeploymentName'))]",
        "[concat('Microsoft.Resources/deployments/', variables('storageDeploymentName'))]"
      ],
      "properties": {
        "mode": "[parameters('deploymentMode')]",
        "parameters": {
          "webAppName": {
            "value": "[variables('webAppName')]"
          },
          "environmentName": {
            "value": "[parameters('environmentName')]"
          },
          "branchPath": {
            "value": "[parameters('branchPath')]"
          },
          "majorVersion": {
            "value": "[reference(concat('Microsoft.Resources/deployments/', variables('parseVersionDeploymentName'))).outputs.major.value]"
          },
          "defaultTags": {
            "value": "[variables('defaultTags')]"
          },
          "enableVnetIntegration": {
            "value": false
          },
          "enableDiagnostics": {
            "value": false
          },
          "servicePlanName": {
            "value": "[toLower(concat(parameters('environmentName'), '-', parameters('region'), '-', parameters('brand'), '-asp', parameters('servicePlanInstance')))]"
          },
          "servicePlanResourceGroup": {
            "value": "[toLower(concat(parameters('subscriptionPrefix'), '-', parameters('region'), '-', parameters('brand'), '-', parameters('environmentName'), '-web-rg01'))]"
          },
          "region": {
            "value": "[reference(concat('Microsoft.Resources/deployments/', variables('determineRegionDeploymentName'))).outputs.region.value]"
          },
          "ipSecurityRestrictions": {
            "value": "[parameters('ipSecurityRestrictions')]"
          }
        },
        "templateLink": {
          "contentVersion": "1.0.0.0",
          "uri": "[concat(variables('templatesUri'), 'Create-WebApp-WithSlots.json', parameters('sasToken'))]"
        }
      }
    },
    // Configure Web App
    {
      "name": "[variables('webAppConfigurationDeploymentName')]",
      "type": "Microsoft.Resources/deployments",
      "apiVersion": "2019-05-10",
      "comments": "This deployment configures the web app",
      "resourceGroup": "[parameters('appResourceGroupName')]",
      //check if code storage dependency is required here
      "dependsOn": [
        "[concat('Microsoft.Resources/deployments/', variables('webAppDeploymentName'))]",
        "[concat('Microsoft.Resources/deployments/', variables('parseVersionDeploymentName'))]",
        "[concat('Microsoft.Resources/deployments/', variables('storageSecretDeploymentName'))]"
      ],
      "properties": {
        "mode": "[parameters('deploymentMode')]",
        "parameters": {
          "webAppName": {
            "value": "[reference(concat('Microsoft.Resources/deployments/', variables('webAppDeploymentName'))).outputs.appName.value]"
          },
          "webAppStorageConnectionString": {
            "value": "[reference(concat('Microsoft.Resources/deployments/', variables('storageSecretDeploymentName'))).outputs.secretUrl.value]"
          },
          "appInsightsInstrumentationKey": {
            "value": "[reference(concat('Microsoft.Resources/deployments/', variables('appInsightsDeploymentName'))).outputs.instrumentationKey.value]"
          },
          "items": {
            "value": [
              {
                "name": "appConfigEndpoint",
                "value": "[variables('appConfigEndpoint')]"
              },
              {
                "name": "keyVault:BaseUrl",
                "value": "[reference(resourceId(variables('keyVaultResourceGroup'), 'Microsoft.Keyvault/vaults', variables('keyVaultName')), '2015-06-01').vaultUri]"
              },
              {
                "name": "brandName",
                "value": "[parameters('brandForConfig')]"
              },
              {
                "name": "cacheDuration",
                "value": "[parameters('cacheDuration')]"
              }
            ]
          }
        },
        "templateLink": {
          "contentVersion": "1.0.0.0",
          "uri": "[concat(variables('templatesUri'), 'Create-WebApp-Configuration-WithSlots.json', parameters('sasToken'))]"
        }
      }
    },
    // create serviceBus Topic
    {
      "name": "[variables('serviceBusTopicDeployment').serviceBusTopic[copyIndex('topicsCopy1')].deploymentName]",
      "type": "Microsoft.Resources/deployments",
      "apiVersion": "2019-05-10",
      "comments": "This deployment creates the topic",
      "condition": "[ and(parameters('serviceBusTopicEnable'), equals(parameters('region'),'edc'))]",
      "resourceGroup": "[variables('serviceBusResourceGroup')]",
      "properties": {
        "mode": "[parameters('deploymentMode')]",
        "parameters": {
          "serviceBusName": {
            "value": "[variables('serviceBusName')]"
          },
          "topicName": {
            "value": "[parameters('serviceBusTopics')[copyIndex()].topicName]"
          },
          "topicProperties": {
            "value": "[parameters('serviceBusTopics')[copyIndex()].properties]"
          }
        },
        "templateLink": {
          "contentVersion": "1.0.0.0",
          "uri": "[concat(variables('templatesUri'), 'Create-ServiceBus-Topic.json', parameters('sasToken'))]"
        }
      },
      "copy": {
        "name": "topicsCopy1",
        "count": "[length(parameters('serviceBusTopics'))]"
      }
    },
    // Create Storage Account for Direct Debit Table
    {
      "name": "[variables('directDebitStorageDeploymentName')]",
      "type": "Microsoft.Resources/deployments",
      "apiVersion": "2017-05-10",
      "comments": "This deployment creates the storage account for apps",
      "resourceGroup": "[variables('directDebitStorageResourceGroup')]",
      "condition": "[and(equals(parameters('region'),'edc'), or(equals(parameters('brand'), 'denovo'), equals(tolower(parameters('brand')), 'vma')))]",
      "dependsOn": [
        "[concat('Microsoft.Resources/deployments/', variables('parseVersionDeploymentName'))]",
        "[concat('Microsoft.Resources/deployments/', variables('determineRegionDeploymentName'))]"
      ],
      "properties": {
        "mode": "[parameters('deploymentMode')]",
        "parameters": {
          "containerName": {
            "value": ""
          },
          "storageAccountName": {
            "value": "[variables('directDebitStorageName')]"
          },
          "environmentName": {
            "value": "[parameters('environmentName')]"
          },
          "majorVersion": {
            "value": "[reference(concat('Microsoft.Resources/deployments/', variables('parseVersionDeploymentName'))).outputs.major.value]"
          },
          "sharedResourceTags": {
            "value": "[variables('sharedResourceTags')]"
          }
        },
        "templateLink": {
          "contentVersion": "1.0.0.0",
          "uri": "[concat(variables('templatesUri'), 'Create-Storage.json', parameters('sasToken'))]"
        }
      }
    },
    // Add Direct Debit Table storage connection string to secrets
    {
      "name": "[variables('directDebitStorageSecretDeploymentName')]",
      "type": "Microsoft.Resources/deployments",
      "apiVersion": "2017-05-10",
      "comments": "This deployment creates the key vault secret for the storage connection string",
      "condition": "[equals(parameters('region'),'edc')]",
      "resourceGroup": "[variables('keyVaultResourceGroup')]",
      "dependsOn": [
        "[concat('Microsoft.Resources/deployments/', variables('directDebitStorageDeploymentName'))]"
      ],
      "properties": {
        "mode": "[parameters('deploymentMode')]",
        "parameters": {
          "keyVaultName": {
            "value": "[variables('keyVaultName')]"
          },
          "secretName": {
            "value": "[variables('directDebitStorageSecretName')]"
          },
          "secretValue": {
            "value": "[concat('DefaultEndpointsProtocol=https;AccountName=', variables('directDebitStorageName'), ';AccountKey=', listKeys(resourceId(variables('directDebitStorageResourceGroup'), 'Microsoft.Storage/storageAccounts', variables('directDebitStorageName')), '2019-06-01').keys[0].value)]"
          },
          "sharedResourceTags": {
            "value": "[variables('defaultTags')]"
          },
          "existingSecretnames": {
            "value": "[parameters('existingSecretNames')]"
          }
        },
        "templateLink": {
          "contentVersion": "1.0.0.0",
          "uri": "[concat(variables('templatesUri'), 'Create-KeyVault-Secret.json', parameters('sasToken'))]"
        }
      }
    },
    // Create Tables
    {
      "name": "[variables('tableDeployment').table[copyIndex('tables')].deploymantName]",
      "type": "Microsoft.Resources/deployments",
      "apiVersion": "2019-05-10",
      "comments": "This deployment creates the tables",
      "condition": "[and(equals(parameters('region'),'edc'), or(equals(parameters('brand'), 'denovo'), equals(tolower(parameters('brand')), 'vma')))]",
      "resourceGroup": "[variables('directDebitStorageResourceGroup')]",
      "properties": {
        "mode": "[parameters('deploymentMode')]",
        "parameters": {
          "storageAccountName": {
            "value": "[variables('directDebitStorageName')]"
          },
          "tableName": {
            "value": "[parameters('tableNames')[copyIndex()]]"
          }
        },

        "templateLink": {
          "contentVersion": "1.0.0.0",
          "uri": "[concat(variables('templatesUri'), 'Create-Storage-Tables.json', parameters('sasToken'))]"
        }
      },
      "copy": {
        "name": "tables",
        "count": "[length(parameters('tableNames'))]"
      }
    }
  ],
  "outputs": {
    "version": {
      "type": "object",
      "value": "[reference(concat('Microsoft.Resources/deployments/', variables('parseVersionDeploymentName'))).outputs]"
    },
    "appName": {
      "type": "string",
      "value": "[reference(concat('Microsoft.Resources/deployments/', variables('webAppDeploymentName'))).outputs.appName.value]"
    },
    "appConfig": {
      "type": "object",
      "value": "[reference(concat('Microsoft.Resources/deployments/', variables('webAppConfigurationDeploymentName'))).outputs.properties.value]"
    },
    "keyVaultName": {
      "type": "string",
      "value": "[variables('keyVaultName')]"
    },
    "keyVaultResourceGroup": {
      "type": "string",
      "value": "[variables('keyVaultResourceGroup')]"
    },
    "appPrincipalId": {
      "type": "string",
      "value": "[reference(concat('Microsoft.Resources/deployments/', variables('webAppDeploymentName'))).outputs.identityResourceId.value]"
    },
    "stagingAppPrincipalId": {
      "type": "string",
      "value": "[reference(concat('Microsoft.Resources/deployments/', variables('webAppDeploymentName'))).outputs.slotIdentityResourceId.value]"
    }
  }
}