{
  "version": "2.0",
  "logging": {
    "applicationInsights": {
      "samplingSettings": {
        "isEnabled": true,
        "excludedTypes": "Request; Exception"
      },
      "enableLiveMetricsFilters": true
    },
    "logLevel": {
      "default": "Warning",
      "Host.Aggregator": "Information",
      "Host.Results": "Information",
      "Function": "Information",
      "MS01Invoice.FunctionApp": "Information",
      "Dsp.Int.Library.Common": "Information",
      "Azure.Messaging.ServiceBus": "Warning"
    }
  }
}