{
  "environment": {
    "VMA": "hlt",
    "BOQ": "hlt",
    "MEB": "hlt"
  },
  "keyVaultName": {
    "VMA": "$(environment)-edc-$(shared.project)-kv$(instance)",
    "BOQ": "$(environment)-edc-$(shared.project)-kv$(instance)",
    "MEB": "$(environment)-edc-boq-kv$(instance)"
  },
  "WebAppDomain": {
    "VMA": "$(WebAppAseDomain)",
    "BOQ": "$(WebAppAseDomain)",
    "MEB": "$(WebAppAseDomain)"
  },
  "Ciam:SystemSubscriptionKey": {
    "VMA": "{\"uri\":\"https://hlt-edc-denovo-kv01.vault.azure.net/secrets/ciamGatewaySystemToken\"}",
    "BOQ": "{\"uri\":\"https://hlt-edc-boq-kv01.vault.azure.net/secrets/ciamGatewaySystemToken\"}",
    "MEB": "{\"uri\":\"https://hlt-edc-boq-kv01.vault.azure.net/secrets/ciamGatewaySystemToken\"}"
  },
  "CitiGateway:CitiClientId": {
    "VMA": "{\"uri\":\"https://hlt-edc-denovo-kv01.vault.azure.net/secrets/citiGatewayClientId\"}",
    "BOQ": "N/A",
    "MEB": "N/A"
  },
  "CitiGateway:BasicAuthCredential": {
    "VMA": "{\"uri\":\"https://hlt-edc-denovo-kv01.vault.azure.net/secrets/ext-citibank-basic-auth-credential\"}",
    "BOQ": "N/A",
    "MEB": "N/A"
  },
  "shared.project": {
    "VMA": "denovo",
    "BOQ": "boq",
    "MEB": "meb"
  },
  "ext-temenos-environment": {
    "VMA": "$(environment)",
    "BOQ": "$(environment)",
    "MEB": "$(environment)"
  },
  "Integration:SubscriptionKey": {
    "VMA": "{\"uri\":\"https://hlt-edc-denovo-kv01.vault.azure.net/secrets/integrationSubscriptionKey\"}",
    "BOQ": "{\"uri\":\"https://hlt-edc-boq-kv01.vault.azure.net/secrets/integrationSubscriptionKey\"}",
    "MEB": "{\"uri\":\"https://hlt-edc-boq-kv01.vault.azure.net/secrets/integrationSubscriptionKey\"}"
  },
  "FrolloService:ListAccountsUri": {
    "VMA": "/client/v2/aggregation/accounts",
    "BOQ": "/client/v2/aggregation/accounts",
    "MEB": "/client/v2/aggregation/accounts"
  },
  "frollo-api-version": {
    "VMA": "2.15",
    "BOQ": "2.15",
    "MEB": "2.15"
  },
  "T24:Package": {
    "VMA": "VMAirisR19/api/v1.0.0/",
    "BOQ": "VMAirisR19/api/v1.0.0/",
    "MEB": "VMAirisR19/api/v1.0.0/"
  },
  "Ods:OdsAccountsServiceEndpoint": {
    "VMA": "$(odsServiceEndPoint)",
    "BOQ": "$(odsServiceEndPoint)",
    "MEB": "$(odsServiceEndPoint)"
  },
  "Ods:OdsAccountsAuthKey": {
    "VMA": "$(odsKey)",
    "BOQ": "$(odsKey)",
    "MEB": "$(odsKey)"
  },
  "odsKey": {
    "VMA": "{\"uri\":\"https://hlt-edc-denovo-kv01.vault.azure.net/secrets/cosmosDbResourceKey\"}",
    "BOQ": "{\"uri\":\"https://hlt-edc-boq-kv01.vault.azure.net/secrets/odsKey\"}",
    "MEB": "{\"uri\":\"https://hlt-edc-boq-kv01.vault.azure.net/secrets/odsKey\"}"
  },
  "useServiceBusAlias": {
    "VMA": "true",
    "BOQ": "true",
    "MEB": "true"
  },
  "ApimSubscriptionKey": {
    "VMA": "{\"uri\":\"https://hlt-edc-denovo-kv01.vault.azure.net/secrets/apimSubscriptionKey\"}",
    "BOQ": "{\"uri\":\"https://hlt-edc-boq-kv01.vault.azure.net/secrets/apimSubscriptionKey\"}",
    "MEB": "{\"uri\":\"https://hlt-edc-boq-kv01.vault.azure.net/secrets/apimSubscriptionKey\"}"
  },
  "T24:ApimSubscriptionKey": {
    "VMA": "$(ApimSubscriptionKey)",
    "BOQ": "$(ApimSubscriptionKey)",
    "MEB": "$(ApimSubscriptionKey)"
  },
  "ext-customeridentity-ciamurl": {
    "VMA": "https://sit2.id.aws-boq",
    "BOQ": "https://sit2.id.aws-boq",
    "MEB": "https://sit2.id.aws-boq"
  },
  "ext-customeridentity-introspect-ciamurl": {
    "VMA": "$(ext-customeridentity-ciamurl)/am/oauth2/introspect",
    "BOQ": "$(ext-customeridentity-ciamurl)/am/oauth2/introspect",
    "MEB": "$(ext-customeridentity-ciamurl)/am/oauth2/introspect"
  },
  "ext-customeridentity-clientId": {
    "VMA": "IntegrationAPIGateway",
    "BOQ": "IntegrationAPIGateway",
    "MEB": "IntegrationAPIGateway"
  },
  "ext-customeridentity-clientSecret": {
    "VMA": "{\"uri\":\"https://hlt-edc-denovo-kv01.vault.azure.net/secrets/ext-customeridentity-clientSecret\"}",
    "BOQ": "{\"uri\":\"https://hlt-edc-boq-kv01.vault.azure.net/secrets/ext-customeridentity-clientSecret\"}",
    "MEB": "{\"uri\":\"https://hlt-edc-boq-kv01.vault.azure.net/secrets/ext-customeridentity-clientSecret\"}"
  },
  "sec.internal-whitelist-ip-begin-range": {
    "VMA": "$($(region.code).internal-whitelist-ip-begin-range)",
    "BOQ": "$($(region.code).internal-whitelist-ip-begin-range)",
    "MEB": "$($(region.code).internal-whitelist-ip-begin-range)"
  },
  "sec.internal-whitelist-ip-end-range": {
    "VMA": "$($(region.code).internal-whitelist-ip-end-range)",
    "BOQ": "$($(region.code).internal-whitelist-ip-end-range)",
    "MEB": "$($(region.code).internal-whitelist-ip-end-range)"
  },
  "edc.internal-whitelist-ip-begin-range": {
    "VMA": "10.231.0.0",
    "BOQ": "10.231.0.0",
    "MEB": "10.231.0.0"
  },
  "edc.internal-whitelist-ip-end-range": {
    "VMA": "10.231.255.255",
    "BOQ": "10.231.255.255",
    "MEB": "10.231.255.255"
  },
  "Ciam:Issuer": {
    "VMA": "http://am-b1.sit2.id.aws-boq:8080/openam/oauth2/realms/root/realms/vma",
    "BOQ": "http://am-b1.sit2.id.aws-boq:8080/openam/oauth2/realms/root/realms/boq",
    "MEB": "http://am-b1.sit2.id.aws-boq:8080/openam/oauth2/realms/root/realms/boq"
  },
  "StandardAuthorization:CiamIssuer": {
    "VMA": "$(Ciam:Issuer)",
    "BOQ": "$(Ciam:Issuer)",
    "MEB": "$(Ciam:Issuer)"
  },
  "StandardAuthorization:ReturnGenericErrorMessages": {
    "VMA": "false",
    "BOQ": "false",
    "MEB": "false"
  },
  "StandardAuthorization:CiamSubscriptionKey": {
    "VMA": "{\"uri\":\"https://hlt-edc-denovo-kv01.vault.azure.net/secrets/ciamSubscriptionKey\"}",
    "BOQ": "{\"uri\":\"https://hlt-edc-boq-kv01.vault.azure.net/secrets/ciamSubscriptionKey\"}",
    "MEB": "{\"uri\":\"https://hlt-edc-boq-kv01.vault.azure.net/secrets/ciamSubscriptionKey\"}"
  },
  "ServiceBus:ConnectionString01": {
    "VMA": "{\"uri\":\"https://hlt-edc-denovo-kv01.vault.azure.net/secrets/serviceBusConnectionString01\"}",
    "BOQ": "{\"uri\":\"https://hlt-edc-boq-kv01.vault.azure.net/secrets/serviceBusConnectionString01\"}",
    "MEB": "{\"uri\":\"https://hlt-edc-boq-kv01.vault.azure.net/secrets/serviceBusConnectionString01\"}"
  },
  "ServiceBus:ConnectionString02": {
    "VMA": "{\"uri\":\"https://hlt-edc-denovo-kv01.vault.azure.net/secrets/serviceBusConnectionString02\"}",
    "BOQ": "{\"uri\":\"https://hlt-edc-boq-kv01.vault.azure.net/secrets/serviceBusConnectionString02\"}",
    "MEB": "{\"uri\":\"https://hlt-edc-boq-kv01.vault.azure.net/secrets/serviceBusConnectionString02\"}"
  },
  "aemBackendUrl": {
    "VMA": "https://vma.dev.bankofqueensland.adobecqms.net",
    "BOQ": "https://boq.test.bankofqueensland.adobecqms.net",
    "MEB": "https://boq.test.bankofqueensland.adobecqms.net"
  },
  "ext-t24-url": {
    "VMA": "http://10.110.52.46:8080",
    "BOQ": "http://10.110.52.46:8080",
    "MEB": "http://10.110.52.46:8080"
  },
  "kv-t24-password-url": {
    "VMA": "{\"uri\":\"$(keyVaultBaseUrl)/ext-t24-password\"}",
    "BOQ": "{\"uri\":\"$(keyVaultBaseUrl)/ext-t24-password\"}",
    "MEB": "{\"uri\":\"$(keyVaultBaseUrl)/ext-t24-password\"}"
  },
  "keyVaultBaseUrl": {
    "VMA": "https://hlt-edc-$(shared.project)-kv01.vault.azure.net/secrets",
    "BOQ": "https://hlt-edc-$(shared.project)-kv01.vault.azure.net/secrets",
    "MEB": "https://hlt-edc-boq-kv01.vault.azure.net/secrets"
  },
  "use-t24-apim": {
    "VMA": "false",
    "BOQ": "false",
    "MEB": "false"
  },
  "ext-t24-subscription-key": {
    "VMA": "{\"uri\":\"https://hlt-edc-denovo-kv01.vault.azure.net/secrets/ext-t24-subscription-key\"}",
    "BOQ": "{\"uri\":\"https://hlt-edc-boq-kv01.vault.azure.net/secrets/ext-t24-subscription-key\"}",
    "MEB": "{\"uri\":\"https://hlt-edc-boq-kv01.vault.azure.net/secrets/ext-t24-subscription-key\"}"
  },
  "ext-adminidentity-clientId": {
    "VMA": "CIAMAdminPortal",
    "BOQ": "CIAMAdminPortal",
    "MEB": "CIAMAdminPortal"
  },
  "ciamAdmin-aadTenantId": {
    "VMA": "$(BOQDEV-aadTenantId)",
    "BOQ": "$(BOQDEV-aadTenantId)",
    "MEB": "$(BOQDEV-aadTenantId)"
  },
  "int-ciam-url": {
    "VMA": "https://hltedcdenovociamportal01.z8.web.core.windows.net/",
    "BOQ": "https://hltedcdenovociamportal01.z8.web.core.windows.net/",
    "MEB": "https://hltedcdenovociamportal01.z8.web.core.windows.net/"
  },
  "int-ciam-admin-origin": "https://hltedcdenovociamportal01.z8.web.core.windows.net/",
  "ext-adminidentity-clientsecret": {
    "VMA": "{\"uri\":\"https://hlt-edc-denovo-kv01.vault.azure.net/secrets/ext-adminidentity-clientsecret\"}",
    "BOQ": "{\"uri\":\"https://hlt-edc-boq-kv01.vault.azure.net/secrets/ext-adminidentity-clientsecret\"}",
    "MEB": "{\"uri\":\"https://hlt-edc-boq-kv01.vault.azure.net/secrets/ext-adminidentity-clientsecret\"}"
  },
  "ciam-portal-applicationid": {
    "VMA": "api://d465226e-2ea6-44c9-96a3-db0213cca3d1",
    "BOQ": "api://d465226e-2ea6-44c9-96a3-db0213cca3d1",
    "MEB": "api://d465226e-2ea6-44c9-96a3-db0213cca3d1"
  },
  "crm-backend-host": {
    "VMA": "https://cepboqpbbdev.crm6.dynamics.com/",
    "BOQ": "https://cepboqpbbdev.crm6.dynamics.com/",
    "MEB": "https://cepboqpbbdev.crm6.dynamics.com/"
  },
  "CosmosDb:ResourceKey": {
    "VMA": "{\"uri\":\"https://hlt-edc-denovo-kv01.vault.azure.net/secrets/cosmosDbResourceKey\"}",
    "BOQ": "{\"uri\":\"https://hlt-edc-boq-kv01.vault.azure.net/secrets/cosmosDbResourceKey\"}",
    "MEB": "{\"uri\":\"https://hlt-edc-boq-kv01.vault.azure.net/secrets/cosmosDbResourceKey\"}"
  },
  "apim-base-url": {
    "VMA": "https://api.$(environment)$(instance).denovo.boqdev.com.au",
    "BOQ": "https://api.$(environment)$(instance).denovo.boqdev.com.au/BOQ",
    "MEB": "https://api.$(environment)$(instance).denovo.boqdev.com.au/MEB"
  },
  "apim-base-url-external": {
    "VMA": "https://api.hlt01.denovo.boqdev.com.au",
    "BOQ": "https://api.hlt01.denovo.boqdev.com.au/BOQ",
    "MEB": "https://api.hlt01.meb.boqdev.com.au"
  },
  "OcpApimSubscriptionKey": {
    "VMA": "{\"uri\":\"https://hlt-edc-denovo-kv01.vault.azure.net/secrets/apimSubscriptionKey\"}",
    "BOQ": "{\"uri\":\"https://hlt-edc-boq-kv01.vault.azure.net/secrets/apimSubscriptionKey\"}",
    "MEB": "{\"uri\":\"https://hlt-edc-boq-kv01.vault.azure.net/secrets/apimSubscriptionKey\"}"
  },
  "ExternalApimSubscriptionKey": {
    "VMA": "{\"uri\":\"https://hlt-edc-denovo-kv01.vault.azure.net/secrets/externalSubscriptionKey\"}",
    "BOQ": "{\"uri\":\"https://hlt-edc-boq-kv01.vault.azure.net/secrets/externalSubscriptionKey\"}",
    "MEB": "{\"uri\":\"https://hlt-edc-boq-kv01.vault.azure.net/secrets/externalSubscriptionKey\"}"
  },
  "T24:ExternalApimSubscriptionKey": {
    "VMA": "$(ExternalApimSubscriptionKey)",
    "BOQ": "$(ExternalApimSubscriptionKey)",
    "MEB": "$(ExternalApimSubscriptionKey)"
  },
  "crm-oauth-token-request-body": {
    "VMA": "{\"uri\":\"https://hlt-edc-denovo-kv01.vault.azure.net/secrets/crm-oauth-token-request-body\"}",
    "BOQ": "{\"uri\":\"https://hlt-edc-boq-kv01.vault.azure.net/secrets/crm-oauth-token-request-body\"}",
    "MEB": "{\"uri\":\"https://hlt-edc-boq-kv01.vault.azure.net/secrets/crm-oauth-token-request-body\"}"
  },
  "MaliciousFileScan:ApiKey": {
    "VMA": "{\"uri\":\"https://hlt-edc-denovo-kv01.vault.azure.net/secrets/ext-wildfire-apiKey\"}",
    "BOQ": "{\"uri\":\"https://hlt-edc-boq-kv01.vault.azure.net/secrets/ext-wildfire-apiKey\"}",
    "MEB": "{\"uri\":\"https://hlt-edc-boq-kv01.vault.azure.net/secrets/ext-wildfire-apiKey\"}"
  },
  "AzureAd:TenantId": {
    "VMA": "$(BOQDEV-aadTenantId)",
    "BOQ": "$(BOQDEV-aadTenantId)",
    "MEB": "$(BOQDEV-aadTenantId)"
  },
  "AzureAd:ApplicationId": {
    "VMA": "$(BOQDEV-aadResourceId)",
    "BOQ": "$(BOQDEV-aadResourceId)",
    "MEB": "$(BOQDEV-aadResourceId)"
  },
  "AzureAd:ClientId": {
    "VMA": "b377907f-987a-4de4-8c56-a5f57277d073",
    "BOQ": "b377907f-987a-4de4-8c56-a5f57277d073",
    "MEB": "b377907f-987a-4de4-8c56-a5f57277d073"
  },
  "AzureAd:TokenUrl": {
    "VMA": "$(AzureAd:Instance)$(AzureAd:TenantId)/oauth2/token",
    "BOQ": "$(AzureAd:Instance)$(AzureAd:TenantId)/oauth2/token",
    "MEB": "$(AzureAd:Instance)$(AzureAd:TenantId)/oauth2/token"
  },
  "AzureAd:ExternalAudiences:ApimAzureAd": {
    "VMA": "$(BOQDEV-aadResourceId)",
    "BOQ": "$(BOQDEV-aadResourceId)",
    "MEB": "$(BOQDEV-aadResourceId)"
  },
  "MaliciousFileScan:BlobStorageConnectionString": {
    "VMA": "{\"uri\":\"$(keyVaultBaseUrl)/WildfireBlobStorageConnectionString\"}",
    "BOQ": "{\"uri\":\"$(keyVaultBaseUrl)/WildfireBlobStorageConnectionString\"}",
    "MEB": "{\"uri\":\"$(keyVaultBaseUrl)/WildfireBlobStorageConnectionString\"}"
  },
  "LoyaltyTableStorage:ConnectionString": {
    "VMA": "{\"uri\":\"https://hlt-edc-denovo-kv01.vault.azure.net/secrets/loyaltyTableStorageConnectionString\"}",
    "BOQ": "{\"uri\":\"https://hlt-edc-boq-kv01.vault.azure.net/secrets/loyaltyTableStorageConnectionString\"}",
    "MEB": "{\"uri\":\"https://hlt-edc-boq-kv01.vault.azure.net/secrets/loyaltyTableStorageConnectionString\"}"
  },
  "AzureAd:ClientSecret": {
    "VMA": "{\"uri\":\"https://hlt-edc-denovo-kv01.vault.azure.net/secrets/ext-wildfire-portal-clientSecret\"}",
    "BOQ": "{\"uri\":\"https://hlt-edc-boq-kv01.vault.azure.net/secrets/ext-wildfire-portal-clientSecret\"}",
    "MEB": "{\"uri\":\"https://hlt-edc-boq-kv01.vault.azure.net/secrets/ext-wildfire-portal-clientSecret\"}"
  },
  "apimName": {
    "VMA": "$(environment)-$(region.code)-$(shared.project)-apim$(apimInstance)",
    "BOQ": "$(environment)-$(region.code)-$(shared.project)-apim$(apimInstance)",
    "MEB": "$(environment)-$(region.code)-$(shared.project)-apim$(apimInstance)"
  },
  "apimInstance": {
    "VMA": "01",
    "BOQ": "01",
    "MEB": "01"
  },
  "ext-cuscal-url": {
    "VMA": "https://qa.api.cuscalext.com:59477",
    "BOQ": "https://qa.api.cuscalext.com:59477",
    "MEB": "https://qa.api.cuscalext.com:59477"
  },
  "ext-cuscal-payments-url": {
    "VMA": "https://qa.api.cuscalext.com:59475/",
    "BOQ": "https://qa.api.cuscalext.com:59475/",
    "MEB": "https://qa.api.cuscalext.com:59475/"
  },
  "ext-cuscal-cert-id": {
    "VMA": "cuscal",
    "BOQ": "private-dev-nonprod-BOQ-com-au",
    "MEB": "private-dev-nonprod-BOQ-com-au"
  },
  "ext-bpay-url": {
    "VMA": "https://ct-api.bpaygroup.com.au/",
    "BOQ": "https://ct-api.bpaygroup.com.au/",
    "MEB": "https://ct-api.bpaygroup.com.au/"
  },
  "kv-bpay-app-id-url": {
    "VMA": "{\"uri\":\"$(keyVaultBaseUrl)/bpay-app-id\"}",
    "BOQ": "{\"uri\":\"$(keyVaultBaseUrl)/bpay-app-id\"}",
    "MEB": "{\"uri\":\"$(keyVaultBaseUrl)/bpay-app-id\"}"
  },
  "kv-bpay-client-id-url": {
    "VMA": "{\"uri\":\"$(keyVaultBaseUrl)/bpay-client-id\"}",
    "BOQ": "{\"uri\":\"$(keyVaultBaseUrl)/bpay-client-id\"}",
    "MEB": "{\"uri\":\"$(keyVaultBaseUrl)/bpay-client-id\"}"
  },
  "kv-bpay-client-secret-url": {
    "VMA": "{\"uri\":\"$(keyVaultBaseUrl)/bpay-client-secret\"}",
    "BOQ": "{\"uri\":\"$(keyVaultBaseUrl)/bpay-client-secret\"}",
    "MEB": "{\"uri\":\"$(keyVaultBaseUrl)/bpay-client-secret\"}"
  },
  "ext-corelogic-url": {
    "VMA": "https://api-uat.corelogic.asia/",
    "BOQ": "https://api-uat.corelogic.asia/",
    "MEB": "TODO"
  },
  "ext-corelogic-auth-url": {
    "VMA": "https://api.corelogic.asia/",
    "BOQ": "https://api.corelogic.asia/",
    "MEB": "TODO"
  },
  "kv-corelogic-client-id-url": {
    "VMA": "{\"uri\":\"$(keyVaultBaseUrl)/corelogic-client-id\"}",
    "BOQ": "{\"uri\":\"$(keyVaultBaseUrl)/corelogic-client-id\"}",
    "MEB": "SECRET"
  },
  "kv-corelogic-client-secret-url": {
    "VMA": "{\"uri\":\"$(keyVaultBaseUrl)/corelogic-client-secret\"}",
    "BOQ": "{\"uri\":\"$(keyVaultBaseUrl)/corelogic-client-secret\"}",
    "MEB": "SECRET"
  },
  "SourceQueueName": {
    "VMA": "N/A",
    "BOQ": "N/A",
    "MEB": "N/A"
  },
  "T24ServiceBus:ConnectionString01": {
    "VMA": "{\"uri\":\"https://hlt-edc-denovo-kv01.vault.azure.net/secrets/T24ServiceBusConnectionString01\"}",
    "BOQ": "{\"uri\":\"https://hlt-edc-boq-kv01.vault.azure.net/secrets/T24ServiceBusConnectionString01\"}",
    "MEB": "{\"uri\":\"https://hlt-edc-boq-kv01.vault.azure.net/secrets/T24ServiceBusConnectionString01\"}"
  },
  "T24ServiceBus:ConnectionString02": {
    "VMA": "{\"uri\":\"https://hlt-edc-denovo-kv01.vault.azure.net/secrets/T24ServiceBusConnectionString02\"}",
    "BOQ": "{\"uri\":\"https://hlt-edc-boq-kv01.vault.azure.net/secrets/T24ServiceBusConnectionString02\"}",
    "MEB": "{\"uri\":\"https://hlt-edc-boq-kv01.vault.azure.net/secrets/T24ServiceBusConnectionString02\"}"
  },
  "ac-citi-partner-notification-datelimit": {
    "VMA": "5",
    "BOQ": "N/A",
    "MEB": "N/A"
  },
  "ac-citi-partner-notification-blob-connection": {
    "VMA": "{\"uri\":\"https://hlt-edc-denovo-kv01.vault.azure.net/secrets/citipartner-blob-connection\"}",
    "BOQ": "{\"uri\":\"https://hlt-edc-boq-kv01.vault.azure.net/secrets/citipartner-blob-connection\"}",
    "MEB": "{\"uri\":\"https://hlt-edc-boq-kv01.vault.azure.net/secrets/citipartner-blob-connection\"}"
  },
  "ac-snow-partner-notification-destination": {
    "VMA": "Vineetha.Gurrala@boqspecialist.com.au",
    "BOQ": "N/A",
    "MEB": "N/A"
  },
  "ac-snow-notification-basePath": {
    "VMA": "api/now/v1/email",
    "BOQ": "N/A",
    "MEB": "N/A"
  },
  "ac-snow-notification-contact": {
    "VMA": "John\u00a0Ross",
    "BOQ": "N/A",
    "MEB": "N/A"
  },
  "ac-snow-notification-contactPh": {
    "VMA": "+61491570156",
    "BOQ": "N/A",
    "MEB": "N/A"
  },
  "ac-snow-notification-contactEmail": {
    "VMA": "john.ross@boq.com.au",
    "BOQ": "N/A",
    "MEB": "N/A"
  },
  "ac-citi-partner-notification-tablestore-count": {
    "VMA": "100",
    "BOQ": "N/A",
    "MEB": "N/A"
  },
  "CuscalBic11": {
    "VMA": "VDUTAU21XXX",
    "BOQ": "QBANAU4BXXX",
    "MEB": "QBANAU4BXXX"
  },
  "CuscalIssuer": {
    "VMA": "122778",
    "BOQ": "124899",
    "MEB": "944100"
  },
  "AzureAd:Domain": {
    "VMA": "$(BOQDEV-aadDomain)",
    "BOQ": "$(BOQDEV-aadDomain)",
    "MEB": "$(BOQDEV-aadDomain)"
  },
  "NppLatency:StorageConnectionString": {
    "VMA": "{\"uri\":\"https://hlt-edc-denovo-kv01.vault.azure.net/secrets/nppLatencyStorageConnectionString\"}",
    "BOQ": "{\"uri\":\"https://hlt-edc-boq-kv01.vault.azure.net/secrets/nppLatencyStorageConnectionString\"}",
    "MEB": "{\"uri\":\"https://hlt-edc-boq-kv01.vault.azure.net/secrets/nppLatencyStorageConnectionString\"}"
  },
  "Logging-ApplicationInsights:ApplicationInsightsLogLevel": {
    "VMA": "Debug",
    "BOQ": "Debug",
    "MEB": "Debug"
  },
  "Bpay:SubscriptionKey": {
    "VMA": "{\"uri\":\"https://hlt-edc-denovo-kv01.vault.azure.net/secrets/bpaySubscriptionKey\"}",
    "BOQ": "{\"uri\":\"https://hlt-edc-boq-kv01.vault.azure.net/secrets/bpaySubscriptionKey\"}",
    "MEB": "{\"uri\":\"https://hlt-edc-boq-kv01.vault.azure.net/secrets/bpaySubscriptionKey\"}"
  },
  "t24KeyVaultName": {
    "VMA": "hlt-edc-vmatemenos-kv01",
    "BOQ": "hlt-edc-vmatemenos-kv01",
    "MEB": "hlt-edc-vmatemenos-kv01"
  },
  "FCM:BaseUrl": {
    "VMA": "http://10.110.52.39:8080/",
    "BOQ": "http://10.110.52.39:8080/",
    "MEB": "http://10.110.52.39:8080/"
  },
  "CiamSubscriptionKey": {
    "VMA": "{\"uri\":\"https://hlt-edc-denovo-kv01.vault.azure.net/secrets/ciamSubscriptionKey\"}",
    "BOQ": "{\"uri\":\"https://hlt-edc-boq-kv01.vault.azure.net/secrets/ciamSubscriptionKey\"}",
    "MEB": "{\"uri\":\"https://hlt-edc-boq-kv01.vault.azure.net/secrets/ciamSubscriptionKey\"}"
  },
  "AzureAd:ResourceId": {
    "VMA": "$(BOQDEV-aadResourceId)",
    "BOQ": "$(BOQDEV-aadResourceId)",
    "MEB": "$(BOQDEV-aadResourceId)"
  },
  "Fiserv:SubscriptionKey": {
    "VMA": "{\"uri\":\"https://hlt-edc-denovo-kv01.vault.azure.net/secrets/fiservSubscriptionKey\"}",
    "BOQ": "{\"uri\":\"https://hlt-edc-boq-kv01.vault.azure.net/secrets/fiservSubscriptionKey\"}",
    "MEB": "{\"uri\":\"https://hlt-edc-boq-kv01.vault.azure.net/secrets/fiservSubscriptionKey\"}"
  },
  "Des:Component1": {
    "VMA": "{\"uri\":\"https://hlt-edc-denovo-kv01.vault.azure.net/secrets/desComponent1\"}",
    "BOQ": "{\"uri\":\"https://hlt-edc-boq-kv01.vault.azure.net/secrets/desComponent1\"}",
    "MEB": "{\"uri\":\"https://hlt-edc-boq-kv01.vault.azure.net/secrets/desComponent1\"}"
  },
  "Des:Component2": {
    "VMA": "{\"uri\":\"https://hlt-edc-denovo-kv01.vault.azure.net/secrets/desComponent2\"}",
    "BOQ": "{\"uri\":\"https://hlt-edc-boq-kv01.vault.azure.net/secrets/desComponent2\"}",
    "MEB": "{\"uri\":\"https://hlt-edc-boq-kv01.vault.azure.net/secrets/desComponent2\"}"
  },
  "Des:Component3": {
    "VMA": "{\"uri\":\"https://hlt-edc-denovo-kv01.vault.azure.net/secrets/desComponent3\"}",
    "BOQ": "{\"uri\":\"https://hlt-edc-boq-kv01.vault.azure.net/secrets/desComponent3\"}",
    "MEB": "{\"uri\":\"https://hlt-edc-boq-kv01.vault.azure.net/secrets/desComponent3\"}"
  },
  "ApplePay:Base64RootCert": {
    "VMA": "{\"uri\":\"https://hlt-edc-denovo-kv01.vault.azure.net/secrets/appleRootCertBase64\"}",
    "BOQ": "{\"uri\":\"https://hlt-edc-boq-kv01.vault.azure.net/secrets/appleRootCertBase64\"}",
    "MEB": "{\"uri\":\"https://hlt-edc-boq-kv01.vault.azure.net/secrets/appleRootCertBase64\"}"
  },
  "WEBSITE_LOAD_ROOT_CERTIFICATES": {
    "VMA": "{\"uri\":\"https://hlt-edc-denovo-kv01.vault.azure.net/secrets/websiteLoadRootCertificates\"}",
    "BOQ": "{\"uri\":\"https://hlt-edc-boq-kv01.vault.azure.net/secrets/websiteLoadRootCertificates\"}",
    "MEB": "{\"uri\":\"https://hlt-edc-boq-kv01.vault.azure.net/secrets/websiteLoadRootCertificates\"}"
  },
  "External-Product:SubscriptionKey": {
    "VMA": "{\"uri\":\"https://hlt-edc-denovo-kv01.vault.azure.net/secrets/external-product-subscriptionkey\"}",
    "BOQ": "{\"uri\":\"https://hlt-edc-boq-kv01.vault.azure.net/secrets/external-product-subscriptionkey\"}",
    "MEB": "{\"uri\":\"https://hlt-edc-boq-kv01.vault.azure.net/secrets/external-product-subscriptionkey\"}"
  },
  "ProductSubscriberMockService:BaseUrl": {
    "VMA": "https://dea27465-189a-4b53-8184-7d885e0bb540.mock.pstmn.io",
    "BOQ": "https://dea27465-189a-4b53-8184-7d885e0bb540.mock.pstmn.io",
    "MEB": "https://dea27465-189a-4b53-8184-7d885e0bb540.mock.pstmn.io"
  },
  "ProductSubscriberMockService:GetProductsPath": {
    "VMA": "/v1/products",
    "BOQ": "/v1/products",
    "MEB": "/v1/products"
  },
  "ProductSubscriberService:BaseUrl": {
    "VMA": "$(apim-base-url)",
    "BOQ": "$(apim-base-url)",
    "MEB": "$(apim-base-url)"
  },
  "ProductSubscriberService:GetProductsPath": {
    "VMA": "/product-subscription/v1/products",
    "BOQ": "/product-subscription/v1/products",
    "MEB": "/product-subscription/v1/products"
  },
  "ProductSubscriptionMockService:BaseUrl": {
    "VMA": "https://dea27465-189a-4b53-8184-7d885e0bb540.mock.pstmn.io",
    "BOQ": "https://dea27465-189a-4b53-8184-7d885e0bb540.mock.pstmn.io",
    "MEB": "https://dea27465-189a-4b53-8184-7d885e0bb540.mock.pstmn.io"
  },
  "ProductSubscriptionMockService:GetProductsPath": {
    "VMA": "/v1/products",
    "BOQ": "/v1/products",
    "MEB": "/v1/products"
  },
  "int-product-subscription-url": {
    "VMA": "https://product-subscription-webapp-$(environment)-$(instance)-$(region.code).$(aseName).appserviceenvironment.net/",
    "BOQ": "https://product-subscription-webapp-boq-$(environment)-$(instance)-$(region.code).$(aseName).appserviceenvironment.net/",
    "MEB": "https://product-subscription-webapp-meb-$(environment)-$(instance)-$(region.code).$(aseName).appserviceenvironment.net/"
  },
  "ProductSubscriptionService:BaseUrl": {
    "VMA": "$(int-product-subscription-url)",
    "BOQ": "$(int-product-subscription-url)",
    "MEB": "$(int-product-subscription-url)"
  },
  "ProductSubscriptionService:GetProductsPath": {
    "VMA": "product-subscription/v1/products",
    "BOQ": "product-subscription/v1/products",
    "MEB": "product-subscription/v1/products"
  },
  "PaymentLimitsMockService:BaseUrl": {
    "VMA": "https://8131ba63-7e68-44af-ae4c-0d5a11dadf9f.mock.pstmn.io",
    "BOQ": "https://8131ba63-7e68-44af-ae4c-0d5a11dadf9f.mock.pstmn.io",
    "MEB": "https://8131ba63-7e68-44af-ae4c-0d5a11dadf9f.mock.pstmn.io"
  },
  "PaymentLimitsMockService:GetPaymentLimitsUri": {
    "VMA": "/payment-limits/v1/limits",
    "BOQ": "/payment-limits/v1/limits",
    "MEB": "/payment-limits/v1/limits"
  },
  "T24Mock:BaseUrl": {
    "VMA": "https://e89ec4eb-ced5-452e-b9cf-5191e32fd8d7.mock.pstmn.io/t24/v1/",
    "BOQ": "https://e89ec4eb-ced5-452e-b9cf-5191e32fd8d7.mock.pstmn.io/t24/v1/",
    "MEB": "https://e89ec4eb-ced5-452e-b9cf-5191e32fd8d7.mock.pstmn.io/t24/v1/"
  },
  "T24Mock:Package": {
    "VMA": "/VMAirisR19/api/v1.0.0",
    "BOQ": "/VMAirisR19/api/v1.0.0",
    "MEB": "/VMAirisR19/api/v1.0.0"
  },
  "CustomerAccounts:SubscriptionKey": {
    "VMA": "{\"uri\":\"https://hlt-edc-denovo-kv01.vault.azure.net/secrets/OcpApimSubscriptionKey\"}",
    "BOQ": "{\"uri\":\"https://hlt-edc-boq-kv01.vault.azure.net/secrets/InternalApimSubscriptionKey\"}",
    "MEB": "{\"uri\":\"https://hlt-edc-boq-kv01.vault.azure.net/secrets/InternalApimSubscriptionKey\"}"
  },
  "MobileConfigurationLocation": {
    "VMA": "{\"uri\":\"https://hlt-edc-denovo-kv01.vault.azure.net/secrets/mobileConfigurationSasUrl\"}",
    "BOQ": "{\"uri\":\"https://hlt-edc-boq-kv01.vault.azure.net/secrets/mobileConfigurationSasUrl\"}",
    "MEB": "{\"uri\":\"https://hlt-edc-boq-kv01.vault.azure.net/secrets/mobileConfigurationSasUrl\"}"
  },
  "NppStore:ConnectionString": {
    "VMA": "{\"uri\":\"https://hlt-edc-denovo-kv01.vault.azure.net/secrets/payment-npp-storage-secret\"}",
    "BOQ": "{\"uri\":\"https://hlt-edc-boq-kv01.vault.azure.net/secrets/payment-npp-storage-secret\"}",
    "MEB": "{\"uri\":\"https://hlt-edc-boq-kv01.vault.azure.net/secrets/payment-npp-storage-secret\"}"
  },
  "Cuscal:VmaBic11": {
    "VMA": "VDUTAU21XXX",
    "BOQ": "QBANAU4BXXX",
    "MEB": "QBANAU4BXXX"
  },
  "Cuscal:LegacyBic11": {
    "MEB": "MEQBAU3MXXX"
  },
  "Cuscal:LegacyIssuer": {
    "MEB": "944600"
  },
  "XrmAuth:TenantId": {
    "VMA": "TODO",
    "BOQ": "TODO",
    "MEB": "TODO"
  },
  "XrmAuth:ClientId": {
    "VMA": "SECRET",
    "BOQ": "SECRET",
    "MEB": "SECRET"
  },
  "XrmAuth:ClientSecret": {
    "VMA": "SECRET",
    "BOQ": "SECRET",
    "MEB": "SECRET"
  },
  "ext-hce-url": {
    "VMA": "https://203.17.35.142:553",
    "BOQ": "https://203.17.35.142:553",
    "MEB": "https://203.17.35.142:553"
  },
  "CiamGateway:ProductSubscriptionKey": {
    "VMA": "{\"uri\":\"https://hlt-edc-denovo-kv01.vault.azure.net/secrets/ciamGatewaySystemToken\"}",
    "BOQ": "{\"uri\":\"https://hlt-edc-boq-kv01.vault.azure.net/secrets/ciamGatewaySystemToken\"}",
    "MEB": "{\"uri\":\"https://hlt-edc-boq-kv01.vault.azure.net/secrets/ciamGatewaySystemToken\"}"
  },
  "integration-public-key": {
    "VMA": "{\"uri\":\"https://hlt-edc-denovo-kv01.vault.azure.net/secrets/integration-public-key\"}",
    "BOQ": "{\"uri\":\"https://hlt-edc-boq-kv01.vault.azure.net/secrets/integration-public-key\"}",
    "MEB": "{\"uri\":\"https://hlt-edc-boq-kv01.vault.azure.net/secrets/integration-public-key\"}"
  },
  "kv-cuscal-issuer-name-url": {
    "VMA": "{\"uri\":\"https://hlt-edc-denovo-kv01.vault.azure.net/secrets/cuscal-issuer-name\"}",
    "BOQ": "{\"uri\":\"https://hlt-edc-boq-kv01.vault.azure.net/secrets/cuscal-issuer-name\"}",
    "MEB": "{\"uri\":\"https://hlt-edc-boq-kv01.vault.azure.net/secrets/cuscal-issuer-name\"}"
  },
  "kv-cuscal-subject-url": {
    "VMA": "{\"uri\":\"https://hlt-edc-denovo-kv01.vault.azure.net/secrets/cuscal-cert-subject\"}",
    "BOQ": "{\"uri\":\"https://hlt-edc-boq-kv01.vault.azure.net/secrets/cuscal-cert-subject\"}",
    "MEB": "{\"uri\":\"https://hlt-edc-boq-kv01.vault.azure.net/secrets/cuscal-cert-subject\"}"
  },
  "kv-cuscal-thumbprint-url": {
    "VMA": "{\"uri\":\"https://hlt-edc-denovo-kv01.vault.azure.net/secrets/cuscal-cert-thumbprint\"}",
    "BOQ": "{\"uri\":\"https://hlt-edc-boq-kv01.vault.azure.net/secrets/cuscal-cert-thumbprint\"}",
    "MEB": "{\"uri\":\"https://hlt-edc-boq-kv01.vault.azure.net/secrets/cuscal-cert-thumbprint\"}"
  },
  "ext-fiserv-url": {
    "VMA": "https://203.17.35.157:2443",
    "BOQ": "https://203.17.35.157:2443",
    "MEB": "https://203.17.35.157:2443"
  },
  "ext-fiserv-applicationid": {
    "VMA": "api://39d49d40-1350-4014-9550-dff9c5d386b1",
    "BOQ": "api://39d49d40-1350-4014-9550-dff9c5d386b1",
    "MEB": "api://39d49d40-1350-4014-9550-dff9c5d386b1"
  },
  "ext-pega-applicationid": {
    "VMA": "api://dev-pega-mediator-apim-aadapp",
    "BOQ": "api://dev-pega-mediator-apim-aadapp",
    "MEB": "api://dev-pega-mediator-apim-aadapp"
  },
  "ext-cep-applicationid": {
    "VMA": "9cd6cf3b-79a4-476d-8da1-e1ca320a92bf",
    "BOQ": "9cd6cf3b-79a4-476d-8da1-e1ca320a92bf",
    "MEB": "9cd6cf3b-79a4-476d-8da1-e1ca320a92bf"
  },
  "aadTenantId": {
    "VMA": "$(BOQDEV-aadTenantId)",
    "BOQ": "$(BOQDEV-aadTenantId)",
    "MEB": "$(BOQDEV-aadTenantId)"
  },
  "ext-visa-url": {
    "VMA": "https://cert.api.visa.com/vop/v1",
    "BOQ": "N/A",
    "MEB": "N/A"
  },
  "ext-visa-client-certificate-id": {
    "VMA": "VisaVop",
    "BOQ": "N/A",
    "MEB": "N/A"
  },
  "ext-visa-client-id": {
    "VMA": "{\"uri\":\"https://hlt-edc-denovo-kv01.vault.azure.net/secrets/ext-visa-client-id\"}",
    "BOQ": "N/A",
    "MEB": "N/A"
  },
  "ext-visa-client-secret": {
    "VMA": "{\"uri\":\"https://hlt-edc-denovo-kv01.vault.azure.net/secrets/ext-visa-client-secret\"}",
    "BOQ": "N/A",
    "MEB": "N/A"
  },
  "ext-citibank-client-certificate-id": {
    "VMA": "citi2",
    "BOQ": "N/A",
    "MEB": "N/A"
  },
  "ext-citibank-rce-client-id": {
    "VMA": "5241eba3-1462-444d-be2f-c83e4fd93e90",
    "BOQ": "N/A",
    "MEB": "N/A"
  },
  "ext-citibank-url": {
    "VMA": "https://aspac.sandbox.apib2b.citi.com/gcbap",
    "BOQ": "N/A",
    "MEB": "N/A"
  },
  "NamedValuesUri": {
    "VMA": "$($(region.code).NamedValuesUri)",
    "BOQ": "$($(region.code).NamedValuesUri)",
    "MEB": "$($(region.code).NamedValuesUri)"
  },
  "edc.NamedValuesUri": {
    "VMA": "subscriptions/77e16139-608c-47ca-93c9-3cb5c1ea736a/resourceGroups/dev-edc-denovo-hlt-web-rg01/providers/Microsoft.ApiManagement/service/hlt-edc-denovo-apim01/namedValues/",
    "BOQ": "subscriptions/77e16139-608c-47ca-93c9-3cb5c1ea736a/resourceGroups/dev-edc-denovo-hlt-web-rg01/providers/Microsoft.ApiManagement/service/hlt-edc-denovo-apim01/namedValues/",
    "MEB": "subscriptions/77e16139-608c-47ca-93c9-3cb5c1ea736a/resourceGroups/dev-edc-denovo-hlt-web-rg01/providers/Microsoft.ApiManagement/service/hlt-edc-denovo-apim01/namedValues/"
  },
  "ext-citibank-rce-basic-auth-credential": {
    "VMA": "{\"uri\":\"https://hlt-edc-denovo-kv01.vault.azure.net/secrets/ext-citibank-rce-basic-auth-credential\"}",
    "BOQ": "{\"uri\":\"https://hlt-edc-boq-kv01.vault.azure.net/secrets/ext-citibank-rce-basic-auth-credential\"}",
    "MEB": "{\"uri\":\"https://hlt-edc-boq-kv01.vault.azure.net/secrets/ext-citibank-rce-basic-auth-credential\"}"
  },
  "ext-address-equifaxreferer": {
    "VMA": "DEV.VMA.COM.AU",
    "BOQ": "https://api.hlt01.boq.boqdev.com.au",
    "MEB": "https://api.hlt01.boq.boqdev.com.au"
  },
  "ext-address-equifaxbasicauth": {
    "VMA": "{\"uri\":\"https://hlt-edc-denovo-kv01.vault.azure.net/secrets/ext-address-equifaxbasicauth\"}",
    "BOQ": "{\"uri\":\"https://hlt-edc-boq-kv01.vault.azure.net/secrets/ext-address-equifaxbasicauth\"}",
    "MEB": "{\"uri\":\"https://hlt-edc-boq-kv01.vault.azure.net/secrets/ext-address-equifaxbasicauth\"}"
  },
  "ext-address-equifaxurl": {
    "VMA": "https://services.inivio.com.au/autocomplete/address",
    "BOQ": "https://services.inivio.com.au/autocomplete/address",
    "MEB": "https://services.inivio.com.au/autocomplete/address"
  },
  "FCM:BasicAuthCredential": {
    "VMA": "{\"uri\":\"https://hlt-edc-denovo-kv01.vault.azure.net/secrets/ext-fcm-basic-auth-credential\"}",
    "BOQ": "{\"uri\":\"https://hlt-edc-boq-kv01.vault.azure.net/secrets/ext-fcm-basic-auth-credential\"}",
    "MEB": "{\"uri\":\"https://hlt-edc-boq-kv01.vault.azure.net/secrets/ext-fcm-basic-auth-credential\"}"
  },
  "ext-efs-url": {
    "VMA": "https://efs-dev.boqsvdc.com.au/rest/v1",
    "BOQ": "https://efs-dev.boqsvdc.com.au/rest/v1",
    "MEB": "https://efs-dev.boqsvdc.com.au/rest/v1"
  },
  "EfsConfiguration:Username": {
    "VMA": "{\"uri\":\"$(keyVaultBaseUrl)/EfsConfiguration--Username\"}",
    "BOQ": "{\"uri\":\"$(keyVaultBaseUrl)/EfsConfiguration--Username\"}",
    "MEB": "{\"uri\":\"$(keyVaultBaseUrl)/EfsConfiguration--Username\"}"
  },
  "EfsConfiguration:Password": {
    "VMA": "{\"uri\":\"$(keyVaultBaseUrl)/EfsConfiguration--Password\"}",
    "BOQ": "{\"uri\":\"$(keyVaultBaseUrl)/EfsConfiguration--Password\"}",
    "MEB": "{\"uri\":\"$(keyVaultBaseUrl)/EfsConfiguration--Password\"}"
  },
  "EfsConfiguration:XsrfToken": {
    "VMA": "{\"uri\":\"$(keyVaultBaseUrl)/EfsConfiguration--XsrfToken\"}",
    "BOQ": "{\"uri\":\"$(keyVaultBaseUrl)/EfsConfiguration--XsrfToken\"}",
    "MEB": "{\"uri\":\"$(keyVaultBaseUrl)/EfsConfiguration--XsrfToken\"}"
  },
  "Tjm:BaseUrl": {
    "VMA": "https://hlt.boq.avoka-transact.com",
    "BOQ": "https://hlt.boq.avoka-transact.com",
    "MEB": "https://hlt.boq.avoka-transact.com"
  },
  "ext-frollo-url": {
    "VMA": "https://vmahlt-uat.frollo.us/api/admin/",
    "BOQ": "https://boqhlt-uat.frollo.us/api/admin/",
    "MEB": "https://boqhlt-uat.frollo.us/api/admin/"
  },
  "ext-frollo-api-key": {
    "VMA": "{\"uri\":\"https://hlt-edc-denovo-kv01.vault.azure.net/secrets/ext-frollo-api-key\"}",
    "BOQ": "{\"uri\":\"https://hlt-edc-boq-kv01.vault.azure.net/secrets/ext-frollo-api-key\"}",
    "MEB": "{\"uri\":\"https://hlt-edc-boq-kv01.vault.azure.net/secrets/ext-frollo-api-key\"}"
  },
  "crm-keyvault-name": {
    "VMA": "hlt-edc-$(shared.project)-kv01",
    "BOQ": "hlt-edc-$(shared.project)-kv01",
    "MEB": "hlt-edc-boq-kv01"
  },
  "ext-safer-payments-url": {
    "VMA": "https://ace.fms.boqdev.local/v1",
    "BOQ": "https://ace.fms.boqdev.local/v1",
    "MEB": "https://ace.fms.boqdev.local/v1"
  },
  "ext-ibm-cert-id": {
    "VMA": "ibmsafe",
    "BOQ": "ibmsafe",
    "MEB": "ibmsafe"
  },
  "ext-aadTenantId": {
    "VMA": "b0e7ed13-0b42-4ca9-82f8-c753aecbae79",
    "BOQ": "b0e7ed13-0b42-4ca9-82f8-c753aecbae79",
    "MEB": "b0e7ed13-0b42-4ca9-82f8-c753aecbae79"
  },
  "ext-openid-config-url": {
    "VMA": "$(ext-aadInstance)$(ext-aadTenantId)/.well-known/openid-configuration",
    "BOQ": "$(ext-aadInstance)$(ext-aadTenantId)/.well-known/openid-configuration",
    "MEB": "$(ext-aadInstance)$(ext-aadTenantId)/.well-known/openid-configuration"
  },
  "ext-wildfire-portal-applicationid": {
    "VMA": "api://39d49d40-1350-4014-9550-dff9c5d386b1",
    "BOQ": "api://39d49d40-1350-4014-9550-dff9c5d386b1",
    "MEB": "api://39d49d40-1350-4014-9550-dff9c5d386b1"
  },
  "ext-genesys-portal-applicationid": {
    "VMA": "api://39d49d40-1350-4014-9550-dff9c5d386b1",
    "BOQ": "api://39d49d40-1350-4014-9550-dff9c5d386b1",
    "MEB": "api://39d49d40-1350-4014-9550-dff9c5d386b1"
  },
  "ext-genesys-url": {
    "VMA": "https://chattest.boq.com.au:5300/",
    "BOQ": "https://chattest.boq.com.au:5300/",
    "MEB": "https://chattest.boq.com.au:5300/"
  },
  "ext-genesys-password": {
    "VMA": "{\"uri\":\"https://hlt-edc-denovo-kv01.vault.azure.net/secrets/ext-genesys-password\"}",
    "BOQ": "{\"uri\":\"https://hlt-edc-boq-kv01.vault.azure.net/secrets/ext-genesys-password\"}",
    "MEB": "{\"uri\":\"https://hlt-edc-boq-kv01.vault.azure.net/secrets/ext-genesys-password\"}"
  },
  "ext-servicenow-url": {
    "VMA": "https://boqTest.service-now.com",
    "BOQ": "https://boqTest.service-now.com",
    "MEB": "https://boqTest.service-now.com"
  },
  "ext-servicenow-username": {
    "VMA": "svc-snow-denovo-api",
    "BOQ": "svc-snow-denovo-api",
    "MEB": "svc-snow-denovo-api"
  },
  "ext-servicenow-password": {
    "VMA": "{\"uri\":\"https://hlt-edc-denovo-kv01.vault.azure.net/secrets/ext-servicenow-password\"}",
    "BOQ": "{\"uri\":\"https://hlt-edc-boq-kv01.vault.azure.net/secrets/ext-servicenow-password\"}",
    "MEB": "{\"uri\":\"https://hlt-edc-boq-kv01.vault.azure.net/secrets/ext-servicenow-password\"}"
  },
  "ServiceNow:Contact": {
    "VMA": "Test person"
  },
  "ServiceNow:ContactPhone": {
    "VMA": "+61 491 570 156"
  },
  "ServiceNow:ContactEmail": {
    "VMA": "test@testfake.email.address"
  },
  "ServiceNow:DestinationEmail": {
    "VMA": "test@testfake.email.address"
  },
  "int-sms-shared-secret": {
    "VMA": "{\"uri\":\"https://hlt-edc-denovo-kv01.vault.azure.net/secrets/int-sms-shared-secret\"}",
    "BOQ": "{\"uri\":\"https://hlt-edc-boq-kv01.vault.azure.net/secrets/int-sms-shared-secret\"}",
    "MEB": "{\"uri\":\"https://hlt-edc-boq-kv01.vault.azure.net/secrets/int-sms-shared-secret\"}"
  },
  "aseName": {
    "VMA": "$(environment)-$(region.code)-denovo-ase$(instance)",
    "BOQ": "$(environment)-$(region.code)-denovo-ase$(instance)",
    "MEB": "$(environment)-$(region.code)-denovo-ase$(instance)"
  },
  "kv-genesys-cloud-oauth-token-request-body": {
    "VMA": "SECRET",
    "BOQ": "SECRET",
    "MEB": "SECRET"
  },
  "GenesysCloud:IntegrationId": {
    "VMA": "0cde93cb-6d35-46ff-b915-167e64374de1",
    "BOQ": "f5e1a746-b8a6-4536-9099-ff574f808db7",
    "MEB": "0df58cb2-8c5f-438f-a703-84afcf152770"
  },
  "GenesysOptions:ClientId": {
    "VMA": "289e298b-11a2-4991-8b16-ae315fd2551f",
    "BOQ": "289e298b-11a2-4991-8b16-ae315fd2551f",
    "MEB": "289e298b-11a2-4991-8b16-ae315fd2551f"
  },
  "GenesysOptions:Resourceid": {
    "VMA": "api://39d49d40-1350-4014-9550-dff9c5d386b1/.default",
    "BOQ": "api://39d49d40-1350-4014-9550-dff9c5d386b1/.default",
    "MEB": "api://39d49d40-1350-4014-9550-dff9c5d386b1/.default"
  },
  "GenesysOptions:PushMessageEFSPath": {
    "VMA": "https://efs-dev.boqsvdc.com.au",
    "BOQ": "https://efs-dev.boqsvdc.com.au",
    "MEB": "https://efs-dev.boqsvdc.com.au"
  },
  "GenesysOptions:Authority": {
    "VMA": "https://login.microsoftonline.com/b0e7ed13-0b42-4ca9-82f8-c753aecbae79",
    "BOQ": "https://login.microsoftonline.com/b0e7ed13-0b42-4ca9-82f8-c753aecbae79",
    "MEB": "https://login.microsoftonline.com/b0e7ed13-0b42-4ca9-82f8-c753aecbae79"
  },
  "GenesysOptions:ClientSecret": {
    "VMA": "{\"uri\":\"$(keyVaultBaseUrl)/genesysWildcardClientSecret\"}",
    "BOQ": "{\"uri\":\"$(keyVaultBaseUrl)/genesysWildcardClientSecret\"}",
    "MEB": "{\"uri\":\"$(keyVaultBaseUrl)/genesysWildcardClientSecret\"}"
  },
  "GenesysOptions:ChatPath": {
    "VMA": "genesys/2/chat/VMAChat",
    "BOQ": "genesys/2/chat/BOQXChat",
    "MEB": "genesys/2/chat/MEBChat"
  },
  "GenesysOptions:SendPath": {
    "VMA": "genesys/2/chat/VMAChat/{chatId}/send",
    "BOQ": "genesys/2/chat/BOQXChat/{chatId}/send",
    "MEB": "genesys/2/chat/MEBChat/{chatId}/send"
  },
  "GenesysOptions:RefreshPath": {
    "VMA": "genesys/2/chat/VMAChat/{chatId}/refresh",
    "BOQ": "genesys/2/chat/BOQXChat/{chatId}/refresh",
    "MEB": "genesys/2/chat/MEBChat/{chatId}/refresh"
  },
  "GenesysOptions:PushUrlPath": {
    "VMA": "genesys/2/chat/VMAChat/{chatId}/pushUrl",
    "BOQ": "genesys/2/chat/BOQXChat/{chatId}/pushUrl",
    "MEB": "genesys/2/chat/MEBChat/{chatId}/pushUrl"
  },
  "AwsOptions:AccessKey": {
    "VMA": "{\"uri\":\"$(keyVaultBaseUrl)/AWSAccessKey\"}",
    "BOQ": "{\"uri\":\"$(keyVaultBaseUrl)/AWSAccessKey\"}",
    "MEB": "{\"uri\":\"$(keyVaultBaseUrl)/AWSAccessKey\"}"
  },
  "AwsOptions:SecretKey": {
    "VMA": "{\"uri\":\"$(keyVaultBaseUrl)/AWSSecretAccessKey\"}",
    "BOQ": "{\"uri\":\"$(keyVaultBaseUrl)/AWSSecretAccessKey\"}",
    "MEB": "{\"uri\":\"$(keyVaultBaseUrl)/AWSSecretAccessKey\"}"
  },
  "AwsOptions:PlatformArnApple": {
    "VMA": "arn:aws:sns:ap-southeast-2:549892674676:app/APNS/np-apse2-denovo-ios-pa02",
    "BOQ": "arn:aws:sns:ap-southeast-2:549892674676:app/APNS/sit-apse2-boqx-apns-pa01",
    "MEB": "arn:aws:sns:ap-southeast-2:549892674676:app/APNS/sit-apse2-boqx-apns-pa01"
  },
  "AwsOptions:PlatformArnAndroid": {
    "VMA": "arn:aws:sns:ap-southeast-2:549892674676:app/GCM/np-apse2-denovo-fcm-pa01",
    "BOQ": "arn:aws:sns:ap-southeast-2:549892674676:app/GCM/np-apse2-boqx-fcm-pa01",
    "MEB": "arn:aws:sns:ap-southeast-2:549892674676:app/GCM/np-apse2-boqx-fcm-pa01"
  },
  "AwsOptions:TopicArn": {
    "VMA": "{\"uri\":\"https://hlt-edc-denovo-kv01.vault.azure.net/secrets/TopicArn\"}",
    "BOQ": "{\"uri\":\"https://hlt-edc-boq-kv01.vault.azure.net/secrets/TopicArn\"}",
    "MEB": "{\"uri\":\"https://hlt-edc-boq-kv01.vault.azure.net/secrets/TopicArn\"}"
  },
  "AdobeOptions:ExchangeJWTUri": {
    "BOQ": "https://ims-na1.adobelogin.com/ims/exchange/jwt/",
    "MEB": "https://ims-na1.adobelogin.com/ims/exchange/jwt/",
    "VMA": "https://ims-na1.adobelogin.com/ims/exchange/jwt/"
  },
  "AdobeOptions:ClientId": {
    "VMA": "d10902f9a4434870b09ad0234c8225be",
    "BOQ": "d10902f9a4434870b09ad0234c8225be",
    "MEB": "d10902f9a4434870b09ad0234c8225be"
  },
  "AdobeOptions:ClientSecret": {
    "VMA": "{\"uri\":\"https://hlt-edc-denovo-kv01.vault.azure.net/secrets/AdobeClientSecret\"}",
    "BOQ": "{\"uri\":\"https://hlt-edc-boq-kv01.vault.azure.net/secrets/AdobeClientSecret\"}",
    "MEB": "{\"uri\":\"https://hlt-edc-boq-kv01.vault.azure.net/secrets/AdobeClientSecret\"}"
  },
  "AdobeOptions:ApiKey": {
    "VMA": "{\"uri\":\"https://hlt-edc-denovo-kv01.vault.azure.net/secrets/AdobeApiKey\"}",
    "BOQ": "{\"uri\":\"https://hlt-edc-boq-kv01.vault.azure.net/secrets/AdobeApiKey\"}",
    "MEB": "{\"uri\":\"https://hlt-edc-boq-kv01.vault.azure.net/secrets/AdobeApiKey\"}"
  },
  "AdobeOptions:PrivateKey": {
    "VMA": "https://$(keyVaultName).vault.azure.net/keys/AdobePrivate",
    "BOQ": "https://$(keyVaultName).vault.azure.net/keys/AdobePrivate",
    "MEB": "https://$(keyVaultName).vault.azure.net/keys/AdobePrivate"
  },
  "AdobeOptions:CampaignUriTemplate": {
    "VMA": "https://mc.adobe.io/{0}/campaign/{1}/{2}",
    "BOQ": "https://mc.adobe.io/{0}/campaign/{1}/{2}",
    "MEB": "https://mc.adobe.io/{0}/campaign/{1}/{2}"
  },
  "AdobeOptions:InstanceId": {
    "VMA": "bankofqueenslandlimited-mkt-stage1",
    "BOQ": "bankofqueenslandlimited-mkt-stage1",
    "MEB": "bankofqueenslandlimited-mkt-stage1"
  },
  "AdobeOptions:CampaignId": {
    "VMA": "mcbankofqueenslandlimited",
    "BOQ": "mcbankofqueenslandlimited",
    "MEB": "mcbankofqueenslandlimited"
  },
  "AdobeOptions:Sub": {
    "BOQ": "5C2C0EBC5E4B30E40A495E78@techacct.adobe.com",
    "MEB": "5C2C0EBC5E4B30E40A495E78@techacct.adobe.com",
    "VMA": "5C2C0EBC5E4B30E40A495E78@techacct.adobe.com"
  },
  "AdobeOptions:Aud": {
    "BOQ": "https://ims-na1.adobelogin.com/c/d10902f9a4434870b09ad0234c8225be",
    "MEB": "https://ims-na1.adobelogin.com/c/d10902f9a4434870b09ad0234c8225be",
    "VMA": "https://ims-na1.adobelogin.com/c/d10902f9a4434870b09ad0234c8225be"
  },
  "AdobeOptions:MockCampaignRedirectAddress": {
    "BOQ": "customerboq+HLT@gmail.com",
    "MEB": "customermeb+HLT@gmail.com",
    "VMA": "customervma+HLT@gmail.com"
  },
  "AdobeOptions:MockCampaignFlag": {
    "BOQ": "true",
    "MEB": "true",
    "VMA": "true"
  },
  "KeyVault:RSAPrivateKey": {
    "VMA": "secret",
    "BOQ": "secret",
    "MEB": "secret"
  },
  "KeyVault:ZpkKey": {
    "VMA": "3des-zpk-key",
    "BOQ": "3des-zpk-key",
    "MEB": "3des-zpk-key"
  },
  "sec-iib-whitelist-ip-address-from-1": {
    "VMA": " ",
    "BOQ": " ",
    "MEB": " "
  },
  "sec-iib-whitelist-ip-address-to-1": {
    "VMA": " ",
    "BOQ": " ",
    "MEB": " "
  },
  "sec-iib-whitelist-ip-address-from-2": {
    "VMA": " ",
    "BOQ": " ",
    "MEB": " "
  },
  "sec-iib-whitelist-ip-address-to-2": {
    "VMA": " ",
    "BOQ": " ",
    "MEB": " "
  },
  "sec-iib-whitelist-ip-address-from-3": {
    "VMA": " ",
    "BOQ": " ",
    "MEB": " "
  },
  "sec-iib-whitelist-ip-address-to-3": {
    "VMA": " ",
    "BOQ": " ",
    "MEB": " "
  },
  "CustomerAccounts:MockUrl": {
    "VMA": "https://34a8cb4b-88a3-4d5c-8b5d-9640abcaf702.mock.pstmn.io/customer-accounts/v1/",
    "BOQ": "https://34a8cb4b-88a3-4d5c-8b5d-9640abcaf702.mock.pstmn.io/customer-accounts/v1/",
    "MEB": "https://34a8cb4b-88a3-4d5c-8b5d-9640abcaf702.mock.pstmn.io/customer-accounts/v1/"
  },
  "sec.iib-whitelist-ip-address": {
    "VMA": "N/A",
    "BOQ": "N/A",
    "MEB": "N/A"
  },
  "ext-ciam-applicationid": {
    "VMA": "api://39d49d40-1350-4014-9550-dff9c5d386b1",
    "BOQ": "api://39d49d40-1350-4014-9550-dff9c5d386b1",
    "MEB": "api://39d49d40-1350-4014-9550-dff9c5d386b1"
  },
  "help-servicing-origin-vma": "TODO",
  "InternalApimSubscriptionKey": {
    "VMA": "{\"uri\":\"$(keyVaultBaseUrl)/InternalApimSubscriptionKey\"}",
    "BOQ": "{\"uri\":\"$(keyVaultBaseUrl)/InternalApimSubscriptionKey\"}",
    "MEB": "{\"uri\":\"$(keyVaultBaseUrl)/InternalApimSubscriptionKey\"}"
  },
  "REACT_APP_AZURE_APP_ID": {
    "VMA": "d465226e-2ea6-44c9-96a3-db0213cca3d1",
    "BOQ": "d465226e-2ea6-44c9-96a3-db0213cca3d1",
    "MEB": "d465226e-2ea6-44c9-96a3-db0213cca3d1"
  },
  "REACT_APP_AZURE_AUTHORITY": {
    "VMA": "https://login.microsoftonline.com/b0e7ed13-0b42-4ca9-82f8-c753aecbae79",
    "BOQ": "https://login.microsoftonline.com/b0e7ed13-0b42-4ca9-82f8-c753aecbae79",
    "MEB": "https://login.microsoftonline.com/b0e7ed13-0b42-4ca9-82f8-c753aecbae79"
  },
  "REACT_APP_API_SUBSCRIPTION_KEY_VMA": {
    "VMA": "{\"uri\":\"https://hlt-edc-denovo-kv01.vault.azure.net/secrets/reactAppApiSubscriptionKeyVMA\"}",
    "BOQ": "N/A",
    "MEB": "N/A"
  },
  "REACT_APP_API_SUBSCRIPTION_KEY_BOQ": {
    "VMA": "{\"uri\":\"https://hlt-edc-denovo-kv01.vault.azure.net/secrets/reactAppApiSubscriptionKeyBOQ\"}",
    "BOQ": "N/A",
    "MEB": "N/A"
  },
  "REACT_APP_API_SUBSCRIPTION_KEY_MEB": {
    "VMA": "{\"uri\":\"https://hlt-edc-denovo-kv01.vault.azure.net/secrets/reactAppApiSubscriptionKeyMEB\"}",
    "BOQ": "N/A",
    "MEB": "N/A"
  },
  "REACT_APP_APIM_TRACE_ENABLED": {
    "VMA": "true",
    "BOQ": "true",
    "MEB": "true"
  },
  "REACT_APP_API_URL_VMA": {
    "VMA": "$(apim-base-url-external)/customerIdentityAdmin/v1.0",
    "BOQ": "N/A",
    "MEB": "N/A"
  },
  "REACT_APP_API_URL_BOQ": {
    "VMA": "https://api.hlt01.boq.boqdev.com.au/customerIdentityAdmin/v1.0",
    "BOQ": "N/A",
    "MEB": "N/A"
  },
  "REACT_APP_API_URL_MEB": {
    "VMA": "https://api.hlt01.meb.boqdev.com.au/customerIdentityAdmin/v1.0",
    "BOQ": "N/A",
    "MEB": "N/A"
  },
  "aadResourceId": {
    "VMA": "$(BOQDEV-aadResourceId)",
    "BOQ": "$(BOQDEV-aadResourceId)",
    "MEB": "$(BOQDEV-aadResourceId)"
  },
  "ext-ascenda-auth-url": {
    "VMA": "https://e2e-guardhouse.stg-vma.int.kaligo.com",
    "BOQ": "https://e2e-guardhouse.stg-vma.int.kaligo.com",
    "MEB": "https://e2e-guardhouse.stg-vma.int.kaligo.com"
  },
  "ext-ascenda-clientId": {
    "VMA": "602ac857-e59a-46b6-98d2-71b14d94063f",
    "BOQ": "602ac857-e59a-46b6-98d2-71b14d94063f",
    "MEB": "602ac857-e59a-46b6-98d2-71b14d94063f"
  },
  "ext-ascenda-clientSecret": {
    "VMA": "{\"uri\":\"$(keyVaultBaseUrl)/ext-ascenda-clientSecret\"}",
    "BOQ": "{\"uri\":\"$(keyVaultBaseUrl)/ext-ascenda-clientSecret\"}",
    "MEB": "{\"uri\":\"$(keyVaultBaseUrl)/ext-ascenda-clientSecret\"}"
  },
  "ext-ascenda-audience": {
    "VMA": "vma-nn.kaligo-staging.xyz",
    "BOQ": "vma-nn.kaligo-staging.xyz",
    "MEB": "vma-nn.kaligo-staging.xyz"
  },
  "ext-ascenda-url": {
    "VMA": "https://e2e-nydus.stg-vma.int.kaligo.com/ext/v1",
    "BOQ": "https://e2e-nydus.stg-vma.int.kaligo.com/ext/v1",
    "MEB": "https://e2e-nydus.stg-vma.int.kaligo.com/ext/v1"
  },
  "ext-citibank-client-id": {
    "VMA": "fa93a588-222b-4b37-8e69-7c88bcd3becb",
    "BOQ": "fa93a588-222b-4b37-8e69-7c88bcd3becb",
    "MEB": "fa93a588-222b-4b37-8e69-7c88bcd3becb"
  },
  "ext-citibank-basic-auth-credential": {
    "VMA": "{\"uri\":\"https://hlt-edc-denovo-kv01.vault.azure.net/secrets/ext-citibank-basic-auth-credential\"}",
    "BOQ": "{\"uri\":\"https://hlt-edc-boq-kv01.vault.azure.net/secrets/ext-citibank-basic-auth-credential\"}",
    "MEB": "{\"uri\":\"https://hlt-edc-boq-kv01.vault.azure.net/secrets/ext-citibank-basic-auth-credential\"}"
  },
  "EmailVerification:SubscriptionKey": {
    "VMA": "{\"uri\":\"$(keyVaultBaseUrl)/EmailVerificationSubscriptionKey\"}",
    "BOQ": "{\"uri\":\"$(keyVaultBaseUrl)/EmailVerificationSubscriptionKey\"}",
    "MEB": "{\"uri\":\"$(keyVaultBaseUrl)/EmailVerificationSubscriptionKey\"}"
  },
  "EmailVerification:GatewayBaseUrl": {
    "VMA": "$(apim-base-url-external)",
    "BOQ": "$(apim-base-url-external)",
    "MEB": "$(apim-base-url-external)"
  },
  "EmailVerification:ExternalGatewayUrl": {
    "VMA": "$(apim-base-url-external)",
    "BOQ": "$(apim-base-url-external)",
    "MEB": "$(apim-base-url-external)"
  },
  "AwsOptions:MockSendSmsPhoneNumber": {
    "VMA": "+61482070692",
    "BOQ": "+61482070692",
    "MEB": "+61482070692"
  },
  "AwsOptions:RedirectSmsToPhoneNumber": {
    "VMA": "+61482070692",
    "BOQ": "+61482070692",
    "MEB": "+61482070692"
  },
  "AwsOptions:MockSendSmsFlag": {
    "VMA": "true",
    "BOQ": "true",
    "MEB": "true"
  },
  "AwsOptions:DisableSMS": {
    "VMA": "false",
    "BOQ": "false",
    "MEB": "false"
  },
  "CommunicationOptions:AppLinkIOS": {
    "VMA": "https://apps.apple.com/au/app/virgin-money/id1198060050",
    "BOQ": "https://apps.apple.com/au/app/myboq/id1577281043",
    "MEB": "https://apps.apple.com/au/app/myboq/id1577281043"
  },
  "CommunicationOptions:AppLinkAndroid": {
    "VMA": "https://play.google.com/store/apps/details?id=au.com.virginmoney.android_vma",
    "BOQ": "https://play.google.com/store/apps/details?id=au.com.boq.mobilebanking",
    "MEB": "https://play.google.com/store/apps/details?id=au.com.boq.mobilebanking"
  },
  "FrolloMock:BaseUrl": {
    "VMA": "https://ee6a1817-8015-460c-bb78-365810167581.mock.pstmn.io",
    "BOQ": "https://ee6a1817-8015-460c-bb78-365810167581.mock.pstmn.io",
    "MEB": "https://ee6a1817-8015-460c-bb78-365810167581.mock.pstmn.io"
  },
  "ciam-brand-header": {
    "VMA": "$(Ciam:QueryHeader)",
    "BOQ": "$(Ciam:QueryHeader)",
    "MEB": "$(Ciam:QueryHeader)"
  },
  "ciam-brand-prefix": {
    "VMA": "",
    "BOQ": "",
    "MEB": ""
  },
  "Ciam:CustomerPath": {
    "VMA": "idm/customer/",
    "BOQ": "idm/customer/",
    "MEB": "idm/customer/"
  },
  "Ciam:CiamBrandHeader": {
    "VMA": "$(ciam-brand-header)",
    "BOQ": "$(ciam-brand-header)",
    "MEB": "$(ciam-brand-header)"
  },
  "Ciam:SubscriptionKey": {
    "VMA": "{\"uri\":\"$(keyVaultBaseUrl)/ciamSubscriptionKey\"}",
    "BOQ": "{\"uri\":\"$(keyVaultBaseUrl)/ciamSubscriptionKey\"}",
    "MEB": "{\"uri\":\"$(keyVaultBaseUrl)/ciamSubscriptionKey\"}"
  },
  "ext-safer-payments-SP5-url": {
    "VMA": "https://10.229.128.2/v1",
    "BOQ": "https://10.229.128.2/v1",
    "MEB": "https://10.229.128.2/v1"
  },
  "ext-safer-payments-SP6-url": {
    "VMA": "https://10.229.128.3/v1",
    "BOQ": "https://10.229.128.3/v1",
    "MEB": "https://10.229.128.3/v1"
  },
  "Encryption:IntegrationPrivateKey": {
    "VMA": "{\"uri\":\"$(keyVaultBaseUrl)/integration-private-key\"}",
    "BOQ": "{\"uri\":\"$(keyVaultBaseUrl)/integration-private-key\"}",
    "MEB": "{\"uri\":\"$(keyVaultBaseUrl)/integration-private-key\"}"
  },
  "Encryption:ZPKKey": {
    "VMA": "{\"uri\":\"$(keyVaultBaseUrl)/3des-zpk-key\"}",
    "BOQ": "{\"uri\":\"$(keyVaultBaseUrl)/3des-zpk-key\"}",
    "MEB": "{\"uri\":\"$(keyVaultBaseUrl)/3des-zpk-key\"}"
  },
  "CustomerPfm:FrolloMockserverUrlPath": {
    "VMA": "https://ee6a1817-8015-460c-bb78-365810167581.mock.pstmn.io",
    "BOQ": "https://ee6a1817-8015-460c-bb78-365810167581.mock.pstmn.io",
    "MEB": "https://ee6a1817-8015-460c-bb78-365810167581.mock.pstmn.io"
  },
  "CustomerPfm:UseFrolloMock": {
    "VMA": "true",
    "BOQ": "true",
    "MEB": "true"
  },
  "T24:GetCreateScheduledPaymentsPath": {
    "VMA": "/order/vma/accounts/transfers/scheduled/create/",
    "BOQ": "/order/vma/accounts/transfers/scheduled/create/",
    "MEB": "/order/vma/accounts/transfers/scheduled/create/"
  },
  "T24:DeleteAccountLockPath": {
    "VMA": "/order/accounts/transfers/locked/",
    "BOQ": "/order/accounts/transfers/locked/",
    "MEB": "/order/accounts/transfers/locked/"
  },
  "T24:CreateAccountLockPath": {
    "VMA": "/order/accounts/transfers/locked",
    "BOQ": "/order/accounts/transfers/locked",
    "MEB": "/order/accounts/transfers/locked"
  },
  "T24:countries-path-url": {
    "VMA": "irf-provider-container-22.0.113/api/v1.0.0/reference/countries?page_size=300",
    "BOQ": "irf-provider-container-22.0.113/api/v1.0.0/reference/countries?page_size=300",
    "MEB": "irf-provider-container-22.0.113/api/v1.0.0/reference/countries?page_size=300"
  },
  "EmailVerification:ShortTokenUrlPath": {
    "VMA": "$(apim-base-url)/CIAM/v1/idm/customer/",
    "BOQ": "$(apim-base-url)/CIAM/v1/idm/customer/",
    "MEB": "$(apim-base-url)/CIAM/v1/idm/customer/"
  },
  "CiamGateway:VerifyShortTokenPath": {
    "VMA": "idm/customer/{guid}/shorttoken/verify",
    "BOQ": "idm/customer/{guid}/shorttoken/verify",
    "MEB": "idm/customer/{guid}/shorttoken/verify"
  },
  "HomeLoans:TableStorage:EligibleAccounts:StorageConnectionString": {
    "VMA": "{\"uri\":\"$(keyVaultBaseUrl)/EligiblityConfigTableStorageSettings\"}",
    "BOQ": "{\"uri\":\"$(keyVaultBaseUrl)/EligiblityConfigTableStorageSettings\"}",
    "MEB": "{\"uri\":\"$(keyVaultBaseUrl)/EligiblityConfigTableStorageSettings\"}"
  },
  "Visa:CommunityCodeUser": {
    "VMA": "VMACTE",
    "BOQ": "TODO",
    "MEB": "TODO"
  },
  "Visa:CommunityCodeRewards": {
    "VMA": "VMACTECL",
    "BOQ": "TODO",
    "MEB": "TODO"
  },
  "DefaultOffer:Code": {
    "VMA": "DFE05KLYO",
    "BOQ": "DFE023MAY",
    "MEB": "DFE05KPRO"
  },
  "FormsOrchestration:DefaultOfferCode": {
    "VMA": "DFE05KLYO",
    "BOQ": "DFE023MAY",
    "MEB": "DFE05KPRO"
  },
  "UseMocks:Clients:T24:Active": {
    "VMA": "false",
    "BOQ": "false",
    "MEB": "false"
  },
  "UseMocks:Clients:T24:DefaultUrl": {
    "VMA": "https://e89ec4eb-ced5-452e-b9cf-5191e32fd8d7.mock.pstmn.io/t24/v1",
    "BOQ": "https://e89ec4eb-ced5-452e-b9cf-5191e32fd8d7.mock.pstmn.io/t24/v1",
    "MEB": "https://e89ec4eb-ced5-452e-b9cf-5191e32fd8d7.mock.pstmn.io/t24/v1"
  },
  "DirectDebitTableStorage:ConnectionString": {
    "VMA": "{\"uri\":\"$(keyVaultBaseUrl)/DirectDebitTableStorageConnectionString\"}",
    "BOQ": "{\"uri\":\"$(keyVaultBaseUrl)/DirectDebitTableStorageConnectionString\"}",
    "MEB": "{\"uri\":\"$(keyVaultBaseUrl)/DirectDebitTableStorageConnectionString\"}"
  },
  "BankOptions:AccountNumber": {
    "VMA": "{\"uri\":\"$(keyVaultBaseUrl)/BankAccountNumber\"}",
    "BOQ": "{\"uri\":\"$(keyVaultBaseUrl)/BankAccountNumber\"}",
    "MEB": "{\"uri\":\"$(keyVaultBaseUrl)/BankAccountNumber\"}"
  },
  "BankOptions:OrderingCustomer": {
    "VMA": "{\"uri\":\"$(keyVaultBaseUrl)/BankOrderingCustomer\"}",
    "BOQ": "{\"uri\":\"$(keyVaultBaseUrl)/BankOrderingCustomer\"}",
    "MEB": "{\"uri\":\"$(keyVaultBaseUrl)/BankOrderingCustomer\"}"
  },
  "TJMEmailUrlTemplateLink": {
    "BOQ": "$(apim-base-url-external)/verify-email/v1/{0}?token={1}",
    "MEB": "$(apim-base-url-external)/verify-email/v1/{0}?token={1}",
    "VMA": "$(apim-base-url-external)/verify-email/v1/{0}?token={1}"
  },
  "RegisterAccounts:WebAppBaseUrl": {
    "VMA": "$(int-npp-service-url)/",
    "BOQ": "$(int-npp-service-url)/",
    "MEB": "$(int-npp-service-url)/"
  },
  "RegisterAccountsPath": {
    "VMA": "accounts",
    "BOQ": "accounts",
    "MEB": "accounts"
  },
  "DenovoAccountTypes:Definitions:VMA.FULL.FEATURE.LOAN:Enabled": {
    "VMA": "true"
  },
  "DenovoAccountTypes:Definitions:VMA.BASIC.HOMELOAN:Enabled": {
    "VMA": "true"
  },
  "DenovoAccountTypes:Definitions:BOQ.FULL.FEATURE.LOAN:Enabled": {
    "BOQ": "true"
  },
  "DenovoAccountTypes:Definitions:BOQ.BASIC.HOMELOAN:Enabled": {
    "BOQ": "true"
  },
  "DenovoAccountTypes:Definitions:MEB.FULL.FEATURE.LOAN:Enabled": {
    "MEB": "false"
  },
  "DenovoAccountTypes:Definitions:MEB.BASIC.HOMELOAN:Enabled": {
    "MEB": "false"
  },
  "Ods:Databases": {
    "VMA": "Accounts",
    "BOQ": "Accounts",
    "MEB": "Accounts"
  },
  "Ods:Accounts:Collections": {
    "VMA": "Accounts",
    "BOQ": "Accounts",
    "MEB": "Accounts"
  },
  "Ods:ServiceEndPoint": {
    "VMA": "$(odsServiceEndPoint)",
    "BOQ": "$(odsServiceEndPoint)",
    "MEB": "$(odsServiceEndPoint)"
  },
  "Ods:AuthKey": {
    "VMA": "$(odsKey)",
    "BOQ": "$(odsKey)",
    "MEB": "$(odsKey)"
  },
  "Ods:OdsConsentDatabaseName": {
    "VMA": "Consents",
    "BOQ": "Consents",
    "MEB": "Consents"
  },
  "Ods:OdsConsentCollectionName": {
    "VMA": "Consents",
    "BOQ": "Consents",
    "MEB": "Consents"
  },
  "AzureDataFactory:MFT:PGP:IsMocking": {
    "VMA": "false"
  },
  "AzureDataFactory:MFT:FTP:IsMocking": {
    "VMA": "false"
  },
  "AzureDataFactory:MFT:SFTP:IsMocking": {
    "VMA": "false"
  },
  "AzureDataFactory:MFT:AES:IsMocking": {
    "VMA": "false"
  },
  "AzureDataFactory:MFT:SFTP:Downstream:Cuscal:Host": {
    "VMA": "localhost"
  },
  "AzureDataFactory:MFT:SFTP:Downstream:Cuscal:Port": {
    "VMA": "21"
  },
  "AzureDataFactory:MFT:FTP:Downstream:T24:Host": {
    "VMA": "localhost"
  },
  "AzureDataFactory:MFT:FTP:Downstream:T24:Port": {
    "VMA": "21"
  },
  "AzureDataFactory:MFT:FTP:Downstream:T24:EncryptionMode": {
    "VMA": "explicit"
  },
  "AzureDataFactory:MFT:FTP:Downstream:T24:ValidateAnyCertificates1": {
    "VMA": "true"
  },
  "AzureDataFactory:MFT:SFTP:Downstream:Fiserv:Host": {
    "VMA": "localhost"
  },
  "AzureDataFactory:MFT:SFTP:Downstream:Fiserv:Port": {
    "VMA": "21"
  },
  "AzureDataFactory:MFT:SFTP:Downstream:AusPayNet:Username": {
    "VMA": "bsbftp1"
  },
  "AzureDataFactory:MFT:SFTP:Downstream:AusPayNet:Host": {
    "VMA": "bsb.hostedftp.com"
  },
  "AzureDataFactory:MFT:SFTP:Downstream:AusPayNet:Port": {
    "VMA": "22"
  },
  "AzureDataFactory:MFT:SFTP:Downstream:DowJones:Username": {
    "VMA": "QueenslandbkWL"
  },
  "AzureDataFactory:MFT:SFTP:Downstream:DowJones:Host": {
    "VMA": "djrcfeed.dowjones.com"
  },
  "AzureDataFactory:MFT:SFTP:Downstream:DowJones:Port": {
    "VMA": "22"
  },
  "AdobeCampaign:CampaignEligibilityTableName": {
    "VMA": "campaigneligibilitydenovo",
    "BOQ": "campaigneligibilityboq",
    "MEB": ""
  },
  "ext-marketing-adobe-func-functionKeys-default": {
    "VMA": "secret",
    "BOQ": "secret",
    "MEB": "secret"
  },
  "Ciam:CustomerAudience": {
    "VMA": "VMAMobileApp",
    "BOQ": "BOQMobileApp",
    "MEB": "MEBMobileApp"
  },
  "Ciam:SystemAudience": {
    "VMA": "IntegrationAPIGateway",
    "BOQ": "IntegrationAPIGateway",
    "MEB": "IntegrationAPIGateway"
  },
  "int-payment-initiation-url": {
    "VMA": "https://payment-initiation-webapp-$(environment)-$(instance)-$(region.code).$(aseName).appserviceenvironment.net/customer-payments/v1/",
    "BOQ": "https://payment-initiation-webapp-boq-$(environment)-$(instance)-$(region.code).$(aseName).appserviceenvironment.net/customer-payments/v1/",
    "MEB": "https://payment-initiation-webapp-meb-$(environment)-$(instance)-$(region.code).$(aseName).appserviceenvironment.net/customer-payments/v1/"
  },
  "Integration:ReferenceDataBackendServiceUrl": {
    "VMA": "https://reference-data-webapp-$(environment)-$(instance)-$(region.code).$(aseName).appserviceenvironment.net/reference-data/v1/",
    "BOQ": "https://reference-data-webapp-boq-$(environment)-$(instance)-$(region.code).$(aseName).appserviceenvironment.net/reference-data/v1/",
    "MEB": "https://reference-data-webapp-meb-$(environment)-$(instance)-$(region.code).$(aseName).appserviceenvironment.net/reference-data/v1/"
  },
  "Loans:TableStorage:LoanDisbursements:StorageConnectionString": {
    "VMA": "{\"uri\":\"$(keyVaultBaseUrl)/kv-table-storage-connection-string\"}",
    "BOQ": "{\"uri\":\"$(keyVaultBaseUrl)/kv-table-storage-connection-string\"}",
    "MEB": "{\"uri\":\"$(keyVaultBaseUrl)/kv-table-storage-connection-string\"}"
  },
  "HomeLoans:TableStorage:InterestOnlyLoanExpiring:StorageConnectionString": {
    "VMA": "{\"uri\":\"$(keyVaultBaseUrl)/kv-table-storage-connection-string\"}",
    "BOQ": "{\"uri\":\"$(keyVaultBaseUrl)/kv-table-storage-connection-string\"}",
    "MEB": "{\"uri\":\"$(keyVaultBaseUrl)/kv-table-storage-connection-string\"}"
  },
  "HomeLoans:TableStorage:FixedLoanExpiring:StorageConnectionString": {
    "VMA": "{\"uri\":\"$(keyVaultBaseUrl)/kv-table-storage-connection-string\"}",
    "BOQ": "{\"uri\":\"$(keyVaultBaseUrl)/kv-table-storage-connection-string\"}",
    "MEB": "{\"uri\":\"$(keyVaultBaseUrl)/kv-table-storage-connection-string\"}"
  },
  "HomeLoans:TableStorage:EligibleAccountsNonPayments:StorageConnectionString": {
    "VMA": "{\"uri\":\"$(keyVaultBaseUrl)/NonPaymentsEligiblityConfigTableStorageSettings\"}",
    "BOQ": "{\"uri\":\"$(keyVaultBaseUrl)/NonPaymentsEligiblityConfigTableStorageSettings\"}"
  },
  "HomeLoans:TableStorage:DirectDebits:StorageConnectionString": {
    "VMA": "{\"uri\":\"$(keyVaultBaseUrl)/kv-table-storage-connection-string\"}",
    "BOQ": "{\"uri\":\"$(keyVaultBaseUrl)/kv-table-storage-connection-string\"}",
    "MEB": "{\"uri\":\"$(keyVaultBaseUrl)/kv-table-storage-connection-string\"}"
  },
  "Migration:TableStorage:MigrationTransactions:StorageConnectionString": {
    "VMA": "{\"uri\":\"$(keyVaultBaseUrl)/kv-table-storage-connection-string\"}",
    "BOQ": "{\"uri\":\"$(keyVaultBaseUrl)/kv-table-storage-connection-string\"}",
    "MEB": "{\"uri\":\"$(keyVaultBaseUrl)/kv-table-storage-connection-string\"}"
  },
  "Migration:TableStorage:StatementRequests:StorageConnectionString": {
    "MEB": "{\"uri\":\"$(keyVaultBaseUrl)/kv-table-storage-connection-string\"}"
  },
  "Migration:TableStorage:StatementFiles:StorageConnectionString": {
    "MEB": "{\"uri\":\"$(keyVaultBaseUrl)/kv-table-storage-connection-string\"}"
  },
  "eV10AccountClosedSubscriberName": {
    "VMA": "accountClosed.DebitCard.subscription",
    "BOQ": "AccountClosed.Cms.Subscriber",
    "MEB": "AccountClosed.Cms.Subscriber"
  },
  "ProvisionCardSubscriber": {
    "VMA": "ProvisionCard.Subscriber",
    "BOQ": "CardCreate.Subscriber",
    "MEB": "CardCreate.Subscriber"
  },
  "MigrationAcceleratorFileShare": {
    "VMA": "",
    "BOQ": "",
    "MEB": "N/A"
  },
  "MigrationAcceleratorArchiveFileShare": {
    "MEB": "N/A"
  },
  "MigrationStatamentsFileShare": {
    "MEB": "N/A"
  },
  "Dbib:Public:TrusteerId": {
    "VMA": "TODO",
    "BOQ": "TODO",
    "MEB": "80262914"
  },
  "Dbib:Private:AppDynamicsAccountName": {
    "VMA": "TODO",
    "BOQ": "TODO",
    "MEB": "boq-test"
  },
  "Dbib:Private:AppDynamicsLogLevel": {
    "VMA": "INFO",
    "BOQ": "INFO",
    "MEB": "INFO"
  },
  "Migration:TableStorage:MastercardAuthorisations:StorageConnectionString": {
    "MEB": "{\"uri\":\"$(keyVaultBaseUrl)/kv-table-storage-connection-string\"}"
  },
  "aad-blueprism-applicationid": {
    "VMA": "d6c98f70-8fb7-4dca-ad6f-116c2a8213ea",
    "BOQ": "d6c98f70-8fb7-4dca-ad6f-116c2a8213ea",
    "MEB": "d6c98f70-8fb7-4dca-ad6f-116c2a8213ea"
  },
  "MigratedTransactionsFn:MastercardDebatch:Cron": {
    "MEB": "0 */5 * * * *"
  },
  "MigratedTransactionsFn:ReconciliationDebatch:Cron": {
    "MEB": "0 */5 * * * *"
  }
}
