{
  "environment": {
    "VMA": "prd",
    "BOQ": "prd",
    "MEB": "prd"
  },
  "keyVaultName": {
    "VMA": "$(environment)-edc-$(shared.project)-kv$(instance)",
    "BOQ": "$(environment)-edc-$(shared.project)-kv$(instance)",
    "MEB": "$(environment)-edc-boq-kv$(instance)"
  },
  "WebAppDomain": {
    "VMA": "$(WebAppAseDomain)",
    "BOQ": "$(WebAppAseDomain)",
    "MEB": "$(WebAppPrivateEndpointDomain)"
  },
  "Ciam:SystemSubscriptionKey": {
    "VMA": "{\"uri\":\"https://prd-edc-vma-kv01.vault.azure.net/secrets/ciamGatewaySystemToken\"}",
    "BOQ": "{\"uri\":\"https://prd-edc-boq-kv01.vault.azure.net/secrets/ciamGatewaySystemToken\"}",
    "MEB": "{\"uri\":\"https://prd-edc-boq-kv01.vault.azure.net/secrets/ciamGatewaySystemToken\"}"
  },
  "CitiGateway:CitiClientId": {
    "VMA": "f0c603f3-f1dd-4a63-942f-b2307acbad5a",
    "BOQ": "Not Applicable to BOQ",
    "MEB": "Not Applicable to BOQ"
  },
  "CitiGateway:BasicAuthCredential": {
    "VMA": "{\"uri\":\"https://prd-edc-vma-kv01.vault.azure.net/secrets/ext-citibank-basic-auth-credential\"}",
    "BOQ": "Not Applicable to BOQ",
    "MEB": "Not Applicable to BOQ"
  },
  "shared.project": {
    "VMA": "vma",
    "BOQ": "boq",
    "MEB": "meb"
  },
  "Integration:SubscriptionKey": {
    "VMA": "{\"uri\":\"https://prd-edc-vma-kv01.vault.azure.net/secrets/integrationSubscriptionKey\"}",
    "BOQ": "{\"uri\":\"https://prd-edc-boq-kv01.vault.azure.net/secrets/integrationSubscriptionKey\"}",
    "MEB": "{\"uri\":\"https://prd-edc-boq-kv01.vault.azure.net/secrets/integrationSubscriptionKey\"}"
  },
  "FrolloService:ListAccountsUri": {
    "VMA": "/client/v2/aggregation/accounts",
    "BOQ": "/client/v2/aggregation/accounts",
    "MEB": "/client/v2/aggregation/accounts"
  },
  "frollo-api-version": {
    "VMA": "2.15",
    "BOQ": "2.15",
    "MEB": "2.15"
  },
  "ApimCustomerPfmUrl": {
    "VMA": "$(apim-base-url)/customer-pfm/v1/",
    "BOQ": "$(apim-base-url)/customer-pfm/v1/",
    "MEB": "$(apim-base-url)/customer-pfm/v1/"
  },
  "FrolloCreateUserUrlPath": {
    "VMA": "users",
    "BOQ": "users",
    "MEB": "users"
  },
  "CustomerProfileUrl": {
    "VMA": "https://customer-profile-webapp-$(environment)-$(instance)-$(region.code).$(aseName).appserviceenvironment.net/customer-profile/v1/",
    "BOQ": "https://customer-profile-webapp-boq-$(environment)-$(instance)-$(region.code).$(aseName).appserviceenvironment.net/customer-profile/v1/",
    "MEB": "https://customer-profile-webapp-meb-$(environment)-$(instance)-$(region.code).$(aseName).appserviceenvironment.net/customer-profile/v1/"
  },
  "T24:Package": {
    "VMA": "VMAirisR19/api/v1.0.0/",
    "BOQ": "VMAirisR19/api/v1.0.0/",
    "MEB": "VMAirisR19/api/v1.0.0/"
  },
  "T24:countries-path-url": {
    "VMA": "irf-provider-container-202003.0.3/api/v1.0.0/reference/countries?page_size=300",
    "BOQ": "irf-provider-container-202003.0.3/api/v1.0.0/reference/countries?page_size=300",
    "MEB": "irf-provider-container-202003.0.3/api/v1.0.0/reference/countries?page_size=300"
  },
  "ext-temenos-environment": {
    "VMA": "prod",
    "BOQ": "prod",
    "MEB": "prod"
  },
  "Ods:OdsAccountsServiceEndpoint": {
    "VMA": "$(odsServiceEndPoint)",
    "BOQ": "$(odsServiceEndPoint)",
    "MEB": "$(odsServiceEndPoint)"
  },
  "Ods:OdsAccountsAuthKey": {
    "VMA": "$(odsKey)",
    "BOQ": "$(odsKey)",
    "MEB": "$(odsKey)"
  },
  "odsKey": {
    "VMA": "{\"uri\":\"https://prd-edc-vma-kv01.vault.azure.net/secrets/odsAuthKey\"}",
    "BOQ": "{\"uri\":\"https://prd-edc-boq-kv01.vault.azure.net/secrets/odsAuthKey\"}",
    "MEB": "{\"uri\":\"https://prd-edc-boq-kv01.vault.azure.net/secrets/odsAuthKey\"}"
  },
  "useServiceBusAlias": {
    "VMA": "true",
    "BOQ": "true",
    "MEB": "true"
  },
  "ApimSubscriptionKey": {
    "VMA": "{\"uri\":\"https://prd-edc-vma-kv01.vault.azure.net/secrets/apimSubscriptionKey\"}",
    "BOQ": "{\"uri\":\"https://prd-edc-boq-kv01.vault.azure.net/secrets/apimSubscriptionKey\"}",
    "MEB": "{\"uri\":\"https://prd-edc-boq-kv01.vault.azure.net/secrets/apimSubscriptionKey\"}"
  },
  "T24:ApimSubscriptionKey": {
    "VMA": "$(ApimSubscriptionKey)",
    "BOQ": "$(ApimSubscriptionKey)",
    "MEB": "$(ApimSubscriptionKey)"
  },
  "ext-customeridentity-ciamurl": {
    "VMA": "https://id.aws-boq",
    "BOQ": "https://id.aws-boq",
    "MEB": "https://id.aws-boq"
  },
  "ext-customeridentity-introspect-ciamurl": {
    "VMA": "$(ext-customeridentity-ciamurl)/am/oauth2/introspect",
    "BOQ": "$(ext-customeridentity-ciamurl)/am/oauth2/introspect",
    "MEB": "$(ext-customeridentity-ciamurl)/am/oauth2/introspect"
  },
  "ext-customeridentity-clientId": {
    "VMA": "IntegrationAPIGateway",
    "BOQ": "IntegrationAPIGateway",
    "MEB": "IntegrationAPIGateway"
  },
  "ext-customeridentity-clientSecret": {
    "VMA": "{\"uri\":\"https://prd-edc-vma-kv01.vault.azure.net/secrets/ext-customeridentity-clientSecret\"}",
    "BOQ": "{\"uri\":\"https://prd-edc-boq-kv01.vault.azure.net/secrets/ext-customeridentity-clientSecret\"}",
    "MEB": "{\"uri\":\"https://prd-edc-boq-kv01.vault.azure.net/secrets/ext-customeridentity-clientSecret\"}"
  },
  "sec.internal-whitelist-ip-begin-range": {
    "VMA": "$($(region.code).internal-whitelist-ip-begin-range)",
    "BOQ": "$($(region.code).internal-whitelist-ip-begin-range)",
    "MEB": "$($(region.code).internal-whitelist-ip-begin-range)"
  },
  "sec.internal-whitelist-ip-end-range": {
    "VMA": "$($(region.code).internal-whitelist-ip-end-range)",
    "BOQ": "$($(region.code).internal-whitelist-ip-end-range)",
    "MEB": "$($(region.code).internal-whitelist-ip-end-range)"
  },
  "sec.internal-whitelist-ip-begin-range-2": {
    "VMA": "$($(region.code).internal-whitelist-ip-begin-range-2)",
    "BOQ": "$($(region.code).internal-whitelist-ip-begin-range-2)",
    "MEB": "$($(region.code).internal-whitelist-ip-begin-range-2)"
  },
  "sec.internal-whitelist-ip-end-range-2": {
    "VMA": "$($(region.code).internal-whitelist-ip-end-range-2)",
    "BOQ": "$($(region.code).internal-whitelist-ip-end-range-2)",
    "MEB": "$($(region.code).internal-whitelist-ip-end-range-2)"
  },
  "edc.internal-whitelist-ip-begin-range": {
    "VMA": "10.231.12.0",
    "BOQ": "10.231.12.0",
    "MEB": "10.231.12.0"
  },
  "edc.internal-whitelist-ip-end-range": {
    "VMA": "10.231.12.255",
    "BOQ": "10.231.12.255",
    "MEB": "10.231.12.255"
  },
  "sdc.internal-whitelist-ip-begin-range": {
    "VMA": "10.231.44.0",
    "BOQ": "10.231.44.0",
    "MEB": "10.231.44.0"
  },
  "sdc.internal-whitelist-ip-end-range": {
    "VMA": "10.231.44.255",
    "BOQ": "10.231.44.255",
    "MEB": "10.228.47.127"
  },
  "edc.internal-whitelist-ip-begin-range-2": {
    "VMA": "10.228.30.192",
    "BOQ": "10.228.30.192",
    "MEB": "10.228.30.192"
  },
  "edc.internal-whitelist-ip-end-range-2": {
    "VMA": "10.228.30.255",
    "BOQ": "10.228.30.255",
    "MEB": "10.228.30.255"
  },
  "sdc.internal-whitelist-ip-begin-range-2": {
    "VMA": "10.228.46.192",
    "BOQ": "10.228.46.192",
    "MEB": "10.228.46.192"
  },
  "sdc.internal-whitelist-ip-end-range-2": {
    "VMA": "10.228.46.255",
    "BOQ": "10.228.46.255",
    "MEB": "10.228.46.255"
  },
  "Ciam:Issuer": {
    "VMA": "https://id.aws-boq/am/oauth2/realms/root/realms/vma",
    "BOQ": "https://id.aws-boq/am/oauth2/realms/root/realms/boq",
    "MEB": "https://id.aws-boq/am/oauth2/realms/root/realms/boq"
  },
  "StandardAuthorization:CiamIssuer": {
    "VMA": "$(Ciam:Issuer)",
    "BOQ": "https://id.aws-boq/am/oauth2/realms/root/realms/boq",
    "MEB": "$(Ciam:Issuer)"
  },
  "StandardAuthorization:ReturnGenericErrorMessages": {
    "VMA": "false",
    "BOQ": "false",
    "MEB": "false"
  },
  "StandardAuthorization:CiamSubscriptionKey": {
    "VMA": "{\"uri\":\"https://prd-edc-vma-kv01.vault.azure.net/secrets/ciamSubscriptionKey\"}",
    "BOQ": "{\"uri\":\"https://prd-edc-boq-kv01.vault.azure.net/secrets/ciamSubscriptionKey\"}",
    "MEB": "{\"uri\":\"https://prd-edc-boq-kv01.vault.azure.net/secrets/ciamSubscriptionKey\"}"
  },
  "ServiceBus:ConnectionString01": {
    "VMA": "{\"uri\":\"https://prd-edc-vma-kv01.vault.azure.net/secrets/serviceBusConnectionString01\"}",
    "BOQ": "{\"uri\":\"https://prd-edc-boq-kv01.vault.azure.net/secrets/serviceBusConnectionString01\"}",
    "MEB": "{\"uri\":\"https://prd-edc-boq-kv01.vault.azure.net/secrets/serviceBusConnectionString01\"}"
  },
  "ServiceBus:ConnectionString02": {
    "VMA": "{\"uri\":\"https://prd-edc-vma-kv01.vault.azure.net/secrets/serviceBusConnectionString02\"}",
    "BOQ": "{\"uri\":\"https://prd-edc-boq-kv01.vault.azure.net/secrets/serviceBusConnectionString02\"}",
    "MEB": "{\"uri\":\"https://prd-edc-boq-kv01.vault.azure.net/secrets/serviceBusConnectionString02\"}"
  },
  "ServiceBusCMS:ConnectionString01": {
    "VMA": "{\"uri\":\"https://prd-edc-vma-kv01.vault.azure.net/secrets/ServiceBusCMSConnectionString01\"}",
    "BOQ": "{\"uri\":\"https://prd-edc-boq-kv01.vault.azure.net/secrets/ServiceBusCMSConnectionString01\"}",
    "MEB": "{\"uri\":\"https://prd-edc-boq-kv01.vault.azure.net/secrets/ServiceBusCMSConnectionString01\"}"
  },
  "ServiceBusCMS:ConnectionString02": {
    "VMA": "{\"uri\":\"https://prd-edc-vma-kv01.vault.azure.net/secrets/ServiceBusCMSConnectionString02\"}",
    "BOQ": "{\"uri\":\"https://prd-edc-boq-kv01.vault.azure.net/secrets/ServiceBusCMSConnectionString02\"}",
    "MEB": "{\"uri\":\"https://prd-edc-boq-kv01.vault.azure.net/secrets/ServiceBusCMSConnectionString02\"}"
  },
  "ServiceBusCMS:CardCreatedCallbackConnectionString01": {
    "VMA": "{\"uri\":\"https://prd-edc-vma-kv01.vault.azure.net/secrets/ServiceBusCMSCardCreatedConnectionString01\"}",
    "BOQ": "{\"uri\":\"https://prd-edc-boq-kv01.vault.azure.net/secrets/ServiceBusCMSCardCreatedConnectionString01\"}",
    "MEB": "{\"uri\":\"https://prd-edc-boq-kv01.vault.azure.net/secrets/ServiceBusCMSCardCreatedConnectionString01\"}"
  },
  "ServiceBusCMS:CardCreatedCallbackConnectionString02": {
    "VMA": "{\"uri\":\"https://prd-edc-vma-kv01.vault.azure.net/secrets/ServiceBusCMSCardCreatedConnectionString02\"}",
    "BOQ": "{\"uri\":\"https://prd-edc-boq-kv01.vault.azure.net/secrets/ServiceBusCMSCardCreatedConnectionString02\"}",
    "MEB": "{\"uri\":\"https://prd-edc-boq-kv01.vault.azure.net/secrets/ServiceBusCMSCardCreatedConnectionString02\"}"
  },
  "ServiceBusCMS:NotificationCreatedConnectionString01": {
    "VMA": "{\"uri\":\"https://prd-edc-vma-kv01.vault.azure.net/secrets/ServiceBusCMSNotificationConnectionString01\"}",
    "BOQ": "{\"uri\":\"https://prd-edc-boq-kv01.vault.azure.net/secrets/ServiceBusCMSNotificationConnectionString01\"}",
    "MEB": "{\"uri\":\"https://prd-edc-boq-kv01.vault.azure.net/secrets/ServiceBusCMSNotificationConnectionString01\"}"
  },
  "ServiceBusCMS:NotificationCreatedConnectionString02": {
    "VMA": "{\"uri\":\"https://prd-edc-vma-kv01.vault.azure.net/secrets/ServiceBusCMSNotificationConnectionString02\"}",
    "BOQ": "{\"uri\":\"https://prd-edc-boq-kv01.vault.azure.net/secrets/ServiceBusCMSNotificationConnectionString02\"}",
    "MEB": "{\"uri\":\"https://prd-edc-boq-kv01.vault.azure.net/secrets/ServiceBusCMSNotificationConnectionString02\"}"
  },
  "perf-rate-limit-calls-internal-otp": {
    "VMA": "100",
    "BOQ": "100",
    "MEB": "100"
  },
  "perf-otp-rate-per-minute": {
    "VMA": "$(perf-rate-limit-calls-internal-otp)",
    "BOQ": "$(perf-rate-limit-calls-internal-otp)",
    "MEB": "$(perf-rate-limit-calls-internal-otp)"
  },
  "aemBackendUrl": {
    "VMA": "https://virginmoney.com.au",
    "BOQ": "https://www.boq.com.au",
    "MEB": "https://www.boq.com.au"
  },
  "ext-t24-url": {
    "VMA": "https://vma-au-api.temenoscloud.com",
    "BOQ": "https://vma-au-api.temenoscloud.com",
    "MEB": "https://vma-au-api.temenoscloud.com"
  },
  "ext-t24-subscription-key": {
    "VMA": "{\"uri\":\"https://prd-edc-vma-kv01.vault.azure.net/secrets/ext-t24-subscription-key\"}",
    "BOQ": "{\"uri\":\"https://prd-edc-boq-kv01.vault.azure.net/secrets/ext-t24-subscription-key\"}",
    "MEB": "{\"uri\":\"https://prd-edc-boq-kv01.vault.azure.net/secrets/ext-t24-subscription-key\"}"
  },
  "kv-t24-password-url": {
    "VMA": "{\"uri\":\"$(keyVaultBaseUrl)/ext-t24-password\"}",
    "BOQ": "{\"uri\":\"https://prd-edc-boq-kv01.vault.azure.net/secrets/ext-t24-password\"}",
    "MEB": "{\"uri\":\"https://prd-edc-boq-kv01.vault.azure.net/secrets/ext-t24-password\"}"
  },
  "keyVaultBaseUrl": {
    "VMA": "https://prd-edc-vma-kv01.vault.azure.net/secrets",
    "BOQ": "https://prd-edc-boq-kv01.vault.azure.net/secrets",
    "MEB": "https://prd-edc-boq-kv01.vault.azure.net/secrets"
  },
  "use-t24-apim": {
    "VMA": "true",
    "BOQ": "true",
    "MEB": "true"
  },
  "ext-adminidentity-clientId": {
    "VMA": "CIAMAdminPortal",
    "BOQ": "CIAMAdminPortal",
    "MEB": "CIAMAdminPortal"
  },
  "ciamAdmin-aadTenantId": {
    "VMA": "8cfb3129-62e1-46d9-99ef-6d3641a7f007",
    "BOQ": "8cfb3129-62e1-46d9-99ef-6d3641a7f007",
    "MEB": "8cfb3129-62e1-46d9-99ef-6d3641a7f007"
  },
  "int-ciam-url": {
    "VMA": "https://prdedcdenovociamportal01.z8.web.core.windows.net/",
    "BOQ": "https://prdedcdenovociamportal01.z8.web.core.windows.net/",
    "MEB": "https://prdedcdenovociamportal01.z8.web.core.windows.net/"
  },
  "int-ciam-admin-origin": "https://prdedcdenovociamportal01.z8.web.core.windows.net/",
  "ext-adminidentity-clientsecret": {
    "VMA": "{\"uri\":\"$(keyVaultBaseUrl)/ext-adminidentity-clientsecret\"}",
    "BOQ": "{\"uri\":\"https://prd-edc-boq-kv01.vault.azure.net/secrets/ext-adminidentity-clientsecret\"}",
    "MEB": "{\"uri\":\"https://prd-edc-boq-kv01.vault.azure.net/secrets/ext-adminidentity-clientsecret\"}"
  },
  "ciam-portal-applicationid": {
    "VMA": "api://8618af84-9081-476f-9b2a-fb1b76282dd3",
    "BOQ": "api://8618af84-9081-476f-9b2a-fb1b76282dd3",
    "MEB": "api://8618af84-9081-476f-9b2a-fb1b76282dd3"
  },
  "crm-backend-host": {
    "VMA": "https://cepboqpbbprod.crm6.dynamics.com/",
    "BOQ": "https://cepboqpbbprod.crm6.dynamics.com/",
    "MEB": "https://cepboqpbbprod.crm6.dynamics.com/"
  },
  "CosmosDb:ResourceKey": {
    "VMA": "{\"uri\":\"https://prd-edc-vma-kv01.vault.azure.net/secrets/odsKey\"}",
    "BOQ": "{\"uri\":\"https://prd-edc-boq-kv01.vault.azure.net/secrets/odsKey\"}",
    "MEB": "{\"uri\":\"https://prd-edc-boq-kv01.vault.azure.net/secrets/odsKey\"}"
  },
  "apim-base-url": {
    "VMA": "https://api.virginmoney.com.au",
    "BOQ": "https://api.virginmoney.com.au/BOQ",
    "MEB": "https://api.virginmoney.com.au/BOQ"
  },
  "apim-base-url-external": {
    "VMA": "https://api.virginmoney.com.au/",
    "BOQ": "https://api.bankofqueensland.com.au/",
    "MEB": "https://api.membersequitybank.com.au/"
  },
  "OcpApimSubscriptionKey": {
    "VMA": "{\"uri\":\"https://prd-edc-vma-kv01.vault.azure.net/secrets/OcpApimSubscriptionKey\"}",
    "BOQ": "{\"uri\":\"https://prd-edc-boq-kv01.vault.azure.net/secrets/OcpApimSubscriptionKey\"}",
    "MEB": "{\"uri\":\"https://prd-edc-boq-kv01.vault.azure.net/secrets/OcpApimSubscriptionKey\"}"
  },
  "crm-oauth-token-request-body": {
    "VMA": "{\"uri\":\"https://prd-edc-vma-kv01.vault.azure.net/secrets/crm-oauth-token-request-body\"}",
    "BOQ": "{\"uri\":\"https://prd-edc-boq-kv01.vault.azure.net/secrets/crm-oauth-token-request-body\"}",
    "MEB": "{\"uri\":\"https://prd-edc-boq-kv01.vault.azure.net/secrets/crm-oauth-token-request-body\"}"
  },
  "MaliciousFileScan:ApiKey": {
    "VMA": "{\"uri\":\"https://prd-edc-vma-kv01.vault.azure.net/secrets/ext-wildfire-apiKey\"}",
    "BOQ": "{\"uri\":\"https://prd-edc-boq-kv01.vault.azure.net/secrets/ext-wildfire-apiKey\"}",
    "MEB": "{\"uri\":\"https://prd-edc-boq-kv01.vault.azure.net/secrets/ext-wildfire-apiKey\"}"
  },
  "AzureAd:TenantId": {
    "VMA": "$(BOQ-aadTenantId)",
    "BOQ": "8cfb3129-62e1-46d9-99ef-6d3641a7f007",
    "MEB": "$(BOQ-aadTenantId)"
  },
  "AzureAd:ApplicationId": {
    "VMA": "$(BOQ-aadResourceId)",
    "BOQ": "api://60238f57-be36-4669-b7e6-52ff7259c1d5",
    "MEB": "$(BOQ-aadResourceId)"
  },
  "AzureAd:ClientId": {
    "VMA": "955b952b-d4e6-4eba-81c3-4d3ad800e6e4",
    "BOQ": "955b952b-d4e6-4eba-81c3-4d3ad800e6e4",
    "MEB": "955b952b-d4e6-4eba-81c3-4d3ad800e6e4"
  },
  "AzureAd:TokenUrl": {
    "VMA": "$(AzureAd:Instance)$(AzureAd:TenantId)/oauth2/token",
    "BOQ": "$(AzureAd:Instance)$(AzureAd:TenantId)/oauth2/token",
    "MEB": "$(AzureAd:Instance)$(AzureAd:TenantId)/oauth2/token"
  },
  "AzureAd:ExternalAudiences:ApimAzureAd": {
    "VMA": "$(BOQ-aadResourceId)",
    "BOQ": "$(BOQ-aadResourceId)",
    "MEB": "$(BOQ-aadResourceId)"
  },
  "MaliciousFileScan:BlobStorageConnectionString": {
    "VMA": "{\"uri\":\"$(keyVaultBaseUrl)/WildfireBlobStorageConnectionString\"}",
    "BOQ": "{\"uri\":\"https://prd-edc-boq-kv01.vault.azure.net/secrets/WildfireBlobStorageConnectionString\"}",
    "MEB": "{\"uri\":\"https://prd-edc-boq-kv01.vault.azure.net/secrets/WildfireBlobStorageConnectionString\"}"
  },
  "edc.MaliciousFileScan:BlobStorageConnectionString": {
    "VMA": "$(MaliciousFileScan:BlobStorageConnectionString)",
    "BOQ": "$(MaliciousFileScan:BlobStorageConnectionString)",
    "MEB": "$(MaliciousFileScan:BlobStorageConnectionString)"
  },
  "sdc.MaliciousFileScan:BlobStorageConnectionString": {
    "VMA": "$(MaliciousFileScan:BlobStorageConnectionString)",
    "BOQ": "$(MaliciousFileScan:BlobStorageConnectionString)",
    "MEB": "$(MaliciousFileScan:BlobStorageConnectionString)"
  },
  "LoyaltyTableStorage:ConnectionString": {
    "VMA": "{\"uri\":\"https://prd-edc-vma-kv01.vault.azure.net/secrets/loyaltyTableStorageConnectionString\"}",
    "BOQ": "{\"uri\":\"https://prd-edc-boq-kv01.vault.azure.net/secrets/loyaltyTableStorageConnectionString\"}",
    "MEB": "{\"uri\":\"https://prd-edc-boq-kv01.vault.azure.net/secrets/loyaltyTableStorageConnectionString\"}"
  },
  "AzureAd:ClientSecret": {
    "VMA": "{\"uri\":\"https://prd-edc-vma-kv01.vault.azure.net/secrets/ext-wildfire-portal-clientSecret\"}",
    "BOQ": "{\"uri\":\"https://prd-edc-boq-kv01.vault.azure.net/secrets/ext-wildfire-portal-clientSecret\"}",
    "MEB": "{\"uri\":\"https://prd-edc-boq-kv01.vault.azure.net/secrets/ext-wildfire-portal-clientSecret\"}"
  },
  "apimName": {
    "VMA": "$(environment)-$(region.code)-shared-apim$(apimInstance)",
    "BOQ": "$(environment)-$(region.code)-shared-apim$(apimInstance)",
    "MEB": "$(environment)-$(region.code)-shared-apim$(apimInstance)"
  },
  "apimInstance": {
    "VMA": "02",
    "BOQ": "02",
    "MEB": "02"
  },
  "ext-cuscal-url": {
    "VMA": "https://vpn.api.cuscalext.com:59477",
    "BOQ": "https://vpn.api.cuscalext.com:59477",
    "MEB": "https://vpn.api.cuscalext.com:59477"
  },
  "ext-cuscal-payments-url": {
    "VMA": "https://vpn.api.cuscalext.com:59475/",
    "BOQ": "https://vpn.api.cuscalext.com:59475/",
    "MEB": "https://vpn.api.cuscalext.com:59475/"
  },
  "ext-cuscal-cert-id": {
    "VMA": "cuscal",
    "BOQ": "cuscal-boq",
    "MEB": "cuscal-boq"
  },
  "ext-bpay-url": {
    "VMA": "https://api.bpaygroup.com.au/",
    "BOQ": "https://api.bpaygroup.com.au/",
    "MEB": "https://api.bpaygroup.com.au/"
  },
  "kv-bpay-app-id-url": {
    "VMA": "{\"uri\":\"$(keyVaultBaseUrl)/bpay-app-id\"}",
    "BOQ": "{\"uri\":\"https://prd-edc-boq-kv01.vault.azure.net/secrets/bpay-app-id\"}",
    "MEB": "{\"uri\":\"https://prd-edc-boq-kv01.vault.azure.net/secrets/bpay-app-id\"}"
  },
  "kv-bpay-client-id-url": {
    "VMA": "{\"uri\":\"$(keyVaultBaseUrl)/bpay-client-id\"}",
    "BOQ": "{\"uri\":\"https://prd-edc-boq-kv01.vault.azure.net/secrets/bpay-client-id\"}",
    "MEB": "{\"uri\":\"https://prd-edc-boq-kv01.vault.azure.net/secrets/bpay-client-id\"}"
  },
  "kv-bpay-client-secret-url": {
    "VMA": "{\"uri\":\"$(keyVaultBaseUrl)/bpay-client-secret\"}",
    "BOQ": "{\"uri\":\"https://prd-edc-boq-kv01.vault.azure.net/secrets/bpay-client-secret\"}",
    "MEB": "{\"uri\":\"https://prd-edc-boq-kv01.vault.azure.net/secrets/bpay-client-secret\"}"
  },
  "ext-corelogic-url": {
    "VMA": "https://api.corelogic.asia/",
    "BOQ": "https://api.corelogic.asia/",
    "MEB": "https://api.corelogic.asia/"
  },
  "ext-corelogic-auth-url": {
    "VMA": "https://api.corelogic.asia/",
    "BOQ": "https://api.corelogic.asia/",
    "MEB": "https://api.corelogic.asia/"
  },
  "kv-corelogic-client-id-url": {
    "VMA": "{\"uri\":\"$(keyVaultBaseUrl)/corelogic-client-id\"}",
    "BOQ": "{\"uri\":\"$(keyVaultBaseUrl)/corelogic-client-id\"}",
    "MEB": "{\"uri\":\"$(keyVaultBaseUrl)/corelogic-client-id\"}"
  },
  "kv-corelogic-client-secret-url": {
    "VMA": "{\"uri\":\"$(keyVaultBaseUrl)/corelogic-client-secret\"}",
    "BOQ": "{\"uri\":\"$(keyVaultBaseUrl)/corelogic-client-secret\"}",
    "MEB": "{\"uri\":\"$(keyVaultBaseUrl)/corelogic-client-secret\"}"
  },
  "SourceQueueName": {
    "VMA": "vmaau-a-sb-dr-q001",
    "BOQ": "bqxau-a-sb-dr-q001",
    "MEB": "mebau-a-sb-dr-q001"
  },
  "T24ServiceBus:ConnectionString01": {
    "VMA": "{\"uri\":\"$(keyVaultSecretsBaseUrl)/T24ServiceBusConnectionString02\"}",
    "BOQ": "{\"uri\":\"$(keyVaultSecretsBaseUrl)/T24ServiceBusConnectionString02\"}",
    "MEB": "{\"uri\":\"$(keyVaultSecretsBaseUrl)/T24ServiceBusConnectionString02\"}"
  },
  "T24ServiceBus:ConnectionString02": {
    "VMA": "{\"uri\":\"$(keyVaultSecretsBaseUrl)/T24ServiceBusConnectionString02\"}",
    "BOQ": "{\"uri\":\"$(keyVaultSecretsBaseUrl)/T24ServiceBusConnectionString02\"}",
    "MEB": "{\"uri\":\"$(keyVaultSecretsBaseUrl)/T24ServiceBusConnectionString02\"}"
  },
  "CuscalBic11": {
    "VMA": "VMAPAU42XXX",
    "BOQ": "QBANAU4BXXX",
    "MEB": "QBANAU4BXXX"
  },
  "CuscalIssuer": {
    "VMA": "122778",
    "BOQ": "124899",
    "MEB": "944100"
  },
  "AzureAd:Domain": {
    "VMA": "BOQAzure.onmicrosoft.com",
    "BOQ": "BOQAzure.onmicrosoft.com",
    "MEB": "BOQAzure.onmicrosoft.com"
  },
  "NppLatency:StorageConnectionString": {
    "VMA": "{\"uri\":\"https://prd-edc-vma-kv01.vault.azure.net/secrets/nppLatencyStorageConnectionString\"}",
    "BOQ": "{\"uri\":\"https://prd-edc-boq-kv01.vault.azure.net/secrets/nppLatencyStorageConnectionString\"}",
    "MEB": "{\"uri\":\"https://prd-edc-boq-kv01.vault.azure.net/secrets/nppLatencyStorageConnectionString\"}"
  },
  "Logging-ApplicationInsights:ApplicationInsightsLogLevel": {
    "VMA": "Warning",
    "BOQ": "Warning",
    "MEB": "Warning"
  },
  "Bpay:SubscriptionKey": {
    "VMA": "{\"uri\":\"https://prd-edc-vma-kv01.vault.azure.net/secrets/bpaySubscriptionKey\"}",
    "BOQ": "{\"uri\":\"https://prd-edc-boq-kv01.vault.azure.net/secrets/bpaySubscriptionKey\"}",
    "MEB": "{\"uri\":\"https://prd-edc-boq-kv01.vault.azure.net/secrets/bpaySubscriptionKey\"}"
  },
  "t24KeyVaultName": {
    "VMA": "prd-edc-vmatemenos-kv01",
    "BOQ": "prd-edc-vmatemenos-kv01",
    "MEB": "prd-edc-vmatemenos-kv01"
  },
  "FCM:BaseUrl": {
    "VMA": "https://vma-au-fcm.temenoscloud.com/",
    "BOQ": "https://vma-au-fcm.temenoscloud.com/",
    "MEB": "https://vma-au-fcm.temenoscloud.com/"
  },
  "ext-visa-url": {
    "VMA": "https://api.visa.com/vop/v1",
    "BOQ": "Not Applicable to BOQ",
    "MEB": "Not Applicable to BOQ"
  },
  "ext-visa-client-certificate-id": {
    "VMA": "VisaVop",
    "BOQ": "Not Applicable to BOQ",
    "MEB": "Not Applicable to BOQ"
  },
  "ext-visa-client-id": {
    "VMA": "{\"uri\":\"https://prd-edc-vma-kv01.vault.azure.net/secrets/ext-visa-client-id\"}",
    "BOQ": "Not Applicable to BOQ",
    "MEB": "Not Applicable to BOQ"
  },
  "ext-visa-client-secret": {
    "VMA": "{\"uri\":\"https://prd-edc-vma-kv01.vault.azure.net/secrets/ext-visa-client-secret\"}",
    "BOQ": "Not Applicable to BOQ",
    "MEB": "Not Applicable to BOQ"
  },
  "CiamSubscriptionKey": {
    "VMA": "{\"uri\":\"https://prd-edc-vma-kv01.vault.azure.net/secrets/ciamSubscriptionKey\"}",
    "BOQ": "{\"uri\":\"https://prd-edc-boq-kv01.vault.azure.net/secrets/ciamSubscriptionKey\"}",
    "MEB": "{\"uri\":\"https://prd-edc-boq-kv01.vault.azure.net/secrets/ciamSubscriptionKey\"}"
  },
  "AzureAd:ResourceId": {
    "VMA": "$(BOQ-aadResourceId)",
    "BOQ": "$(BOQ-aadResourceId)",
    "MEB": "$(BOQ-aadResourceId)"
  },
  "Des:Component1": {
    "VMA": "{\"uri\":\"https://prd-edc-vma-kv01.vault.azure.net/secrets/desComponent1\"}",
    "BOQ": "{\"uri\":\"https://prd-edc-boq-kv01.vault.azure.net/secrets/desComponent1\"}",
    "MEB": "{\"uri\":\"https://prd-edc-boq-kv01.vault.azure.net/secrets/desComponent1\"}"
  },
  "Des:Component2": {
    "VMA": "{\"uri\":\"https://prd-edc-vma-kv01.vault.azure.net/secrets/desComponent2\"}",
    "BOQ": "{\"uri\":\"https://prd-edc-boq-kv01.vault.azure.net/secrets/desComponent2\"}",
    "MEB": "{\"uri\":\"https://prd-edc-boq-kv01.vault.azure.net/secrets/desComponent2\"}"
  },
  "Des:Component3": {
    "VMA": "{\"uri\":\"https://prd-edc-vma-kv01.vault.azure.net/secrets/desComponent3\"}",
    "BOQ": "{\"uri\":\"https://prd-edc-boq-kv01.vault.azure.net/secrets/desComponent3\"}",
    "MEB": "{\"uri\":\"https://prd-edc-boq-kv01.vault.azure.net/secrets/desComponent3\"}"
  },
  "ApplePay:Base64RootCert": {
    "VMA": "{\"uri\":\"https://prd-edc-vma-kv01.vault.azure.net/secrets/appleRootCertBase64\"}",
    "BOQ": "{\"uri\":\"https://prd-edc-boq-kv01.vault.azure.net/secrets/appleRootCertBase64\"}",
    "MEB": "{\"uri\":\"https://prd-edc-boq-kv01.vault.azure.net/secrets/appleRootCertBase64\"}"
  },
  "WEBSITE_LOAD_ROOT_CERTIFICATES": {
    "VMA": "secret",
    "BOQ": "{\"uri\":\"https://prd-edc-boq-kv01.vault.azure.net/secrets/websiteLoadRootCertificates\"}",
    "MEB": "{\"uri\":\"https://prd-edc-boq-kv01.vault.azure.net/secrets/websiteLoadRootCertificates\"}"
  },
  "External-Product:SubscriptionKey": {
    "VMA": "secret",
    "BOQ": "{\"uri\":\"https://prd-edc-boq-kv01.vault.azure.net/secrets/external-product-subscriptionkey\"}",
    "MEB": "{\"uri\":\"https://prd-edc-boq-kv01.vault.azure.net/secrets/external-product-subscriptionkey\"}"
  },
  "ProductSubscriberService:BaseUrl": {
    "VMA": "$(apim-base-url)",
    "BOQ": "$(apim-base-url)",
    "MEB": "$(apim-base-url)"
  },
  "ProductSubscriberService:GetProductsPath": {
    "VMA": "/product-subscription/v1/products",
    "BOQ": "/product-subscription/v1/products",
    "MEB": "/product-subscription/v1/products"
  },
  "ProductSubscriptionService:BaseUrl": {
    "VMA": "$(ProductSubscriptionWebAppBaseUrl)",
    "BOQ": "$(ProductSubscriptionWebAppBaseUrl)",
    "MEB": "$(ProductSubscriptionWebAppBaseUrl)"
  },
  "ProductSubscriptionService:GetProductsPath": {
    "VMA": "product-subscription/v1/products",
    "BOQ": "product-subscription/v1/products",
    "MEB": "product-subscription/v1/products"
  },
  "CustomerAccounts:SubscriptionKey": {
    "VMA": "{\"uri\":\"https://prd-edc-vma-kv01.vault.azure.net/secrets/InternalApimSubscriptionKey\"}",
    "BOQ": "{\"uri\":\"https://prd-edc-boq-kv01.vault.azure.net/secrets/InternalApimSubscriptionKey\"}",
    "MEB": "{\"uri\":\"https://prd-edc-boq-kv01.vault.azure.net/secrets/InternalApimSubscriptionKey\"}"
  },
  "MobileConfigurationLocation": {
    "VMA": "{\"uri\":\"https://prd-edc-vma-kv01.vault.azure.net/secrets/mobileConfigurationSasUrl\"}",
    "BOQ": "{\"uri\":\"https://prd-edc-boq-kv01.vault.azure.net/secrets/mobileConfigurationSasUrl\"}",
    "MEB": "{\"uri\":\"https://prd-edc-boq-kv01.vault.azure.net/secrets/mobileConfigurationSasUrl\"}"
  },
  "NppStore:ConnectionString": {
    "VMA": "{\"uri\":\"https://prd-edc-vma-kv01.vault.azure.net/secrets/payment-npp-storage-secret\"}",
    "BOQ": "{\"uri\":\"https://prd-edc-boq-kv01.vault.azure.net/secrets/payment-npp-storage-secret\"}",
    "MEB": "{\"uri\":\"https://prd-edc-boq-kv01.vault.azure.net/secrets/payment-npp-storage-secret\"}"
  },
  "Cuscal:VmaBic11": {
    "VMA": "VMAPAU42XXX",
    "BOQ": "QBANAU4BXXX",
    "MEB": "QBANAU4BXXX"
  },
  "Cuscal:LegacyBic11": {
    "MEB": "MEQBAU3MXXX"
  },
  "Cuscal:LegacyIssuer": {
    "MEB": "944600"
  },
  "Xrm:DefaultOwnerId": {
    "VMA": "177743a8-7223-ed11-9db1-00224818a883",
    "BOQ": "f873d202-8fa1-ec11-b400-0022481844a0",
    "MEB": "670004b7-7223-ed11-9db1-00224818a883"
  },
  "XrmAuth:TenantId": {
    "VMA": "$(BOQ-aadTenantId)",
    "BOQ": "TODO",
    "MEB": "TODO"
  },
  "XrmAuth:ClientId": {
    "VMA": "{\"uri\":\"https://prd-edc-vma-kv01.vault.azure.net/secrets/xrm-auth-client-id\"}",
    "BOQ": "SECRET",
    "MEB": "SECRET"
  },
  "XrmAuth:ClientSecret": {
    "VMA": "{\"uri\":\"https://prd-edc-vma-kv01.vault.azure.net/secrets/xrm-auth-client-secret\"}",
    "BOQ": "SECRET",
    "MEB": "SECRET"
  },
  "ext-hce-url": {
    "VMA": "https://vision-api-au.firstdata.com:8443",
    "BOQ": "https://vision-api-au.firstdata.com:8443",
    "MEB": "https://vision-api-au.firstdata.com:8443"
  },
  "integration-public-key": {
    "VMA": "{\"uri\":\"$(keyVaultBaseUrl)/integration-public-key\"}",
    "BOQ": "{\"uri\":\"https://prd-edc-boq-kv01.vault.azure.net/secrets/integration-public-key\"}",
    "MEB": "{\"uri\":\"https://prd-edc-boq-kv01.vault.azure.net/secrets/integration-public-key\"}"
  },
  "kv-cuscal-issuer-name-url": {
    "VMA": "{\"uri\":\"https://prd-edc-vma-kv01.vault.azure.net/secrets/cuscal-issuer-name\"}",
    "BOQ": "{\"uri\":\"https://prd-edc-boq-kv01.vault.azure.net/secrets/cuscal-issuer-name\"}",
    "MEB": "{\"uri\":\"https://prd-edc-boq-kv01.vault.azure.net/secrets/cuscal-issuer-name\"}"
  },
  "kv-cuscal-subject-url": {
    "VMA": "{\"uri\":\"https://prd-edc-vma-kv01.vault.azure.net/secrets/cuscal-cert-subject\"}",
    "BOQ": "{\"uri\":\"https://prd-edc-boq-kv01.vault.azure.net/secrets/cuscal-cert-subject\"}",
    "MEB": "{\"uri\":\"https://prd-edc-boq-kv01.vault.azure.net/secrets/cuscal-cert-subject\"}"
  },
  "kv-cuscal-thumbprint-url": {
    "VMA": "{\"uri\":\"https://prd-edc-vma-kv01.vault.azure.net/secrets/cuscal-cert-thumbprint\"}",
    "BOQ": "{\"uri\":\"https://prd-edc-boq-kv01.vault.azure.net/secrets/cuscal-cert-thumbprint\"}",
    "MEB": "{\"uri\":\"https://prd-edc-boq-kv01.vault.azure.net/secrets/cuscal-cert-thumbprint\"}"
  },
  "ext-fiserv-url": {
    "VMA": "https://vision-api-au.firstdata.com",
    "BOQ": "https://vision-api-au.firstdata.com",
    "MEB": "https://vision-api-au.firstdata.com"
  },
  "ext-fiserv-applicationid": {
    "VMA": "api://60238f57-be36-4669-b7e6-52ff7259c1d5",
    "BOQ": "api://60238f57-be36-4669-b7e6-52ff7259c1d5",
    "MEB": "api://60238f57-be36-4669-b7e6-52ff7259c1d5"
  },
  "ext-pega-applicationid": {
    "VMA": "api://prd-pega-mediator-apim-aadapp",
    "BOQ": "api://prd-pega-mediator-apim-aadapp",
    "MEB": "api://prd-pega-mediator-apim-aadapp"
  },
  "ext-cep-applicationid": {
    "VMA": "425ccb34-aeed-4073-ac1c-0c96d3ef236a",
    "BOQ": "425ccb34-aeed-4073-ac1c-0c96d3ef236a",
    "MEB": "425ccb34-aeed-4073-ac1c-0c96d3ef236a"
  },
  "aadTenantId": {
    "VMA": "$(BOQ-aadTenantId)",
    "BOQ": "$(BOQ-aadTenantId)",
    "MEB": "$(BOQ-aadTenantId)"
  },
  "ext-citibank-client-certificate-id": {
    "VMA": "citi",
    "BOQ": "citi",
    "MEB": "citi"
  },
  "ext-citibank-rce-client-id": {
    "VMA": "e262b1cf-b8e3-41dd-ac8f-a4e2a056810b",
    "BOQ": "e262b1cf-b8e3-41dd-ac8f-a4e2a056810b",
    "MEB": "e262b1cf-b8e3-41dd-ac8f-a4e2a056810b"
  },
  "ext-citibank-url": {
    "VMA": "https://aspac.api2s.citi.com/gcb",
    "BOQ": "https://aspac.api2s.citi.com/gcb",
    "MEB": "https://aspac.api2s.citi.com/gcb"
  },
  "NamedValuesUri": {
    "VMA": "$($(region.code).NamedValuesUri)",
    "BOQ": "$($(region.code).NamedValuesUri)",
    "MEB": "$($(region.code).NamedValuesUri)"
  },
  "edc.NamedValuesUri": {
    "VMA": "subscriptions/0567f9b9-7316-4876-8710-7d187d3e2bfd/resourceGroups/prd-edc-shared-prd-apim-rg02/providers/Microsoft.ApiManagement/service/prd-edc-shared-apim02/namedValues/",
    "BOQ": "subscriptions/0567f9b9-7316-4876-8710-7d187d3e2bfd/resourceGroups/prd-edc-shared-prd-apim-rg02/providers/Microsoft.ApiManagement/service/prd-edc-shared-apim02/namedValues/",
    "MEB": "subscriptions/0567f9b9-7316-4876-8710-7d187d3e2bfd/resourceGroups/prd-edc-shared-prd-apim-rg02/providers/Microsoft.ApiManagement/service/prd-edc-shared-apim02/namedValues/"
  },
  "sdc.NamedValuesUri": {
    "VMA": "subscriptions/0567f9b9-7316-4876-8710-7d187d3e2bfd/resourceGroups/prd-sdc-shared-prd-apim-rg02/providers/Microsoft.ApiManagement/service/prd-sdc-shared-apim02/namedValues/",
    "BOQ": "subscriptions/0567f9b9-7316-4876-8710-7d187d3e2bfd/resourceGroups/prd-sdc-shared-prd-apim-rg02/providers/Microsoft.ApiManagement/service/prd-sdc-shared-apim02/namedValues/",
    "MEB": "subscriptions/0567f9b9-7316-4876-8710-7d187d3e2bfd/resourceGroups/prd-sdc-shared-prd-apim-rg02/providers/Microsoft.ApiManagement/service/prd-sdc-shared-apim02/namedValues/"
  },
  "ext-citibank-rce-basic-auth-credential": {
    "VMA": "{\"uri\":\"https://prd-edc-vma-kv01.vault.azure.net/secrets/ext-citibank-rce-basic-auth-credential\"}",
    "BOQ": "N/A",
    "MEB": "N/A"
  },
  "ext-address-equifaxreferer": {
    "VMA": "ADMIN.VMA.AVOKA-TRANSACT.COM",
    "BOQ": "API.BANKOFQUEENSLAND.COM.AU",
    "MEB": "API.BANKOFQUEENSLAND.COM.AU"
  },
  "ext-address-equifaxbasicauth": {
    "VMA": "{\"uri\":\"$(keyVaultBaseUrl)/ext-address-equifaxbasicauth\"}",
    "BOQ": "{\"uri\":\"https://prd-edc-boq-kv01.vault.azure.net/secrets/ext-address-equifaxbasicauth\"}",
    "MEB": "{\"uri\":\"https://prd-edc-boq-kv01.vault.azure.net/secrets/ext-address-equifaxbasicauth\"}"
  },
  "ext-address-equifaxurl": {
    "VMA": "https://services.inivio.com.au/autocomplete/address",
    "BOQ": "https://services.inivio.com.au/autocomplete/address",
    "MEB": "https://services.inivio.com.au/autocomplete/address"
  },
  "ext-efs-url": {
    "VMA": "https://efs.boqsvdc.com.au/rest/v1/",
    "BOQ": "https://efs.boqsvdc.com.au/rest/v1/",
    "MEB": "https://efs.boqsvdc.com.au/rest/v1/"
  },
  "EfsConfiguration:Username": {
    "VMA": "{\"uri\":\"https://prd-edc-vma-kv01.vault.azure.net/secrets/EfsConfiguration--Username\"}",
    "BOQ": "{\"uri\":\"https://prd-edc-boq-kv01.vault.azure.net/secrets/EfsConfiguration--Username\"}",
    "MEB": "{\"uri\":\"https://prd-edc-boq-kv01.vault.azure.net/secrets/EfsConfiguration--Username\"}"
  },
  "EfsConfiguration:Password": {
    "VMA": "{\"uri\":\"https://prd-edc-vma-kv01.vault.azure.net/secrets/EfsConfiguration--Password\"}",
    "BOQ": "{\"uri\":\"https://prd-edc-boq-kv01.vault.azure.net/secrets/EfsConfiguration--Password\"}",
    "MEB": "{\"uri\":\"https://prd-edc-boq-kv01.vault.azure.net/secrets/EfsConfiguration--Password\"}"
  },
  "EfsConfiguration:XsrfToken": {
    "VMA": "{\"uri\":\"https://prd-edc-vma-kv01.vault.azure.net/secrets/EfsConfiguration--XsrfToken\"}",
    "BOQ": "{\"uri\":\"https://prd-edc-boq-kv01.vault.azure.net/secrets/EfsConfiguration--XsrfToken\"}",
    "MEB": "{\"uri\":\"https://prd-edc-boq-kv01.vault.azure.net/secrets/EfsConfiguration--XsrfToken\"}"
  },
  "Tjm:BaseUrl": {
    "VMA": "https://vma.avoka-transact.com/",
    "BOQ": "https://vma.avoka-transact.com/",
    "MEB": "https://vma.avoka-transact.com/"
  },
  "Tjm:ExternalBaseUrl": {
    "VMA": "https://application.virginmoney.com.au/",
    "BOQ": "https://application.boq.com.au/",
    "MEB": "https://application.mebank.com.au/"
  },
  "ext-frollo-url": {
    "VMA": "https://vma.frollo.us/api/admin",
    "BOQ": "https://boq.frollo.us/api/admin",
    "MEB": "https://mebank.frollo.us/api/admin"
  },
  "ext-frollo-api-key": {
    "VMA": "{\"uri\":\"https://prd-edc-vma-kv01.vault.azure.net/secrets/ext-frollo-api-key\"}",
    "BOQ": "{\"uri\":\"https://prd-edc-boq-kv01.vault.azure.net/secrets/ext-frollo-api-key\"}",
    "MEB": "{\"uri\":\"https://prd-edc-boq-kv01.vault.azure.net/secrets/ext-frollo-api-key\"}"
  },
  "FindNearest:BaseUrl": {
    "BOQ": "https://find.boq.com.au",
    "MEB": "https://find.boq.com.au"
  },
  "ext-findnearest-baseurl": {
    "BOQ": "$(FindNearest:BaseUrl)",
    "MEB": "$(FindNearest:BaseUrl)"
  },
  "crm-keyvault-name": {
    "VMA": "prd-edc-$(shared.project)-kv01",
    "BOQ": "prd-edc-$(shared.project)-kv01",
    "MEB": "prd-edc-boq-kv01"
  },
  "ext-safer-payments-url": {
    "VMA": "https://ace.fms.boq.local/v1/",
    "BOQ": "https://ace.fms.boq.local/v1/",
    "MEB": "https://ace.fms.boq.local/v1/"
  },
  "ext-ibm-cert-id": {
    "VMA": "ibm",
    "BOQ": "ibm",
    "MEB": "ibm"
  },
  "ext-aadTenantId": {
    "VMA": "8cfb3129-62e1-46d9-99ef-6d3641a7f007",
    "BOQ": "8cfb3129-62e1-46d9-99ef-6d3641a7f007",
    "MEB": "8cfb3129-62e1-46d9-99ef-6d3641a7f007"
  },
  "ext-openid-config-url": {
    "VMA": "$(ext-aadInstance)$(ext-aadTenantId)/.well-known/openid-configuration",
    "BOQ": "$(ext-aadInstance)$(ext-aadTenantId)/.well-known/openid-configuration",
    "MEB": "$(ext-aadInstance)$(ext-aadTenantId)/.well-known/openid-configuration"
  },
  "ext-wildfire-portal-applicationid": {
    "VMA": "api://60238f57-be36-4669-b7e6-52ff7259c1d5",
    "BOQ": "api://60238f57-be36-4669-b7e6-52ff7259c1d5",
    "MEB": "api://60238f57-be36-4669-b7e6-52ff7259c1d5"
  },
  "ext-genesys-portal-applicationid": {
    "VMA": "api://60238f57-be36-4669-b7e6-52ff7259c1d5",
    "BOQ": "api://60238f57-be36-4669-b7e6-52ff7259c1d5",
    "MEB": "api://60238f57-be36-4669-b7e6-52ff7259c1d5"
  },
  "ext-genesys-url": {
    "VMA": "https://webchat.boq.com.au",
    "BOQ": "https://webchat.boq.com.au",
    "MEB": "https://webchat.boq.com.au"
  },
  "ext-genesys-password": {
    "VMA": "{\"uri\":\"https://prd-edc-vma-kv01.vault.azure.net/secrets/ext-genesys-password\"}",
    "BOQ": "{\"uri\":\"https://prd-edc-boq-kv01.vault.azure.net/secrets/ext-genesys-password\"}",
    "MEB": "{\"uri\":\"https://prd-edc-boq-kv01.vault.azure.net/secrets/ext-genesys-password\"}"
  },
  "ext-servicenow-url": {
    "VMA": "https://boqreprod.service-now.com/",
    "BOQ": "https://boqreprod.service-now.com/",
    "MEB": "https://boqreprod.service-now.com/"
  },
  "ext-servicenow-username": {
    "VMA": "svc-snow-denovo-api",
    "BOQ": "svc-snow-denovo-api",
    "MEB": "svc-snow-denovo-api"
  },
  "ext-servicenow-password": {
    "VMA": "{\"uri\":\"https://prd-edc-vma-kv01.vault.azure.net/secrets/ext-servicenow-password\"}",
    "BOQ": "{\"uri\":\"https://prd-edc-boq-kv01.vault.azure.net/secrets/ext-servicenow-password\"}",
    "MEB": "{\"uri\":\"https://prd-edc-boq-kv01.vault.azure.net/secrets/ext-servicenow-password\"}"
  },
  "ServiceNow:Contact": {
    "VMA": "Direct Entry Team",
    "BOQ": "Direct Entry Team"
  },
  "ServiceNow:ContactPhone": {
    "VMA": "0732123176",
    "BOQ": "0732123176"
  },
  "ServiceNow:ContactEmail": {
    "VMA": "directentry@boq.com.au",
    "BOQ": "directentry@boq.com.au"
  },
  "ServiceNow:DestinationEmail": {
    "VMA": "directentry@boq.com.au",
    "BOQ": "directentry@boq.com.au"
  },
  "ServiceNow:VisaStatementCreditStatusFailureNotificationTemplate:To": {
    "VMA": "creditcards@boq.com.au;loyaltyproductteam@virginmoney.com.au",
    "BOQ": "creditcards@boq.com.au;loyaltyproductteam@virginmoney.com.au",
    "MEB": "creditcards@boq.com.au;loyaltyproductteam@virginmoney.com.au"
  },
  "ServiceNow:VisaStatementCreditStatusFailureNotificationTemplate:Subject": {
    "VMA": "FAILURE | Visa Statement Credit Status Response | CustomerId = {{externalUserId|customerId}}, CardId = {{cardId}}, Reward Amount = {{amount|rewardAmount:N-C}}",
    "BOQ": "FAILURE | Visa Statement Credit Status Response | CustomerId = {{externalUserId|customerId}}, CardId = {{cardId}}, Reward Amount = {{amount|rewardAmount:N-C}}",
    "MEB": "FAILURE | Visa Statement Credit Status Response | CustomerId = {{externalUserId|customerId}}, CardId = {{cardId}}, Reward Amount = {{amount|rewardAmount:N-C}}"
  },
  "int-sms-shared-secret": {
    "VMA": "{\"uri\":\"https://prd-edc-vma-kv01.vault.azure.net/secrets/int-sms-shared-secret\"}",
    "BOQ": "{\"uri\":\"https://prd-edc-boq-kv01.vault.azure.net/secrets/int-sms-shared-secret\"}",
    "MEB": "{\"uri\":\"https://prd-edc-boq-kv01.vault.azure.net/secrets/int-sms-shared-secret\"}"
  },
  "aseName": {
    "VMA": "$(environment)-$(region.code)-vma-ase$(instance)",
    "BOQ": "$(environment)-$(region.code)-vma-ase$(instance)",
    "MEB": "$(environment)-$(region.code)-vma-ase$(instance)"
  },
  "kv-genesys-cloud-oauth-token-request-body": {
    "VMA": "{\"uri\":\"$(keyVaultBaseUrl)/genesys-cloud-oauth-token-request-body\"}",
    "BOQ": "{\"uri\":\"$(keyVaultBaseUrl)/genesys-cloud-oauth-token-request-body\"}",
    "MEB": "{\"uri\":\"$(keyVaultBaseUrl)/genesys-cloud-oauth-token-request-body\"}"
  },
  "GenesysCloud:IntegrationId": {
    "VMA": "984053b9-9ba3-4f1b-997d-644758e69cb5",
    "BOQ": "9b947cc6-46ab-4c98-a4c9-8f836349e214",
    "MEB": "256bcc6f-2e77-4758-8cfb-58002c33092f"
  },
  "GenesysOptions:ClientId": {
    "VMA": "b4dde2d4-edb1-4b47-bb37-6a2d884bd986",
    "BOQ": "b4dde2d4-edb1-4b47-bb37-6a2d884bd986",
    "MEB": "b4dde2d4-edb1-4b47-bb37-6a2d884bd986"
  },
  "GenesysOptions:Resourceid": {
    "VMA": "api://60238f57-be36-4669-b7e6-52ff7259c1d5/.default",
    "BOQ": "api://60238f57-be36-4669-b7e6-52ff7259c1d5/.default",
    "MEB": "api://60238f57-be36-4669-b7e6-52ff7259c1d5/.default"
  },
  "GenesysOptions:PushMessageEFSPath": {
    "VMA": "https://efs.boqsvdc.com.au",
    "BOQ": "https://efs.boqsvdc.com.au",
    "MEB": "https://efs.boqsvdc.com.au"
  },
  "GenesysOptions:Authority": {
    "VMA": "https://login.microsoftonline.com/8cfb3129-62e1-46d9-99ef-6d3641a7f007",
    "BOQ": "https://login.microsoftonline.com/8cfb3129-62e1-46d9-99ef-6d3641a7f007",
    "MEB": "https://login.microsoftonline.com/8cfb3129-62e1-46d9-99ef-6d3641a7f007"
  },
  "GenesysOptions:ClientSecret": {
    "VMA": "{\"uri\":\"$(keyVaultBaseUrl)/genesysWildcardClientSecret\"}",
    "BOQ": "{\"uri\":\"https://prd-edc-boq-kv01.vault.azure.net/Secrets/genesysWildcardClientSecret\"}",
    "MEB": "{\"uri\":\"https://prd-edc-boq-kv01.vault.azure.net/Secrets/genesysWildcardClientSecret\"}"
  },
  "GenesysOptions:ChatPath": {
    "VMA": "genesys/2/chat/VMAChat",
    "BOQ": "genesys/2/chat/myBOQChat",
    "MEB": "genesys/2/chat/MEBChat"
  },
  "GenesysOptions:SendPath": {
    "VMA": "genesys/2/chat/VMAChat/{chatId}/send",
    "BOQ": "genesys/2/chat/myBOQChat/{chatId}/send",
    "MEB": "genesys/2/chat/MEBChat/{chatId}/send"
  },
  "GenesysOptions:RefreshPath": {
    "VMA": "genesys/2/chat/VMAChat/{chatId}/refresh",
    "BOQ": "genesys/2/chat/myBOQChat/{chatId}/refresh",
    "MEB": "genesys/2/chat/MEBChat/{chatId}/refresh"
  },
  "GenesysOptions:PushUrlPath": {
    "VMA": "genesys/2/chat/VMAChat/{chatId}/pushUrl",
    "BOQ": "genesys/2/chat/myBOQChat/{chatId}/pushUrl",
    "MEB": "genesys/2/chat/MEBChat/{chatId}/pushUrl"
  },
  "AwsOptions:AccessKey": {
    "VMA": "{\"uri\":\"$(keyVaultBaseUrl)/AWSAccessKey\"}",
    "BOQ": "{\"uri\":\"https://prd-edc-boq-kv01.vault.azure.net/secrets/AWSAccessKey\"}",
    "MEB": "{\"uri\":\"https://prd-edc-boq-kv01.vault.azure.net/secrets/AWSAccessKey\"}"
  },
  "AwsOptions:SecretKey": {
    "VMA": "{\"uri\":\"$(keyVaultBaseUrl)/AWSSecretAccessKey\"}",
    "BOQ": "{\"uri\":\"https://prd-edc-boq-kv01.vault.azure.net/secrets/AWSSecretAccessKey\"}",
    "MEB": "{\"uri\":\"https://prd-edc-boq-kv01.vault.azure.net/secrets/AWSSecretAccessKey\"}"
  },
  "AwsOptions:AllowExternalSms": {
    "VMA": "true",
    "BOQ": "true",
    "MEB": "true"
  },
  "AwsOptions:RedirectSmsToPhoneNumber": {
    "VMA": "",
    "BOQ": "",
    "MEB": ""
  },
  "AwsOptions:PlatformArnApple": {
    "VMA": "arn:aws:sns:ap-southeast-2:364221458953:app/APNS/prd-apse2-denovo-ios-pa02",
    "BOQ": "arn:aws:sns:ap-southeast-2:364221458953:app/APNS/prd-apse2-boqx-apns-pa01",
    "MEB": "arn:aws:sns:ap-southeast-2:364221458953:app/APNS/prd-apse2-boqx-apns-pa01"
  },
  "AwsOptions:PlatformArnAndroid": {
    "VMA": "arn:aws:sns:ap-southeast-2:364221458953:app/GCM/prd-apse2-denovo-fcm-pa01",
    "BOQ": "arn:aws:sns:ap-southeast-2:364221458953:app/GCM/prd-apse2-boqx-fcm-pa01",
    "MEB": "arn:aws:sns:ap-southeast-2:364221458953:app/GCM/prd-apse2-boqx-fcm-pa01"
  },
  "AwsOptions:TopicArn": {
    "VMA": "{\"uri\":\"$(keyVaultBaseUrl)/TopicArn\"}",
    "BOQ": "{\"uri\":\"https://prd-edc-boq-kv01.vault.azure.net/secrets/TopicArn\"}",
    "MEB": "{\"uri\":\"https://prd-edc-boq-kv01.vault.azure.net/secrets/TopicArn\"}"
  },
  "AdobeOptions:ExchangeJWTUri": {
    "BOQ": "https://ims-na1.adobelogin.com/ims/exchange/jwt/",
    "MEB": "https://ims-na1.adobelogin.com/ims/exchange/jwt/",
    "VMA": "https://ims-na1.adobelogin.com/ims/exchange/jwt/"
  },
  "AdobeOptions:ClientId": {
    "VMA": "395d195b40fb4fd9bb2d513176743baf",
    "BOQ": "395d195b40fb4fd9bb2d513176743baf",
    "MEB": "395d195b40fb4fd9bb2d513176743baf"
  },
  "AdobeOptions:ClientSecret": {
    "VMA": "{\"uri\":\"$(keyVaultBaseUrl)/AdobeClientSecret\"}",
    "BOQ": "{\"uri\":\"https://prd-edc-boq-kv01.vault.azure.net/secrets/AdobeClientSecret\"}",
    "MEB": "{\"uri\":\"https://prd-edc-boq-kv01.vault.azure.net/secrets/AdobeClientSecret\"}"
  },
  "AdobeOptions:ApiKey": {
    "VMA": "{\"uri\":\"$(keyVaultBaseUrl)/AdobeApiKey\"}",
    "BOQ": "{\"uri\":\"https://prd-edc-boq-kv01.vault.azure.net/secrets/AdobeApiKey\"}",
    "MEB": "{\"uri\":\"https://prd-edc-boq-kv01.vault.azure.net/secrets/AdobeApiKey\"}"
  },
  "AdobeOptions:PrivateKey": {
    "VMA": "https://$(keyVaultName).vault.azure.net/keys/AdobePrivate",
    "BOQ": "https://$(keyVaultName).vault.azure.net/keys/AdobePrivate",
    "MEB": "https://$(keyVaultName).vault.azure.net/keys/AdobePrivate"
  },
  "AdobeOptions:CampaignUriTemplate": {
    "VMA": "https://mc.adobe.io/{0}/campaign/{1}/{2}",
    "BOQ": "https://mc.adobe.io/{0}/campaign/{1}/{2}",
    "MEB": "https://mc.adobe.io/{0}/campaign/{1}/{2}"
  },
  "AdobeOptions:InstanceId": {
    "VMA": "bankofqueenslandlimited",
    "BOQ": "bankofqueenslandlimited",
    "MEB": "bankofqueenslandlimited"
  },
  "AdobeOptions:CampaignId": {
    "VMA": "mcbankofqueenslandlimited",
    "BOQ": "mcbankofqueenslandlimited",
    "MEB": "mcbankofqueenslandlimited"
  },
  "AdobeOptions:Sub": {
    "BOQ": "C7182A275E4241C80A495C73@techacct.adobe.com",
    "MEB": "C7182A275E4241C80A495C73@techacct.adobe.com",
    "VMA": "C7182A275E4241C80A495C73@techacct.adobe.com"
  },
  "AdobeOptions:Aud": {
    "BOQ": "https://ims-na1.adobelogin.com/c/395d195b40fb4fd9bb2d513176743baf",
    "MEB": "https://ims-na1.adobelogin.com/c/395d195b40fb4fd9bb2d513176743baf",
    "VMA": "https://ims-na1.adobelogin.com/c/395d195b40fb4fd9bb2d513176743baf"
  },
  "AdobeOptions:RedirectEmailsTo": {
    "BOQ": "",
    "MEB": "",
    "VMA": ""
  },
  "AdobeOptions:AllowExternalEmails": {
    "BOQ": "true",
    "MEB": "true",
    "VMA": "true"
  },
  "KeyVault:RSAPrivateKey": {
    "VMA": "integration-private-key",
    "BOQ": "integration-private-key",
    "MEB": "integration-private-key"
  },
  "KeyVault:ZpkKey": {
    "VMA": "3des-zpk-key",
    "BOQ": "3des-zpk-key",
    "MEB": "3des-zpk-key"
  },
  "REACT_APP_AZURE_APP_ID": {
    "VMA": "8618af84-9081-476f-9b2a-fb1b76282dd3",
    "BOQ": "8618af84-9081-476f-9b2a-fb1b76282dd3",
    "MEB": "8618af84-9081-476f-9b2a-fb1b76282dd3"
  },
  "REACT_APP_AZURE_AUTHORITY": {
    "VMA": "https://login.microsoftonline.com/8cfb3129-62e1-46d9-99ef-6d3641a7f007",
    "BOQ": "https://login.microsoftonline.com/8cfb3129-62e1-46d9-99ef-6d3641a7f007",
    "MEB": "https://login.microsoftonline.com/8cfb3129-62e1-46d9-99ef-6d3641a7f007"
  },
  "REACT_APP_API_SUBSCRIPTION_KEY_VMA": {
    "VMA": "{\"uri\":\"$(keyVaultBaseUrl)/reactAppApiSubscriptionKeyVMA\"}",
    "BOQ": "Not Applicable to BOQ",
    "MEB": "Not Applicable to BOQ"
  },
  "REACT_APP_API_SUBSCRIPTION_KEY_BOQ": {
    "VMA": "{\"uri\":\"$(keyVaultBaseUrl)/reactAppApiSubscriptionKeyBOQ\"}",
    "BOQ": "Not Applicable to BOQ",
    "MEB": "Not Applicable to BOQ"
  },
  "REACT_APP_APIM_TRACE_ENABLED": {
    "VMA": "false",
    "BOQ": "false",
    "MEB": "false"
  },
  "REACT_APP_API_URL_VMA": {
    "VMA": "$(apim-base-url-external)customerIdentityAdmin/v1.0",
    "BOQ": "N/A",
    "MEB": "N/A"
  },
  "REACT_APP_API_URL_BOQ": {
    "VMA": "$(apim-base-url-external)BOQ/customerIdentityAdmin/v1.0",
    "BOQ": "N/A",
    "MEB": "N/A"
  },
  "REACT_APP_API_URL_MEB": {
    "VMA": "$(apim-base-url-external)MEB/customerIdentityAdmin/v1.0",
    "BOQ": "N/A",
    "MEB": "N/A"
  },
  "aadResourceId": {
    "VMA": "$(BOQ-aadResourceId)",
    "BOQ": "$(BOQ-aadResourceId)",
    "MEB": "$(BOQ-aadResourceId)"
  },
  "ext-ascenda-auth-url": {
    "VMA": "https://e2e-guardhouse.prd-vma.int.kaligo.com",
    "BOQ": "https://e2e-guardhouse.prd-vma.int.kaligo.com",
    "MEB": "https://e2e-guardhouse.prd-vma.int.kaligo.com"
  },
  "ext-ascenda-clientId": {
    "VMA": "a3e4000a-8b81-4648-a276-e88366600437",
    "BOQ": "a3e4000a-8b81-4648-a276-e88366600437",
    "MEB": "a3e4000a-8b81-4648-a276-e88366600437"
  },
  "ext-ascenda-clientSecret": {
    "VMA": "{\"uri\":\"$(keyVaultBaseUrl)/ext-ascenda-clientSecret\"}",
    "BOQ": "{\"uri\":\"https://prd-edc-boq-kv01.vault.azure.net/secrets/ext-ascenda-clientSecret\"}",
    "MEB": "{\"uri\":\"https://prd-edc-boq-kv01.vault.azure.net/secrets/ext-ascenda-clientSecret\"}"
  },
  "ext-ascenda-audience": {
    "VMA": "vma-nn.kaligo.com",
    "BOQ": "vma-nn.kaligo.com",
    "MEB": "vma-nn.kaligo.com"
  },
  "ext-ascenda-url": {
    "VMA": "https://e2e-nydus.prd-vma.int.kaligo.com/ext/v1",
    "BOQ": "https://e2e-nydus.prd-vma.int.kaligo.com/ext/v1",
    "MEB": "https://e2e-nydus.prd-vma.int.kaligo.com/ext/v1"
  },
  "ext-citibank-client-id": {
    "VMA": "f0c603f3-f1dd-4a63-942f-b2307acbad5a",
    "BOQ": "f0c603f3-f1dd-4a63-942f-b2307acbad5a",
    "MEB": "f0c603f3-f1dd-4a63-942f-b2307acbad5a"
  },
  "ext-citibank-basic-auth-credential": {
    "VMA": "{\"uri\":\"https://prd-edc-vma-kv01.vault.azure.net/secrets/ext-citibank-basic-auth-credential\"}",
    "BOQ": "Not Applicable to BOQ",
    "MEB": "Not Applicable to BOQ"
  },
  "EmailVerification:SubscriptionKey": {
    "VMA": "{\"uri\":\"https://prd-edc-vma-kv01.vault.azure.net/secrets/EmailVerificationSubscriptionKey\"}",
    "BOQ": "{\"uri\":\"https://prd-edc-boq-kv01.vault.azure.net/secrets/EmailVerificationSubscriptionKey\"}",
    "MEB": "{\"uri\":\"https://prd-edc-boq-kv01.vault.azure.net/secrets/EmailVerificationSubscriptionKey\"}"
  },
  "EmailVerification:GatewayBaseUrl": {
    "VMA": "$(apim-base-url)",
    "BOQ": "https://api.bankofqueensland.com.au",
    "MEB": "https://api.membersequitybank.com.au"
  },
  "EmailVerification:ExternalGatewayUrl": {
    "VMA": "$(EmailVerification:GatewayBaseUrl)",
    "BOQ": "$(EmailVerification:GatewayBaseUrl)",
    "MEB": "$(EmailVerification:GatewayBaseUrl)"
  },
  "AwsOptions:DisableSMS": {
    "VMA": "false",
    "BOQ": "false",
    "MEB": "false"
  },
  "CommunicationOptions:AppLinkIOS": {
    "VMA": "https://apps.apple.com/au/app/virgin-money/id1198060050",
    "BOQ": "https://apps.apple.com/au/app/myboq/id1577281043",
    "MEB": "https://apps.apple.com/au/app/myboq/id1577281043"
  },
  "CommunicationOptions:AppLinkAndroid": {
    "VMA": "https://play.google.com/store/apps/details?id=au.com.virginmoney.android_vma",
    "BOQ": "https://play.google.com/store/apps/details?id=au.com.boq.mobilebanking",
    "MEB": "https://play.google.com/store/apps/details?id=au.com.boq.mobilebanking"
  },
  "ext-ciam-applicationid": {
    "VMA": "api://60238f57-be36-4669-b7e6-52ff7259c1d5",
    "BOQ": "api://60238f57-be36-4669-b7e6-52ff7259c1d5",
    "MEB": "api://60238f57-be36-4669-b7e6-52ff7259c1d5"
  },
  "help-servicing-origin-vma": "https://cepboqpbbprod.powerappsportals.com/",
  "InternalApimSubscriptionKey": {
    "VMA": "{\"uri\":\"$(keyVaultBaseUrl)/apimSubscriptionKey\"}",
    "BOQ": "{\"uri\":\"https://prd-edc-boq-kv01.vault.azure.net/secrets/apimSubscriptionKey\"}",
    "MEB": "{\"uri\":\"https://prd-edc-boq-kv01.vault.azure.net/secrets/apimSubscriptionKey\"}"
  },
  "ciam-brand-header": {
    "VMA": "$(Ciam:QueryHeader)",
    "BOQ": "$(Ciam:QueryHeader)",
    "MEB": "$(Ciam:QueryHeader)"
  },
  "ciam-brand-prefix": {
    "VMA": "",
    "BOQ": "",
    "MEB": ""
  },
  "Ciam:CustomerPath": {
    "VMA": "idm/customer/",
    "BOQ": "idm/customer/",
    "MEB": "idm/customer/"
  },
  "Ciam:CiamBrandHeader": {
    "VMA": "$(ciam-brand-header)",
    "BOQ": "$(ciam-brand-header)",
    "MEB": "$(ciam-brand-header)"
  },
  "Ciam:SubscriptionKey": {
    "VMA": "{\"uri\":\"$(keyVaultBaseUrl)/ciamSubscriptionKey\"}",
    "BOQ": "{\"uri\":\"$(keyVaultBaseUrl)/ciamSubscriptionKey\"}",
    "MEB": "{\"uri\":\"$(keyVaultBaseUrl)/ciamSubscriptionKey\"}"
  },
  "FCM:BasicAuthCredential": {
    "VMA": "{\"uri\":\"https://prd-edc-vma-kv01.vault.azure.net/secrets/ext-fcm-basic-auth-credential\"}",
    "BOQ": "{\"uri\":\"https://prd-edc-boq-kv01.vault.azure.net/secrets/ext-fcm-basic-auth-credential\"}",
    "MEB": "{\"uri\":\"https://prd-edc-boq-kv01.vault.azure.net/secrets/ext-fcm-basic-auth-credential\"}"
  },
  "ac-citi-partner-notification-blob-connection": {
    "VMA": "{\"uri\":\"https://prd-edc-vma-kv01.vault.azure.net/secrets/citipartner-blob-connection\"}",
    "BOQ": "Not Applicable to BOQ",
    "MEB": "Not Applicable to BOQ"
  },
  "ac-citi-partner-notification-datelimit": {
    "VMA": "5",
    "BOQ": "N/A",
    "MEB": "N/A"
  },
  "ac-snow-partner-notification-destination": {
    "VMA": "VMACCMailBox@virginmoney.com.au",
    "BOQ": "N/A",
    "MEB": "N/A"
  },
  "ac-snow-notification-basePath": {
    "VMA": "api/now/v1/email",
    "BOQ": "N/A",
    "MEB": "N/A"
  },
  "ac-snow-notification-contact": {
    "VMA": "Shivani Singh",
    "BOQ": "N/A",
    "MEB": "N/A"
  },
  "ac-snow-notification-contactPh": {
    "VMA": "138151",
    "BOQ": "N/A",
    "MEB": "N/A"
  },
  "ac-snow-notification-contactEmail": {
    "VMA": "deNovo@boq.com.au",
    "BOQ": "N/A",
    "MEB": "N/A"
  },
  "ac-citi-partner-notification-tablestore-count": {
    "VMA": "10000",
    "BOQ": "N/A",
    "MEB": "N/A"
  },
  "HomeLoans:TableStorage:EligibleAccounts:StorageConnectionString": {
    "VMA": "{\"uri\":\"$(keyVaultBaseUrl)/EligiblityConfigTableStorageSettings\"}",
    "BOQ": "{\"uri\":\"https://prd-edc-boq-kv01.vault.azure.net/secrets/EligiblityConfigTableStorageSettings\"}",
    "MEB": "{\"uri\":\"https://prd-edc-boq-kv01.vault.azure.net/secrets/EligiblityConfigTableStorageSettings\"}"
  },
  "ext-safer-payments-SP5-url": {
    "VMA": "https://10.229.64.1/v1",
    "BOQ": "https://10.229.64.1/v1",
    "MEB": "https://10.229.64.1/v1"
  },
  "ext-safer-payments-SP6-url": {
    "VMA": "https://10.229.0.2/v1",
    "BOQ": "https://10.229.0.2/v1",
    "MEB": "https://10.229.0.2/v1"
  },
  "Encryption:IntegrationPrivateKey": {
    "VMA": "{\"uri\":\"$(keyVaultBaseUrl)/integration-private-key\"}",
    "BOQ": "{\"uri\":\"https://prd-edc-boq-kv01.vault.azure.net/secrets/integration-private-key\"}",
    "MEB": "{\"uri\":\"https://prd-edc-boq-kv01.vault.azure.net/secrets/integration-private-key\"}"
  },
  "Fiserv:SubscriptionKey": {
    "VMA": "{\"uri\":\"$(keyVaultBaseUrl)/fiservSubscriptionKey\"}",
    "BOQ": "{\"uri\":\"https://prd-edc-boq-kv01.vault.azure.net/secrets/fiservSubscriptionKey\"}",
    "MEB": "{\"uri\":\"https://prd-edc-boq-kv01.vault.azure.net/secrets/fiservSubscriptionKey\"}"
  },
  "Encryption:ZPKKey": {
    "VMA": "{\"uri\":\"$(keyVaultBaseUrl)/3des-zpk-key\"}",
    "BOQ": "{\"uri\":\"https://prd-edc-boq-kv01.vault.azure.net/secrets/3des-zpk-key\"}",
    "MEB": "{\"uri\":\"https://prd-edc-boq-kv01.vault.azure.net/secrets/3des-zpk-key\"}"
  },
  "EmailVerification:ShortTokenUrlPath": {
    "VMA": "$(apim-base-url)/CIAM/v1/idm/customer/",
    "BOQ": "$(apim-base-url)/CIAM/v1/idm/customer/",
    "MEB": "$(apim-base-url)/CIAM/v1/idm/customer/"
  },
  "CiamGateway:VerifyShortTokenPath": {
    "VMA": "idm/customer/{guid}/shorttoken/verify",
    "BOQ": "idm/customer/{guid}/shorttoken/verify",
    "MEB": "idm/customer/{guid}/shorttoken/verify"
  },
  "Visa:CommunityCodeUser": {
    "VMA": "VMA",
    "BOQ": "Not Applicable to BOQ",
    "MEB": "Not Applicable to BOQ"
  },
  "Visa:CommunityCodeRewards": {
    "VMA": "VMACL",
    "BOQ": "Not Applicable to BOQ",
    "MEB": "Not Applicable to BOQ"
  },
  "DefaultOffer:Code": {
    "VMA": "DFE05KLYO",
    "BOQ": "DFE024JUN",
    "MEB": "DFE05KJUN"
  },
  "FormsOrchestration:DefaultOfferCode": {
    "VMA": "DFE05KLYO",
    "BOQ": "DFE024JUN",
    "MEB": "DFE05KJUN"
  },
  "sec-iib-whitelist-ip-address": {
    "VMA": "10.231.14.212",
    "BOQ": "10.231.14.212",
    "MEB": "10.231.14.212"
  },
  "sec-iib-whitelist-ip-address-from-1": {
    "VMA": "10.231.14.209",
    "BOQ": "10.231.14.209",
    "MEB": "10.231.14.209"
  },
  "sec-iib-whitelist-ip-address-to-1": {
    "VMA": "10.231.14.222",
    "BOQ": "10.231.14.222",
    "MEB": "10.231.14.222"
  },
  "sec-iib-whitelist-ip-address-from-3": {
    "VMA": "10.231.46.209",
    "BOQ": "10.231.46.209",
    "MEB": "10.231.46.209"
  },
  "sec-iib-whitelist-ip-address-to-3": {
    "VMA": "10.231.46.222",
    "BOQ": "10.231.46.222",
    "MEB": "10.231.46.222"
  },
  "ExternalApimSubscriptionKey": {
    "VMA": "{\"uri\":\"https://prd-edc-vma-kv01.vault.azure.net/secrets/ExternalApimSubscriptionKey\"}",
    "BOQ": "{\"uri\":\"https://prd-edc-boq-kv01.vault.azure.net/secrets/ExternalApimSubscriptionKey\"}",
    "MEB": "{\"uri\":\"https://prd-edc-boq-kv01.vault.azure.net/secrets/ExternalApimSubscriptionKey\"}"
  },
  "T24:ExternalApimSubscriptionKey": {
    "VMA": "$(ExternalApimSubscriptionKey)",
    "BOQ": "$(ExternalApimSubscriptionKey)",
    "MEB": "$(ExternalApimSubscriptionKey)"
  },
  "DirectDebitTableStorage:ConnectionString": {
    "VMA": "{\"uri\":\"$(keyVaultBaseUrl)/kv-table-storage-connection-string\"}",
    "BOQ": "{\"uri\":\"$(keyVaultBaseUrl)/kv-table-storage-connection-string\"}",
    "MEB": "{\"uri\":\"$(keyVaultBaseUrl)/kv-table-storage-connection-string\"}"
  },
  "BankOptions:AccountNumber": {
    "VMA": "{\"uri\":\"$(keyVaultBaseUrl)/BankAccountNumber\"}",
    "BOQ": "{\"uri\":\"$(keyVaultBaseUrl)/BankAccountNumber\"}",
    "MEB": "{\"uri\":\"$(keyVaultBaseUrl)/BankAccountNumber\"}"
  },
  "BankOptions:OrderingCustomer": {
    "VMA": "{\"uri\":\"$(keyVaultBaseUrl)/BankOrderingCustomer\"}",
    "BOQ": "{\"uri\":\"$(keyVaultBaseUrl)/BankOrderingCustomer\"}",
    "MEB": "{\"uri\":\"$(keyVaultBaseUrl)/BankOrderingCustomer\"}"
  },
  "TJMEmailUrlTemplateLink": {
    "VMA": "$(apim-base-url-external)verify-email/v1/{0}?token={1}",
    "BOQ": "$(apim-base-url-external)verify-email/v1/{0}?token={1}",
    "MEB": "$(apim-base-url-external)verify-email/v1/{0}?token={1}"
  },
  "DenovoAccountTypes:Definitions:VMA.FULL.FEATURE.LOAN:Enabled": {
    "VMA": "true"
  },
  "DenovoAccountTypes:Definitions:VMA.BASIC.HOMELOAN:Enabled": {
    "VMA": "true"
  },
  "DenovoAccountTypes:Definitions:BOQ.FULL.FEATURE.LOAN:Enabled": {
    "BOQ": "true"
  },
  "DenovoAccountTypes:Definitions:BOQ.BASIC.HOMELOAN:Enabled": {
    "BOQ": "true"
  },
  "DenovoAccountTypes:Definitions:MEB.FULL.FEATURE.LOAN:Enabled": {
    "MEB": "true"
  },
  "DenovoAccountTypes:Definitions:MEB.BASIC.HOMELOAN:Enabled": {
    "MEB": "true"
  },
  "Ods:Databases": {
    "VMA": "Accounts",
    "BOQ": "Accounts",
    "MEB": "Accounts"
  },
  "Ods:Accounts:Collections": {
    "VMA": "Accounts",
    "BOQ": "Accounts",
    "MEB": "Accounts"
  },
  "Ods:ServiceEndPoint": {
    "VMA": "$(odsServiceEndPoint)",
    "BOQ": "$(odsServiceEndPoint)",
    "MEB": "$(odsServiceEndPoint)"
  },
  "Ods:AuthKey": {
    "VMA": "$(odsKey)",
    "BOQ": "$(odsKey)",
    "MEB": "$(odsKey)"
  },
  "Ods:OdsConsentDatabaseName": {
    "VMA": "Consents",
    "BOQ": "Consents",
    "MEB": "Consents"
  },
  "Ods:OdsConsentCollectionName": {
    "VMA": "Consents",
    "BOQ": "Consents",
    "MEB": "Consents"
  },
  "AdobeCampaign:CampaignEligibilityTableName": {
    "VMA": "campaigneligibilityvma",
    "BOQ": "campaigneligibilityboq",
    "MEB": ""
  },
  "AzureDataFactory:MFT:PGP:IsMocking": {
    "VMA": "false"
  },
  "AzureDataFactory:MFT:FTP:IsMocking": {
    "VMA": "false"
  },
  "AzureDataFactory:MFT:SFTP:IsMocking": {
    "VMA": "false"
  },
  "AzureDataFactory:MFT:AES:IsMocking": {
    "VMA": "false"
  },
  "AzureDataFactory:MFT:SFTP:Downstream:Cuscal:Host": {
    "VMA": "168.217.72.132"
  },
  "AzureDataFactory:MFT:SFTP:Downstream:Cuscal:Port": {
    "VMA": "50022"
  },
  "AzureDataFactory:MFT:FTP:Downstream:T24:Host": {
    "VMA": "vma-au-ftp.temenoscloud.com"
  },
  "AzureDataFactory:MFT:FTP:Downstream:T24:Port": {
    "VMA": "21"
  },
  "AzureDataFactory:MFT:FTP:Downstream:T24:EncryptionMode": {
    "VMA": "explicit"
  },
  "AzureDataFactory:MFT:FTP:Downstream:T24:ValidateAnyCertificates1": {
    "VMA": "true"
  },
  "AzureDataFactory:MFT:SFTP:Downstream:Fiserv:Host": {
    "VMA": "prod2-gw-apac.firstdataclients.com"
  },
  "AzureDataFactory:MFT:SFTP:Downstream:Fiserv:Port": {
    "VMA": "6522"
  },
  "AzureDataFactory:MFT:SFTP:Downstream:AusPayNet:Username": {
    "VMA": "bsbftp1"
  },
  "AzureDataFactory:MFT:SFTP:Downstream:AusPayNet:Host": {
    "VMA": "bsb.hostedftp.com"
  },
  "AzureDataFactory:MFT:SFTP:Downstream:AusPayNet:Port": {
    "VMA": "22"
  },
  "AzureDataFactory:MFT:SFTP:Downstream:DowJones:Username": {
    "VMA": "QueenslandbkWL"
  },
  "AzureDataFactory:MFT:SFTP:Downstream:DowJones:Host": {
    "VMA": "djrcfeed.dowjones.com"
  },
  "AzureDataFactory:MFT:SFTP:Downstream:DowJones:Port": {
    "VMA": "22"
  },
  "MftAdf:StorageAccountConnectionString": {
    "VMA": "{\"uri\":\"$(keyVaultBaseUrl)/mftAdfStorageAccountConnectionString\"}",
    "BOQ": "secret",
    "MEB": "secret"
  },
  "Mft:StorageAccountConnectionString": {
    "VMA": "{\"uri\":\"$(keyVaultBaseUrl)/mftStorageAccountConnectionString\"}",
    "BOQ": "secret",
    "MEB": "secret"
  },
  "ext-marketing-adobe-func-functionKeys-default": {
    "VMA": "{\"uri\":\"$(keyVaultBaseUrl)/marketing-adobe-func-functionKeys-default\"}",
    "BOQ": "secret",
    "MEB": "secret"
  },
  "CitiGateway:RefreshAccessTokenPath": {
    "VMA": "v1/access-token/refresh",
    "BOQ": "v1/access-token/refresh",
    "MEB": "v1/access-token/refresh"
  },
  "CitiGateway:RetrieveClientTokenPath": {
    "VMA": "v1/api/clientCredentials/oauth2/token/au/vma",
    "BOQ": "v1/api/clientCredentials/oauth2/token/au/vma",
    "MEB": "v1/api/clientCredentials/oauth2/token/au/vma"
  },
  "CitiGateway:EncryptionKeyPreLoginPath": {
    "VMA": "v1/api/partner/v1/prelogin/security/e2eKey",
    "BOQ": "v1/api/partner/v1/prelogin/security/e2eKey",
    "MEB": "v1/api/partner/v1/prelogin/security/e2eKey"
  },
  "CitiGateway:RetrieveAccessTokenPath": {
    "VMA": "v1/access-token",
    "BOQ": "v1/access-token",
    "MEB": "v1/access-token"
  },
  "Citibank:GatewayBaseUrl": {
    "VMA": "$(apim-base-url)"
  },
  "Citibank:GatewayUrl": {
    "VMA": "$(apim-base-url)/citibank",
    "BOQ": "$(apim-base-url)/citibank/v1/",
    "MEB": "$(apim-base-url)/citibank/v1/"
  },
  "Citibank:BaseUrl": {
    "VMA": "$(apim-base-url)/citibank",
    "BOQ": "$(apim-base-url)/citibank/v1/",
    "MEB": "$(apim-base-url)/citibank/v1/"
  },
  "Citibank:GetEligibleCardsPath": {
    "VMA": "/citibank/v1/api/v1/moneyMovement/wallets/enrollments/eligibility",
    "BOQ": "/citibank/v1/api/v1/moneyMovement/wallets/enrollments/eligibility",
    "MEB": "/citibank/v1/api/v1/moneyMovement/wallets/enrollments/eligibility"
  },
  "Citibank:GetEncryptCardWalletPath": {
    "VMA": "/citibank/v1/api/v1/moneyMovement/wallets/registrations/encryptedData/search",
    "BOQ": "/citibank/v1/api/v1/moneyMovement/wallets/registrations/encryptedData/search",
    "MEB": "/citibank/v1/api/v1/moneyMovement/wallets/registrations/encryptedData/search"
  },
  "Citibank:UpdateMfaStatusPath": {
    "VMA": "/citibank/v1/api/partner/v1/mfa/statuses",
    "BOQ": "/citibank/v1/api/partner/v1/mfa/statuses",
    "MEB": "/citibank/v1/api/partner/v1/mfa/statuses"
  },
  "Citibank:GetCardsPath": {
    "VMA": "/citibank/v1/api/v1/cards?cardFunction=ALL",
    "BOQ": "/citibank/v1/api/v1/cards?cardFunction=ALL",
    "MEB": "/citibank/v1/api/v1/cards?cardFunction=ALL"
  },
  "Citibank:GetAccountsPath": {
    "VMA": "/citibank/v1/api/v1/accounts",
    "BOQ": "/citibank/v1/api/v1/accounts",
    "MEB": "/citibank/v1/api/v1/accounts"
  },
  "Citibank:AccountsUri": {
    "VMA": "/citibank/v1/api/v1/accounts",
    "BOQ": "/citibank/v1/api/v1/accounts",
    "MEB": "/citibank/v1/api/v1/accounts"
  },
  "Citibank:CustomerPhoneNumbersUrl": {
    "VMA": "/citibank/v1/api/v1/customers/profiles/phoneNumbers",
    "BOQ": "/citibank/v1/api/v1/customers/profiles/phoneNumbers",
    "MEB": "/citibank/v1/api/v1/customers/profiles/phoneNumbers"
  },
  "Citibank:CustomerEmailsUrl": {
    "VMA": "/citibank/v1/api/v1/customers/profiles/emails",
    "BOQ": "/citibank/v1/api/v1/customers/profiles/emails",
    "MEB": "/citibank/v1/api/v1/customers/profiles/emails"
  },
  "Citibank:CustomerAddressesUrl": {
    "VMA": "/citibank/v1/api/v1/customers/profiles/addresses",
    "BOQ": "/citibank/v1/api/v1/customers/profiles/addresses",
    "MEB": "/citibank/v1/api/v1/customers/profiles/addresses"
  },
  "Citibank:CustomerBasicEnquiryUrl": {
    "VMA": "/citibank/v1/api/v1/customers/profiles/basic",
    "BOQ": "/citibank/v1/api/v1/customers/profiles/basic",
    "MEB": "/citibank/v1/api/v1/customers/profiles/basic"
  },
  "Citibank:GetInactiveCardsPath": {
    "VMA": "/citibank/v1/api/v1/cards?cardFunction=LOCAL_CARD_ACTIVATION",
    "BOQ": "/citibank/v1/api/v1/cards?cardFunction=LOCAL_CARD_ACTIVATION",
    "MEB": "/citibank/v1/api/v1/cards?cardFunction=LOCAL_CARD_ACTIVATION"
  },
  "Citibank:ActivateCardsPath": {
    "VMA": "/citibank/v1/api/v1/cards/{cardId}/activations/{cardActivationCode}",
    "BOQ": "/citibank/v1/api/v1/cards/{cardId}/activations/{cardActivationCode}",
    "MEB": "/citibank/v1/api/v1/cards/{cardId}/activations/{cardActivationCode}"
  },
  "Citibank:EncryptionKeyPath": {
    "VMA": "/citibank/v1/api/partner/v1/security/e2eKey",
    "BOQ": "/citibank/v1/api/partner/v1/security/e2eKey",
    "MEB": "/citibank/v1/api/partner/v1/security/e2eKey"
  },
  "Citibank:ReplaceLostStolenPath": {
    "VMA": "/citibank/v1/api/v1/cards/{cardId}/lostStolen",
    "BOQ": "/citibank/v1/api/v1/cards/{cardId}/lostStolen",
    "MEB": "/citibank/v1/api/v1/cards/{cardId}/lostStolen"
  },
  "Citibank:SetPinPath": {
    "VMA": "/citibank/v1/api/v1/cards/atmPin/reset",
    "BOQ": "/citibank/v1/api/v1/cards/atmPin/reset",
    "MEB": "/citibank/v1/api/v1/cards/atmPin/reset"
  },
  "Citibank:CustomerSourceAccountsUri": {
    "VMA": "/citibank/v1/api/v1/moneyMovement/billPayments/sourceAccounts",
    "BOQ": "/citibank/v1/api/v1/moneyMovement/billPayments/sourceAccounts",
    "MEB": "/citibank/v1/api/v1/moneyMovement/billPayments/sourceAccounts"
  },
  "Citibank:MerchantListUri": {
    "VMA": "/citibank/v1/api/v1/moneyMovement/billPayments/merchants",
    "BOQ": "/citibank/v1/api/v1/moneyMovement/billPayments/merchants",
    "MEB": "/citibank/v1/api/v1/moneyMovement/billPayments/merchants"
  },
  "Citibank:SubmitPaymentPath": {
    "VMA": "/citibank/v1/api/v1/moneyMovement/billPayments",
    "BOQ": "/citibank/v1/api/v1/moneyMovement/billPayments",
    "MEB": "/citibank/v1/api/v1/moneyMovement/billPayments"
  },
  "Citibank:PreprocessPaymentsPath": {
    "VMA": "/citibank/v1/api/v1/moneyMovement/billPayments/preprocess/adhocWithPayeeCreation",
    "BOQ": "/citibank/v1/api/v1/moneyMovement/billPayments/preprocess/adhocWithPayeeCreation",
    "MEB": "/citibank/v1/api/v1/moneyMovement/billPayments/preprocess/adhocWithPayeeCreation"
  },
  "Loans:TableStorage:LoanDisbursements:StorageConnectionString": {
    "VMA": "{\"uri\":\"$(keyVaultBaseUrl)/kv-table-storage-connection-string\"}",
    "BOQ": "{\"uri\":\"$(keyVaultBaseUrl)/kv-table-storage-connection-string\"}",
    "MEB": "{\"uri\":\"$(keyVaultBaseUrl)/kv-table-storage-connection-string\"}"
  },
  "HomeLoans:TableStorage:InterestOnlyLoanExpiring:StorageConnectionString": {
    "VMA": "{\"uri\":\"$(keyVaultBaseUrl)/kv-table-storage-connection-string\"}",
    "BOQ": "{\"uri\":\"$(keyVaultBaseUrl)/kv-table-storage-connection-string\"}",
    "MEB": "{\"uri\":\"$(keyVaultBaseUrl)/kv-table-storage-connection-string\"}"
  },
  "HomeLoans:TableStorage:FixedLoanExpiring:StorageConnectionString": {
    "VMA": "{\"uri\":\"$(keyVaultBaseUrl)/kv-table-storage-connection-string\"}",
    "BOQ": "{\"uri\":\"$(keyVaultBaseUrl)/kv-table-storage-connection-string\"}",
    "MEB": "{\"uri\":\"$(keyVaultBaseUrl)/kv-table-storage-connection-string\"}"
  },
  "HomeLoans:TableStorage:EligibleAccountsNonPayments:StorageConnectionString": {
    "VMA": "{\"uri\":\"$(keyVaultBaseUrl)/kv-table-storage-connection-string\"}",
    "BOQ": "{\"uri\":\"$(keyVaultBaseUrl)/kv-table-storage-connection-string\"}",
    "MEB": "{\"uri\":\"$(keyVaultBaseUrl)/kv-table-storage-connection-string\"}"
  },
  "HomeLoans:TableStorage:DirectDebits:StorageConnectionString": {
    "VMA": "{\"uri\":\"$(keyVaultBaseUrl)/kv-table-storage-connection-string\"}",
    "BOQ": "{\"uri\":\"$(keyVaultBaseUrl)/kv-table-storage-connection-string\"}",
    "MEB": "{\"uri\":\"$(keyVaultBaseUrl)/kv-table-storage-connection-string\"}"
  },
  "Migration:TableStorage:MigrationTransactions:StorageConnectionString": {
    "VMA": "N/A",
    "BOQ": "N/A",
    "MEB": "{\"uri\":\"$(keyVaultBaseUrl)/kv-table-storage-connection-string\"}"
  },
  "Migration:TableStorage:StatementRequests:StorageConnectionString": {
    "MEB": "{\"uri\":\"$(keyVaultBaseUrl)/kv-table-storage-connection-string\"}"
  },
  "Migration:TableStorage:StatementFiles:StorageConnectionString": {
    "MEB": "{\"uri\":\"$(keyVaultBaseUrl)/kv-table-storage-connection-string\"}"
  },
  "MigratedTransactionsFn:Ods:Cron": {
    "VMA": "N/A",
    "BOQ": "N/A",
    "MEB": "0 */2 23-5 * * *"
  },
  "MigratedTransactionsFn:Frollo:Cron": {
    "VMA": "N/A",
    "BOQ": "N/A",
    "MEB": "0 */5 23-5 * * *"
  },
  "MigratedTransactionsFn:EnrichmentPeriod": {
    "MEB": "6"
  },
  "GetCountries:Path": {
    "VMA": "/reference-data/v1/countries",
    "BOQ": "/reference-data/v1/countries",
    "MEB": "countries"
  },
  "GetTinExemptions:Path": {
    "VMA": "/reference-data/v1/tin-exemptions",
    "BOQ": "/reference-data/v1/tin-exemptions",
    "MEB": "tin-exemptions"
  },
  "int-payment-initiation-url": {
    "VMA": "https://payment-initiation-webapp-$(environment)-$(instance)-$(region.code).$(aseName).appserviceenvironment.net/customer-payments/v1",
    "BOQ": "https://payment-initiation-webapp-boq-$(environment)-$(instance)-$(region.code).$(aseName).appserviceenvironment.net/customer-payments/v1",
    "MEB": "https://payment-initiation-webapp-meb-$(environment)-$(instance)-$(region.code).$(aseName).appserviceenvironment.net/customer-payments/v1/"
  },
  "Integration:ReferenceDataBackendServiceUrl": {
    "VMA": "https://reference-data-webapp-$(environment)-$(instance)-$(region.code).$(aseName).appserviceenvironment.net/reference-data/v1",
    "BOQ": "https://reference-data-webapp-boq-$(environment)-$(instance)-$(region.code).$(aseName).appserviceenvironment.net/reference-data/v1",
    "MEB": "https://reference-data-webapp-meb-$(environment)-$(instance)-$(region.code).$(aseName).appserviceenvironment.net/reference-data/v1/"
  },
  "PaymentInitiation:InitiateDirectDebitPath": {
    "VMA": "/initiate/directdebit",
    "BOQ": "/initiate/directdebit",
    "MEB": "initiate/directdebit"
  },
  "ReferenceData:BaseUrl": {
    "VMA": "https://reference-data-webapp-$(environment)-$(instance)-$(region.code).$(aseName).appserviceenvironment.net/",
    "BOQ": "https://reference-data-webapp-boq-$(environment)-$(instance)-$(region.code).$(aseName).appserviceenvironment.net/",
    "MEB": "https://reference-data-webapp-meb-$(environment)-$(instance)-$(region.code).$(aseName).appserviceenvironment.net/reference-data/v1/"
  },
  "ReferenceData:TransactionCategoryPath": {
    "VMA": "/reference-data/v1/transaction-categories",
    "BOQ": "/reference-data/v1/transaction-categories",
    "MEB": "transaction-categories"
  },
  "ReferenceDataOccupationsUrlPath": {
    "VMA": "/reference-data/v1/occupations",
    "BOQ": "/reference-data/v1/occupations",
    "MEB": "occupations"
  },
  "ReferenceData:OccupationsUrlPath": {
    "VMA": "/reference-data/v1/occupations",
    "BOQ": "/reference-data/v1/occupations",
    "MEB": "occupations"
  },
  "RegisterAccounts:WebAppBaseUrl": {
    "VMA": "https://payment-npp-webapp-$(environment)-$(instance)-$(region.code).$(aseName).appserviceenvironment.net/payments-npp/v1",
    "BOQ": "https://payment-npp-webapp-boq-$(environment)-$(instance)-$(region.code).$(aseName).appserviceenvironment.net/payments-npp/v1",
    "MEB": "https://payment-npp-webapp-meb-$(environment)-$(instance)-$(region.code).$(aseName).appserviceenvironment.net/payments-npp/v1/"
  },
  "RegisterAccountsPath": {
    "VMA": "/accounts",
    "BOQ": "/accounts",
    "MEB": "accounts"
  },
  "Ciam:CustomerAudience": {
    "VMA": "VMAAPIGateway",
    "BOQ": "BOQMobileApp",
    "MEB": "MEBMobileApp"
  },
  "Ciam:SystemAudience": {
    "VMA": "VMAAPIGateway",
    "BOQ": "BOQAPIGateway",
    "MEB": "IntegrationAPIGateway"
  },
  "eV10AccountClosedSubscriberName": {
    "VMA": "AccountClosed.Cms.Subscriber",
    "BOQ": "AccountClosed.Cms.Subscriber",
    "MEB": "AccountClosed.Cms.Subscriber"
  },
  "ProvisionCardSubscriber": {
    "VMA": "CardCreate.Subscriber",
    "BOQ": "CardCreate.Subscriber",
    "MEB": "CardCreate.Subscriber"
  },
  "AzureDataFactory:DataBunker:StorageAccountUrl": {
    "BOQ": "https://prdedcvmamftadf01.blob.core.windows.net/"
  },
  "Dbib:Public:TrusteerId": {
    "VMA": "TODO",
    "BOQ": "TODO",
    "MEB": "8026294"
  },
  "Dbib:Public:AnalyticsUrl": {
    "VMA": "https://assets.adobedtm.com/aaa86c73d744/4e827a8d7469/launch-30556e93f811.min.js",
    "BOQ": "https://assets.adobedtm.com/aaa86c73d744/13dc1503367a/launch-a9f690185f63.min.js",
    "MEB": "https://assets.adobedtm.com/aaa86c73d744/52c98583795e/launch-f00af92ffae6.min.js"
  },
  "Dbib:Public:AppDynamicsUiKey": {
    "VMA": "TODO",
    "BOQ": "TODO",
    "MEB": "SY-AAB-UPE"
  },
  "Dbib:Private:AppDynamicsBffKey": {
    "VMA": "TODO",
    "BOQ": "TODO",
    "MEB": "ab1d5e53-c93e-44d9-b5c7-167794ed0c4f"
  },
  "Dbib:Private:AppDynamicsAppName": {
    "VMA": "TODO",
    "BOQ": "TODO",
    "MEB": "MEB-DBInternetBanking-prd"
  },
  "Dbib:Private:AppDynamicsAccountName": {
    "VMA": "TODO",
    "BOQ": "TODO",
    "MEB": "boq-prod"
  },
  "Dbib:Private:AppDynamicsLogLevel": {
    "VMA": "INFO",
    "BOQ": "INFO",
    "MEB": "INFO"
  },
  "MigrationAcceleratorFileShare": {
    "VMA": "",
    "BOQ": "",
    "MEB": "https://prd01edcmebmeaccm01.file.core.windows.net/migration-accelerator-prd01/"
  },
  "MigrationAcceleratorArchiveFileShare": {
    "MEB": "https://prd01edcmebmeaccm01.file.core.windows.net/migration-accelerator-archive/"
  },
  "MigrationStatamentsFileShare": {
    "MEB": "https://prd01edcmebdibst1.file.core.windows.net/migration/"
  },
  "Sftp:Uri": {
    "MEB": "https://prd02edcmebsftp01.blob.core.windows.net/"
  },
  "Sftp:PgpKeysKeyVaultUri": {
    "MEB": "https://prd-edc-vma-adf-kv01.vault.azure.net"
  },
  "AddressSftp:PgpKeysKeyVaultUri": {
    "MEB": "$(Sftp:PgpKeysKeyVaultUri)"
  },
  "AddressSftp:Uri": {
    "MEB": "$(Sftp:Uri)"
  },
  "MigratedTransactionsFn:MastercardSftp:PgpKeysKeyVaultUri": {
    "MEB": "$(Sftp:PgpKeysKeyVaultUri)"
  },
  "MigratedTransactionsFn:MastercardSftp:Uri": {
    "MEB": "$(Sftp:Uri)"
  },
  "AddressTable:StorageConnectionString": {
    "VMA": "{\"uri\":\"$(keyVaultBaseUrl)/kv-table-storage-connection-string\"}",
    "BOQ": "{\"uri\":\"$(keyVaultBaseUrl)/kv-table-storage-connection-string\"}",
    "MEB": "{\"uri\":\"$(keyVaultBaseUrl)/kv-table-storage-connection-string\"}"
  },
  "CustomerCorrespondenceFn:Encryption:PgpKeysKeyVaultUri": {
    "VMA": "https://prd-edc-vma-adf-kv01.vault.azure.net",
    "BOQ": "https://prd-edc-vma-adf-kv01.vault.azure.net",
    "MEB": "https://prd-edc-vma-adf-kv01.vault.azure.net"
  },
  "CustomerCorrespondenceFn:StatementFileShare:ServiceUri": {
    "VMA": "https://prdedcvmamft01.file.core.windows.net/",
    "BOQ": "https://prdedcvmamft01.file.core.windows.net/",
    "MEB": "https://prdedcvmamft01.file.core.windows.net/"
  },
  "Migration:TableStorage:MastercardAuthorisations:StorageConnectionString": {
    "MEB": "{\"uri\":\"$(keyVaultBaseUrl)/kv-table-storage-connection-string\"}"
  },
  "aad-blueprism-applicationid": {
    "VMA": "28868e78-20a3-4669-aac0-304d01cf2404",
    "BOQ": "28868e78-20a3-4669-aac0-304d01cf2404",
    "MEB": "28868e78-20a3-4669-aac0-304d01cf2404"
  },
  "MigratedTransactionsFn:MastercardDebatch:Cron": {
    "MEB": "0 0 * * * *"
  },
  "MigratedTransactionsFn:ReconciliationDebatch:Cron": {
    "MEB": "0 */5 * * * *"
  },
  "PaymentNppSub:T24:Caching:Customers:Customers": {
    "VMA": "false",
    "BOQ": "false",
    "MEB": "false"
  },
  "CreateCustomerPfm:T24:Caching:Customers:Customers": {
    "VMA": "false",
    "BOQ": "false",
    "MEB": "false"
  },
  "CustomerIdentity:T24:Caching:Customers:Customers": {
    "VMA": "false",
    "BOQ": "false",
    "MEB": "false"
  },
  "CustomerProfile:T24:Caching:Customers:Customers": {
    "VMA": "false",
    "BOQ": "false",
    "MEB": "false"
  },
  "CustomerTransactions:T24:Caching:Customers:Customers": {
    "VMA": "false",
    "BOQ": "false",
    "MEB": "false"
  },
  "ProductCommunicationsFuncApp:T24:Caching:Customers:Customers": {
    "VMA": "false",
    "BOQ": "false",
    "MEB": "false"
  },
  "RegisterAccountPfm:T24:Caching:Customers:Customers": {
    "VMA": "false",
    "BOQ": "false",
    "MEB": "false"
  },
  "CustomerPfm:T24:Caching:Customers:Customers": {
    "VMA": "false",
    "BOQ": "false",
    "MEB": "false"
  },
  "NppService:T24:Caching:Customers:Customers": {
    "VMA": "false",
    "BOQ": "false",
    "MEB": "false"
  },
  "DebitCardEventHandler:T24:Caching:Customers:Customers": {
    "VMA": "false",
    "BOQ": "false",
    "MEB": "false"
  },
  "Communications:T24:Caching:Customers:Customers": {
    "VMA": "false",
    "BOQ": "false",
    "MEB": "false"
  },
  "CommsSub:T24:Caching:Customers:Customers": {
    "VMA": "false",
    "BOQ": "false",
    "MEB": "false"
  },
  "PaymentComms:T24:Caching:Customers:Customers": {
    "VMA": "false",
    "BOQ": "false",
    "MEB": "false"
  },
  "DebitCardApi:T24:Caching:Customers:Customers": {
    "VMA": "false",
    "BOQ": "false",
    "MEB": "false"
  },
  "PaymentInitiation:T24:Caching:Customers:Customers": {
    "VMA": "false",
    "BOQ": "false",
    "MEB": "false"
  },
  "ConsentWorkflowMgmtFuncApp:T24:Caching:Customers:Customers": {
    "VMA": "false",
    "BOQ": "false",
    "MEB": "false"
  },
  "DirectDebitApi:T24:Caching:Customers:Customers": {
    "VMA": "false",
    "BOQ": "false",
    "MEB": "false"
  },
  "CustomerProfileFn:T24:Caching:Customers:Customers": {
    "VMA": "false",
    "BOQ": "false",
    "MEB": "false"
  },
  "AuthorizationAccessControl:TableStorage:EntitlementCheckReport:StorageConnectionString": {
    "VMA": "{\"uri\":\"$(keyVaultBaseUrl)/kv-table-storage-connection-string\"}",
    "BOQ": "{\"uri\":\"$(keyVaultBaseUrl)/kv-table-storage-connection-string\"}",
    "MEB": "{\"uri\":\"$(keyVaultBaseUrl)/kv-table-storage-connection-string\"}"
  },
  "check-entitlement-enabled": {
    "VMA": "true",
    "BOQ": "true",
    "MEB": "true"
  },
  "AuthorizationAccessControl:EntitlementPolicies:0:EnforcementLevel": {
    "VMA": "enforce",
    "BOQ": "enforce",
    "MEB": "enforce"
  },
  "AuthorizationAccessControl:EntitlementPolicies:1:EnforcementLevel": {
    "VMA": "disabled",
    "BOQ": "disabled",
    "MEB": "disabled"
  },
  "CustomerCampaignEntityApiClient:ApimSubscriptionKey": {
    "VMA": "secret",
    "BOQ": "secret",
    "MEB": "secret"
  },
  "BenefitsPricingApi:ApimSubscriptionKey": {
    "VMA": "secret",
    "BOQ": "secret",
    "MEB": "secret"
  }
}
