{
  "environment": {
    "VMA": "sit02",
    "BOQ": "sit02",
    "MEB": "sit02"
  },
  "keyVaultName": {
    "VMA": "$(environment)-edc-$(shared.project)-kv$(instance)",
    "BOQ": "$(environment)-edc-$(shared.project)-kv$(instance)",
    "MEB": "$(environment)-edc-boq-kv$(instance)"
  },
  "WebAppDomain": {
    "VMA": "$(WebAppAseDomain)",
    "BOQ": "$(WebAppAseDomain)",
    "MEB": "$(WebAppAseDomain)"
  },
  "Ciam:SystemSubscriptionKey": {
    "VMA": "{\"uri\":\"https://sit02-edc-denovo-kv01.vault.azure.net/secrets/ciamGatewaySystemToken\"}",
    "BOQ": "{\"uri\":\"https://sit02-edc-boq-kv01.vault.azure.net/secrets/ciamGatewaySystemToken\"}",
    "MEB": "{\"uri\":\"https://sit02-edc-boq-kv01.vault.azure.net/secrets/ciamGatewaySystemToken\"}"
  },
  "CitiGateway:CitiClientId": {
    "VMA": "{\"uri\":\"https://sit02-edc-denovo-kv01.vault.azure.net/secrets/citiGatewayClientId\"}",
    "BOQ": "{\"uri\":\"https://sit02-edc-boq-kv01.vault.azure.net/secrets/citiGatewayClientId\"}",
    "MEB": "{\"uri\":\"https://sit02-edc-boq-kv01.vault.azure.net/secrets/citiGatewayClientId\"}"
  },
  "CitiGateway:BasicAuthCredential": {
    "VMA": "{\"uri\":\"https://sit02-edc-denovo-kv01.vault.azure.net/secrets/ext-citibank-basic-auth-credential\"}",
    "BOQ": "{\"uri\":\"https://sit02-edc-boq-kv01.vault.azure.net/secrets/ext-citibank-basic-auth-credential\"}",
    "MEB": "{\"uri\":\"https://sit02-edc-boq-kv01.vault.azure.net/secrets/ext-citibank-basic-auth-credential\"}"
  },
  "shared.project": {
    "VMA": "denovo",
    "BOQ": "boq",
    "MEB": "meb"
  },
  "Integration:SubscriptionKey": {
    "VMA": "{\"uri\":\"https://sit02-edc-denovo-kv01.vault.azure.net/secrets/integrationSubscriptionKey\"}",
    "BOQ": "{\"uri\":\"https://sit02-edc-boq-kv01.vault.azure.net/secrets/integrationSubscriptionKey\"}",
    "MEB": "{\"uri\":\"https://sit02-edc-boq-kv01.vault.azure.net/secrets/integrationSubscriptionKey\"}"
  },
  "FrolloService:ListAccountsUri": {
    "VMA": "/client/v2/aggregation/accounts",
    "BOQ": "/client/v2/aggregation/accounts",
    "MEB": "/client/v2/aggregation/accounts"
  },
  "T24:Package": {
    "VMA": "VMAirisR19/api/v1.0.0/",
    "BOQ": "VMAirisR19/api/v1.0.0/",
    "MEB": "VMAirisR19/api/v1.0.0/"
  },
  "T24:countries-path-url": {
    "VMA": "irf-provider-container-202003.0.3/api/v1.0.0/reference/countries?page_size=300",
    "BOQ": "irf-provider-container-202003.0.3/api/v1.0.0/reference/countries?page_size=300",
    "MEB": "irf-provider-container-202003.0.3/api/v1.0.0/reference/countries?page_size=300"
  },
  "ext-temenos-environment": {
    "VMA": "sit2",
    "BOQ": "sit2",
    "MEB": "sit2"
  },
  "Ods:OdsAccountsServiceEndpoint": {
    "VMA": "$(odsServiceEndPoint)",
    "BOQ": "$(odsServiceEndPoint)",
    "MEB": "$(odsServiceEndPoint)"
  },
  "Ods:OdsAccountsAuthKey": {
    "VMA": "$(odsKey)",
    "BOQ": "$(odsKey)",
    "MEB": "$(odsKey)"
  },
  "odsKey": {
    "VMA": "{\"uri\":\"https://sit02-edc-denovo-kv01.vault.azure.net/secrets/odsKey\"}",
    "BOQ": "{\"uri\":\"https://sit02-edc-boq-kv01.vault.azure.net/secrets/odsKey\"}",
    "MEB": "{\"uri\":\"https://sit02-edc-boq-kv01.vault.azure.net/secrets/odsKey\"}"
  },
  "useServiceBusAlias": {
    "VMA": "false",
    "BOQ": "false",
    "MEB": "false"
  },
  "ApimSubscriptionKey": {
    "VMA": "{\"uri\":\"https://sit02-edc-denovo-kv01.vault.azure.net/secrets/apimSubscriptionKey\"}",
    "BOQ": "{\"uri\":\"https://sit02-edc-boq-kv01.vault.azure.net/secrets/apimSubscriptionKey\"}",
    "MEB": "{\"uri\":\"https://sit02-edc-boq-kv01.vault.azure.net/secrets/apimSubscriptionKey\"}"
  },
  "T24:ApimSubscriptionKey": {
    "VMA": "$(ApimSubscriptionKey)",
    "BOQ": "$(ApimSubscriptionKey)",
    "MEB": "$(ApimSubscriptionKey)"
  },
  "ext-customeridentity-ciamurl": {
    "VMA": "https://sit2.id.aws-boq",
    "BOQ": "https://sit2.id.aws-boq",
    "MEB": "https://dev.id.aws-boq"
  },
  "ext-customeridentity-introspect-ciamurl": {
    "VMA": "$(ext-customeridentity-ciamurl)/am/oauth2/introspect",
    "BOQ": "$(ext-customeridentity-ciamurl)/am/oauth2/introspect",
    "MEB": "$(ext-customeridentity-ciamurl)/am/oauth2/introspect"
  },
  "ext-customeridentity-clientId": {
    "VMA": "IntegrationAPIGateway",
    "BOQ": "IntegrationAPIGateway",
    "MEB": "IntegrationAPIGateway"
  },
  "ext-customeridentity-clientSecret": {
    "VMA": "{\"uri\":\"https://sit02-edc-denovo-kv01.vault.azure.net/secrets/ext-customeridentity-clientSecret\"}",
    "BOQ": "{\"uri\":\"https://sit02-edc-boq-kv01.vault.azure.net/secrets/ext-customeridentity-clientSecret\"}",
    "MEB": "{\"uri\":\"https://sit02-edc-boq-kv01.vault.azure.net/secrets/ext-customeridentity-clientSecret\"}"
  },
  "sec.internal-whitelist-ip-begin-range": {
    "VMA": "10.231.0.0",
    "BOQ": "10.231.0.0",
    "MEB": "10.231.0.0"
  },
  "sec.internal-whitelist-ip-end-range": {
    "VMA": "10.231.213.255",
    "BOQ": "10.231.213.255",
    "MEB": "10.231.213.255"
  },
  "sec.internal-whitelist-ip-begin-range-2": {
    "VMA": " ",
    "BOQ": " ",
    "MEB": " "
  },
  "sec.internal-whitelist-ip-end-range-2": {
    "VMA": " ",
    "BOQ": " ",
    "MEB": " "
  },
  "Ciam:Issuer": {
    "VMA": "$(ext-customeridentity-ciamurl)/openam/oauth2/realms/root/realms/vma",
    "BOQ": "$(ext-customeridentity-ciamurl)/openam/oauth2/realms/root/realms/boq",
    "MEB": "$(ext-customeridentity-ciamurl)/am/oauth2/realms/root/realms/meb"
  },
  "StandardAuthorization:CiamIssuer": {
    "VMA": "$(Ciam:Issuer)",
    "BOQ": "$(Ciam:Issuer)",
    "MEB": "$(Ciam:Issuer)"
  },
  "StandardAuthorization:ReturnGenericErrorMessages": {
    "VMA": "false",
    "BOQ": "false",
    "MEB": "false"
  },
  "StandardAuthorization:CiamSubscriptionKey": {
    "VMA": "{\"uri\":\"https://sit02-edc-denovo-kv01.vault.azure.net/secrets/ciamSubscriptionKey\"}",
    "BOQ": "{\"uri\":\"https://sit02-edc-boq-kv01.vault.azure.net/secrets/ciamSubscriptionKey\"}",
    "MEB": "{\"uri\":\"https://sit02-edc-boq-kv01.vault.azure.net/secrets/ciamSubscriptionKey\"}"
  },
  "ServiceBus:ConnectionString01": {
    "VMA": "{\"uri\":\"https://sit02-edc-denovo-kv01.vault.azure.net/secrets/serviceBusConnectionString01\"}",
    "BOQ": "{\"uri\":\"https://sit02-edc-boq-kv01.vault.azure.net/secrets/serviceBusConnectionString01\"}",
    "MEB": "{\"uri\":\"https://sit02-edc-boq-kv01.vault.azure.net/secrets/serviceBusConnectionString01\"}"
  },
  "ServiceBus:ConnectionString02": {
    "VMA": "{\"uri\":\"https://sit02-edc-denovo-kv01.vault.azure.net/secrets/serviceBusConnectionString02\"}",
    "BOQ": "{\"uri\":\"https://sit02-edc-boq-kv01.vault.azure.net/secrets/serviceBusConnectionString02\"}",
    "MEB": "{\"uri\":\"https://sit02-edc-boq-kv01.vault.azure.net/secrets/serviceBusConnectionString02\"}"
  },
  "ServiceBusCMS:ConnectionString01": {
    "VMA": "{\"uri\":\"https://sit02-edc-denovo-kv01.vault.azure.net/secrets/ServiceBusCMSConnectionString01\"}",
    "BOQ": "{\"uri\":\"https://sit02-edc-boq-kv01.vault.azure.net/secrets/ServiceBusCMSConnectionString01\"}",
    "MEB": "{\"uri\":\"https://sit02-edc-boq-kv01.vault.azure.net/secrets/ServiceBusCMSConnectionString01\"}"
  },
  "ServiceBusCMS:ConnectionString02": {
    "VMA": "{\"uri\":\"https://sit02-edc-denovo-kv01.vault.azure.net/secrets/ServiceBusCMSConnectionString02\"}",
    "BOQ": "{\"uri\":\"https://sit02-edc-boq-kv01.vault.azure.net/secrets/ServiceBusCMSConnectionString02\"}",
    "MEB": "{\"uri\":\"https://sit02-edc-boq-kv01.vault.azure.net/secrets/ServiceBusCMSConnectionString02\"}"
  },
  "ServiceBusCMS:CardCreatedCallbackConnectionString01": {
    "VMA": "{\"uri\":\"https://sit02-edc-denovo-kv01.vault.azure.net/secrets/ServiceBusCMSCardCreatedConnectionString01\"}",
    "BOQ": "{\"uri\":\"https://sit02-edc-boq-kv01.vault.azure.net/secrets/ServiceBusCMSCardCreatedConnectionString01\"}",
    "MEB": "{\"uri\":\"https://sit02-edc-boq-kv01.vault.azure.net/secrets/ServiceBusCMSCardCreatedConnectionString01\"}"
  },
  "ServiceBusCMS:CardCreatedCallbackConnectionString02": {
    "VMA": "{\"uri\":\"https://sit02-edc-denovo-kv01.vault.azure.net/secrets/ServiceBusCMSCardCreatedConnectionString02\"}",
    "BOQ": "{\"uri\":\"https://sit02-edc-boq-kv01.vault.azure.net/secrets/ServiceBusCMSCardCreatedConnectionString02\"}",
    "MEB": "{\"uri\":\"https://sit02-edc-boq-kv01.vault.azure.net/secrets/ServiceBusCMSCardCreatedConnectionString02\"}"
  },
  "ServiceBusCMS:NotificationCreatedConnectionString01": {
    "VMA": "{\"uri\":\"https://sit02-edc-denovo-kv01.vault.azure.net/secrets/ServiceBusCMSNotificationConnectionString01\"}",
    "BOQ": "{\"uri\":\"https://sit02-edc-boq-kv01.vault.azure.net/secrets/ServiceBusCMSNotificationConnectionString01\"}",
    "MEB": "{\"uri\":\"https://sit02-edc-boq-kv01.vault.azure.net/secrets/ServiceBusCMSNotificationConnectionString01\"}"
  },
  "ServiceBusCMS:NotificationCreatedConnectionString02": {
    "VMA": "{\"uri\":\"https://sit02-edc-denovo-kv01.vault.azure.net/secrets/ServiceBusCMSNotificationConnectionString02\"}",
    "BOQ": "{\"uri\":\"https://sit02-edc-boq-kv01.vault.azure.net/secrets/ServiceBusCMSNotificationConnectionString02\"}",
    "MEB": "{\"uri\":\"https://sit02-edc-boq-kv01.vault.azure.net/secrets/ServiceBusCMSNotificationConnectionString02\"}"
  },
  "aemBackendUrl": {
    "VMA": "https://vma.test.bankofqueensland.adobecqms.net",
    "BOQ": "https://boq.test.bankofqueensland.adobecqms.net",
    "MEB": "https://boq.test.bankofqueensland.adobecqms.net"
  },
  "ext-t24-url": {
    "VMA": "https://vma-au-api-npd.temenoscloud.com",
    "BOQ": "https://vma-au-api-npd.temenoscloud.com",
    "MEB": "https://vma-au-api-npd.temenoscloud.com"
  },
  "ext-t24-subscription-key": {
    "VMA": "{\"uri\":\"https://sit02-edc-denovo-kv01.vault.azure.net/secrets/ext-t24-subscription-key\"}",
    "BOQ": "{\"uri\":\"https://sit02-edc-boq-kv01.vault.azure.net/secrets/ext-t24-subscription-key\"}",
    "MEB": "{\"uri\":\"https://sit02-edc-boq-kv01.vault.azure.net/secrets/ext-t24-subscription-key\"}"
  },
  "kv-t24-password-url": {
    "VMA": "$(keyVaultBaseUrl)/ext-t24-password/",
    "BOQ": "$(keyVaultBaseUrl)/ext-t24-password/",
    "MEB": "$(keyVaultBaseUrl)/ext-t24-password/"
  },
  "keyVaultBaseUrl": {
    "VMA": "https://sit02-edc-$(shared.project)-kv01.vault.azure.net/secrets",
    "BOQ": "https://sit02-edc-$(shared.project)-kv01.vault.azure.net/secrets",
    "MEB": "https://sit02-edc-boq-kv01.vault.azure.net/secrets"
  },
  "use-t24-apim": {
    "VMA": "true",
    "BOQ": "true",
    "MEB": "true"
  },
  "ext-adminidentity-clientId": {
    "VMA": "CIAMAdminPortal",
    "BOQ": "CIAMAdminPortal",
    "MEB": "CIAMAdminPortal"
  },
  "ciamAdmin-aadTenantId": {
    "VMA": "$(BOQDEV-aadTenantId)",
    "BOQ": "$(BOQDEV-aadTenantId)",
    "MEB": "$(BOQDEV-aadTenantId)"
  },
  "int-ciam-url": {
    "VMA": "https://sit02edcdenovociamportal.z8.web.core.windows.net/",
    "BOQ": "https://sit02edcdenovociamportal.z8.web.core.windows.net/",
    "MEB": "https://sit02edcdenovociamportal.z8.web.core.windows.net/"
  },
  "int-ciam-admin-origin": "https://sit02edcdenovociamportal.z8.web.core.windows.net/",
  "ext-adminidentity-clientsecret": {
    "VMA": "{\"uri\":\"https://sit02-edc-denovo-kv01.vault.azure.net/secrets/ext-adminidentity-clientsecret\"}",
    "BOQ": "{\"uri\":\"https://sit02-edc-boq-kv01.vault.azure.net/secrets/ext-adminidentity-clientsecret\"}",
    "MEB": "{\"uri\":\"https://sit02-edc-boq-kv01.vault.azure.net/secrets/ext-adminidentity-clientsecret\"}"
  },
  "ciam-portal-applicationid": {
    "VMA": "api://d465226e-2ea6-44c9-96a3-db0213cca3d1",
    "BOQ": "api://d465226e-2ea6-44c9-96a3-db0213cca3d1",
    "MEB": "api://d465226e-2ea6-44c9-96a3-db0213cca3d1"
  },
  "crm-backend-host": {
    "VMA": "https://boq-sit-cexp.crm6.dynamics.com/",
    "BOQ": "https://boq-sit-cexp.crm6.dynamics.com/",
    "MEB": "https://boq-sit-cexp.crm6.dynamics.com/"
  },
  "CosmosDb:ResourceKey": {
    "VMA": "{\"uri\":\"https://sit02-edc-denovo-kv01.vault.azure.net/secrets/cosmosDbResourceKey\"}",
    "BOQ": "{\"uri\":\"https://sit02-edc-boq-kv01.vault.azure.net/secrets/cosmosDbResourceKey\"}",
    "MEB": "{\"uri\":\"https://sit02-edc-boq-kv01.vault.azure.net/secrets/cosmosDbResourceKey\"}"
  },
  "apim-base-url": {
    "VMA": "https://api.$(environment).denovo.boqdev.com.au",
    "BOQ": "https://api.$(environment).denovo.boqdev.com.au/BOQ",
    "MEB": "https://api.$(environment).denovo.boqdev.com.au/MEB"
  },
  "apim-base-url-external": {
    "VMA": "https://api.sit02.denovo.boqdev.com.au",
    "BOQ": "https://api.sit02.boq.boqdev.com.au",
    "MEB": "https://api.sit02.meb.boqdev.com.au"
  },
  "OcpApimSubscriptionKey": {
    "VMA": "{\"uri\":\"https://sit02-edc-denovo-kv01.vault.azure.net/secrets/OcpApimSubscriptionKey\"}",
    "BOQ": "{\"uri\":\"https://sit02-edc-boq-kv01.vault.azure.net/secrets/OcpApimSubscriptionKey\"}",
    "MEB": "{\"uri\":\"https://sit02-edc-boq-kv01.vault.azure.net/secrets/OcpApimSubscriptionKey\"}"
  },
  "ExternalApimSubscriptionKey": {
    "VMA": "{\"uri\":\"https://sit02-edc-denovo-kv01.vault.azure.net/secrets/ExternalApimSubscriptionKey\"}",
    "BOQ": "{\"uri\":\"https://sit02-edc-boq-kv01.vault.azure.net/secrets/ExternalApimSubscriptionKey\"}",
    "MEB": "{\"uri\":\"https://sit02-edc-boq-kv01.vault.azure.net/secrets/ExternalApimSubscriptionKey\"}"
  },
  "T24:ExternalApimSubscriptionKey": {
    "VMA": "$(ExternalApimSubscriptionKey)",
    "BOQ": "$(ExternalApimSubscriptionKey)",
    "MEB": "$(ExternalApimSubscriptionKey)"
  },
  "crm-oauth-token-request-body": {
    "VMA": "{\"uri\":\"https://sit02-edc-denovo-kv01.vault.azure.net/secrets/crm-oauth-token-request-body\"}",
    "BOQ": "{\"uri\":\"https://sit02-edc-boq-kv01.vault.azure.net/secrets/crm-oauth-token-request-body\"}",
    "MEB": "{\"uri\":\"https://sit02-edc-boq-kv01.vault.azure.net/secrets/crm-oauth-token-request-body\"}"
  },
  "MaliciousFileScan:ApiKey": {
    "VMA": "{\"uri\":\"https://sit02-edc-denovo-kv01.vault.azure.net/secrets/ext-wildfire-apiKey\"}",
    "BOQ": "{\"uri\":\"https://sit02-edc-boq-kv01.vault.azure.net/secrets/ext-wildfire-apiKey\"}",
    "MEB": "{\"uri\":\"https://sit02-edc-boq-kv01.vault.azure.net/secrets/ext-wildfire-apiKey\"}"
  },
  "MaliciousFileScan:BlobStorageConnectionString": {
    "VMA": "{\"uri\":\"$(keyVaultBaseUrl)/WildfireBlobStorageConnectionString\"}",
    "BOQ": "{\"uri\":\"$(keyVaultBaseUrl)/WildfireBlobStorageConnectionString\"}",
    "MEB": "{\"uri\":\"$(keyVaultBaseUrl)/WildfireBlobStorageConnectionString\"}"
  },
  "LoyaltyTableStorage:ConnectionString": {
    "VMA": "{\"uri\":\"https://sit02-edc-denovo-kv01.vault.azure.net/secrets/loyaltyTableStorageConnectionString\"}",
    "BOQ": "{\"uri\":\"https://sit02-edc-boq-kv01.vault.azure.net/secrets/loyaltyTableStorageConnectionString\"}",
    "MEB": "{\"uri\":\"https://sit02-edc-boq-kv01.vault.azure.net/secrets/loyaltyTableStorageConnectionString\"}"
  },
  "AzureAd:TenantId": {
    "VMA": "$(BOQDEV-aadTenantId)",
    "BOQ": "$(BOQDEV-aadTenantId)",
    "MEB": "$(BOQDEV-aadTenantId)"
  },
  "AzureAd:ApplicationId": {
    "VMA": "$(BOQDEV-aadResourceId)",
    "BOQ": "$(BOQDEV-aadResourceId)",
    "MEB": "$(BOQDEV-aadResourceId)"
  },
  "AzureAd:ClientId": {
    "VMA": "b377907f-987a-4de4-8c56-a5f57277d073",
    "BOQ": "b377907f-987a-4de4-8c56-a5f57277d073",
    "MEB": "b377907f-987a-4de4-8c56-a5f57277d073"
  },
  "AzureAd:ClientSecret": {
    "VMA": "{\"uri\":\"https://sit02-edc-denovo-kv01.vault.azure.net/secrets/ext-wildfire-portal-clientSecret\"}",
    "BOQ": "{\"uri\":\"https://sit02-edc-boq-kv01.vault.azure.net/secrets/ext-wildfire-portal-clientSecret\"}",
    "MEB": "{\"uri\":\"https://sit02-edc-boq-kv01.vault.azure.net/secrets/ext-wildfire-portal-clientSecret\"}"
  },
  "AzureAd:TokenUrl": {
    "VMA": "$(AzureAd:Instance)$(AzureAd:TenantId)/oauth2/token",
    "BOQ": "$(AzureAd:Instance)$(AzureAd:TenantId)/oauth2/token",
    "MEB": "$(AzureAd:Instance)$(AzureAd:TenantId)/oauth2/token"
  },
  "AzureAd:ExternalAudiences:ApimAzureAd": {
    "VMA": "$(BOQDEV-aadResourceId)",
    "BOQ": "$(BOQDEV-aadResourceId)",
    "MEB": "$(BOQDEV-aadResourceId)"
  },
  "apimName": {
    "VMA": "$(environment)-$(region.code)-$(shared.project)-apim$(apimInstance)",
    "BOQ": "$(environment)-$(region.code)-$(shared.project)-apim$(apimInstance)",
    "MEB": "$(environment)-$(region.code)-$(shared.project)-apim$(apimInstance)"
  },
  "apimInstance": {
    "VMA": "01",
    "BOQ": "01",
    "MEB": "01"
  },
  "ext-cuscal-url": {
    "VMA": "https://qa2.vpn.api.cuscalext.com:59477",
    "BOQ": "https://qa2.vpn.api.cuscalext.com:59477",
    "MEB": "https://qa2.vpn.api.cuscalext.com:59477"
  },
  "ext-cuscal-payments-url": {
    "VMA": "https://qa2.vpn.api.cuscalext.com:59475/",
    "BOQ": "https://qa2.vpn.api.cuscalext.com:59475/",
    "MEB": "https://qa2.vpn.api.cuscalext.com:59475/"
  },
  "ext-cuscal-cert-id": {
    "VMA": "cuscal",
    "BOQ": "private-dev-nonprod-BOQ-com-au",
    "MEB": "private-dev-nonprod-BOQ-com-au"
  },
  "ext-bpay-url": {
    "VMA": "https://ct-api.bpaygroup.com.au/",
    "BOQ": "https://ct-api.bpaygroup.com.au/",
    "MEB": "https://ct-api.bpaygroup.com.au/"
  },
  "kv-bpay-app-id-url": {
    "VMA": "{\"uri\":\"$(keyVaultBaseUrl)/bpay-app-id\"}",
    "BOQ": "{\"uri\":\"$(keyVaultBaseUrl)/bpay-app-id\"}",
    "MEB": "{\"uri\":\"$(keyVaultBaseUrl)/bpay-app-id\"}"
  },
  "kv-bpay-client-id-url": {
    "VMA": "{\"uri\":\"$(keyVaultBaseUrl)/bpay-client-id\"}",
    "BOQ": "{\"uri\":\"$(keyVaultBaseUrl)/bpay-client-id\"}",
    "MEB": "{\"uri\":\"$(keyVaultBaseUrl)/bpay-client-id\"}"
  },
  "kv-bpay-client-secret-url": {
    "VMA": "{\"uri\":\"$(keyVaultBaseUrl)/bpay-client-secret\"}",
    "BOQ": "{\"uri\":\"$(keyVaultBaseUrl)/bpay-client-secret\"}",
    "MEB": "{\"uri\":\"$(keyVaultBaseUrl)/bpay-client-secret\"}"
  },
  "ext-corelogic-url": {
    "VMA": "https://api-uat.corelogic.asia/",
    "BOQ": "https://api-uat.corelogic.asia/",
    "MEB": "https://api-uat.corelogic.asia/"
  },
  "ext-corelogic-auth-url": {
    "VMA": "https://api-uat.corelogic.asia/",
    "BOQ": "https://api-uat.corelogic.asia/",
    "MEB": "https://api-uat.corelogic.asia/"
  },
  "kv-corelogic-client-id-url": {
    "VMA": "{\"uri\":\"$(keyVaultBaseUrl)/corelogic-client-id\"}",
    "BOQ": "{\"uri\":\"$(keyVaultBaseUrl)/corelogic-client-id\"}",
    "MEB": "{\"uri\":\"$(keyVaultBaseUrl)/corelogic-client-id\"}"
  },
  "kv-corelogic-client-secret-url": {
    "VMA": "{\"uri\":\"$(keyVaultBaseUrl)/corelogic-client-secret\"}",
    "BOQ": "{\"uri\":\"$(keyVaultBaseUrl)/corelogic-client-secret\"}",
    "MEB": "{\"uri\":\"$(keyVaultBaseUrl)/corelogic-client-secret\"}"
  },
  "SourceQueueName": {
    "VMA": "vmaau-a-sb-sit2-q001",
    "BOQ": "bqxau-a-sb-sit2-q001",
    "MEB": "mebau-a-sb-sit2-q001"
  },
  "T24ServiceBus:ConnectionString01": {
    "VMA": "{\"uri\":\"https://sit02-edc-denovo-kv01.vault.azure.net/secrets/T24-ServiceBus-ConnectionString-01a\"}",
    "BOQ": "{\"uri\":\"https://sit02-edc-boq-kv01.vault.azure.net/secrets/T24-ServiceBus-ConnectionString-01a\"}",
    "MEB": "{\"uri\":\"https://sit02-edc-boq-kv01.vault.azure.net/secrets/T24-ServiceBus-ConnectionString-01a\"}"
  },
  "T24ServiceBus:ConnectionString02": {
    "VMA": "{\"uri\":\"https://sit02-edc-denovo-kv01.vault.azure.net/secrets/T24-ServiceBus-ConnectionString-01a\"}",
    "BOQ": "{\"uri\":\"https://sit02-edc-boq-kv01.vault.azure.net/secrets/T24-ServiceBus-ConnectionString-01a\"}",
    "MEB": "{\"uri\":\"https://sit02-edc-boq-kv01.vault.azure.net/secrets/T24-ServiceBus-ConnectionString-01a\"}"
  },
  "ac-citi-partner-notification-blob-connection": {
    "VMA": "{\"uri\":\"https://sit02-edc-denovo-kv01.vault.azure.net/secrets/citipartner-blob-connection\"}",
    "BOQ": "N/A",
    "MEB": "N/A"
  },
  "ac-citi-partner-notification-datelimit": {
    "VMA": "5",
    "BOQ": "N/A",
    "MEB": "N/A"
  },
  "ac-snow-partner-notification-destination": {
    "VMA": "Vineetha.Gurrala@boqspecialist.com.au",
    "BOQ": "N/A",
    "MEB": "N/A"
  },
  "ac-snow-notification-basePath": {
    "VMA": "api/now/v1/email",
    "BOQ": "N/A",
    "MEB": "N/A"
  },
  "ac-snow-notification-contact": {
    "VMA": "John Ross",
    "BOQ": "N/A",
    "MEB": "N/A"
  },
  "ac-snow-notification-contactPh": {
    "VMA": "+61491570156",
    "BOQ": "N/A",
    "MEB": "N/A"
  },
  "ac-snow-notification-contactEmail": {
    "VMA": "john.ross@boq.com.au",
    "BOQ": "N/A",
    "MEB": "N/A"
  },
  "ac-citi-partner-notification-tablestore-count": {
    "VMA": "8000",
    "BOQ": "N/A",
    "MEB": "N/A"
  },
  "CuscalBic11": {
    "VMA": "VDUTAU21XXX",
    "BOQ": "QBANAU4BXXX",
    "MEB": "QBANAU4BMEB"
  },
  "CuscalIssuer": {
    "VMA": "122778",
    "BOQ": "124899",
    "MEB": "944100"
  },
  "AzureAd:Domain": {
    "VMA": "$(BOQDEV-aadDomain)",
    "BOQ": "$(BOQDEV-aadDomain)",
    "MEB": "$(BOQDEV-aadDomain)"
  },
  "NppLatency:StorageConnectionString": {
    "VMA": "{\"uri\":\"https://sit02-edc-denovo-kv01.vault.azure.net/secrets/nppLatencyStorageConnectionString\"}",
    "BOQ": "{\"uri\":\"https://sit02-edc-boq-kv01.vault.azure.net/secrets/nppLatencyStorageConnectionString\"}",
    "MEB": "{\"uri\":\"https://sit02-edc-boq-kv01.vault.azure.net/secrets/nppLatencyStorageConnectionString\"}"
  },
  "Logging-ApplicationInsights:ApplicationInsightsLogLevel": {
    "VMA": "Debug",
    "BOQ": "Debug",
    "MEB": "Debug"
  },
  "Bpay:SubscriptionKey": {
    "VMA": "{\"uri\":\"https://sit02-edc-denovo-kv01.vault.azure.net/secrets/bpaySubscriptionKey\"}",
    "BOQ": "{\"uri\":\"https://sit02-edc-boq-kv01.vault.azure.net/secrets/bpaySubscriptionKey\"}",
    "MEB": "{\"uri\":\"https://sit02-edc-boq-kv01.vault.azure.net/secrets/bpaySubscriptionKey\"}"
  },
  "t24KeyVaultName": {
    "VMA": "sit2-edc-vmatemenos-kv01",
    "BOQ": "sit2-edc-vmatemenos-kv01",
    "MEB": "sit2-edc-vmatemenos-kv01"
  },
  "FCM:BaseUrl": {
    "VMA": "https://vma-au-fcm-sit2.temenoscloud.com/",
    "BOQ": "https://vma-au-fcm-sit2.temenoscloud.com/",
    "MEB": "https://vma-au-fcm-sit2.temenoscloud.com/"
  },
  "CiamSubscriptionKey": {
    "VMA": "{\"uri\":\"https://sit02-edc-denovo-kv01.vault.azure.net/secrets/ciamSubscriptionKey\"}",
    "BOQ": "{\"uri\":\"https://sit02-edc-boq-kv01.vault.azure.net/secrets/ciamSubscriptionKey\"}",
    "MEB": "{\"uri\":\"https://sit02-edc-boq-kv01.vault.azure.net/secrets/ciamSubscriptionKey\"}"
  },
  "AzureAd:ResourceId": {
    "VMA": "$(BOQDEV-aadResourceId)",
    "BOQ": "$(BOQDEV-aadResourceId)",
    "MEB": "$(BOQDEV-aadResourceId)"
  },
  "Fiserv:SubscriptionKey": {
    "VMA": "{\"uri\":\"https://sit02-edc-denovo-kv01.vault.azure.net/secrets/fiservSubscriptionKey\"}",
    "BOQ": "{\"uri\":\"https://sit02-edc-boq-kv01.vault.azure.net/secrets/fiservSubscriptionKey\"}",
    "MEB": "{\"uri\":\"https://sit02-edc-boq-kv01.vault.azure.net/secrets/fiservSubscriptionKey\"}"
  },
  "Des:Component1": {
    "VMA": "{\"uri\":\"https://sit02-edc-denovo-kv01.vault.azure.net/secrets/desComponent1\"}",
    "BOQ": "{\"uri\":\"https://sit02-edc-boq-kv01.vault.azure.net/secrets/desComponent1\"}",
    "MEB": "{\"uri\":\"https://sit02-edc-boq-kv01.vault.azure.net/secrets/desComponent1\"}"
  },
  "Des:Component2": {
    "VMA": "{\"uri\":\"https://sit02-edc-denovo-kv01.vault.azure.net/secrets/desComponent2\"}",
    "BOQ": "{\"uri\":\"https://sit02-edc-boq-kv01.vault.azure.net/secrets/desComponent2\"}",
    "MEB": "{\"uri\":\"https://sit02-edc-boq-kv01.vault.azure.net/secrets/desComponent2\"}"
  },
  "Des:Component3": {
    "VMA": "{\"uri\":\"https://sit02-edc-denovo-kv01.vault.azure.net/secrets/desComponent3\"}",
    "BOQ": "{\"uri\":\"https://sit02-edc-boq-kv01.vault.azure.net/secrets/desComponent3\"}",
    "MEB": "{\"uri\":\"https://sit02-edc-boq-kv01.vault.azure.net/secrets/desComponent3\"}"
  },
  "ApplePay:Base64RootCert": {
    "VMA": "{\"uri\":\"https://sit02-edc-denovo-kv01.vault.azure.net/secrets/appleRootCertBase64\"}",
    "BOQ": "{\"uri\":\"https://sit02-edc-boq-kv01.vault.azure.net/secrets/appleRootCertBase64\"}",
    "MEB": "{\"uri\":\"https://sit02-edc-boq-kv01.vault.azure.net/secrets/appleRootCertBase64\"}"
  },
  "WEBSITE_LOAD_ROOT_CERTIFICATES": {
    "VMA": "{\"uri\":\"https://sit02-edc-denovo-kv01.vault.azure.net/secrets/websiteLoadRootCertificates\"}",
    "BOQ": "{\"uri\":\"https://sit02-edc-boq-kv01.vault.azure.net/secrets/websiteLoadRootCertificates\"}",
    "MEB": "{\"uri\":\"https://sit02-edc-boq-kv01.vault.azure.net/secrets/websiteLoadRootCertificates\"}"
  },
  "External-Product:SubscriptionKey": {
    "VMA": "{\"uri\":\"https://sit02-edc-denovo-kv01.vault.azure.net/secrets/external-product-subscriptionkey\"}",
    "BOQ": "{\"uri\":\"https://sit02-edc-boq-kv01.vault.azure.net/secrets/external-product-subscriptionkey\"}",
    "MEB": "{\"uri\":\"https://sit02-edc-boq-kv01.vault.azure.net/secrets/external-product-subscriptionkey\"}"
  },
  "ProductSubscriberMockService:BaseUrl": {
    "VMA": "https://dea27465-189a-4b53-8184-7d885e0bb540.mock.pstmn.io",
    "BOQ": "https://dea27465-189a-4b53-8184-7d885e0bb540.mock.pstmn.io",
    "MEB": "https://dea27465-189a-4b53-8184-7d885e0bb540.mock.pstmn.io"
  },
  "ProductSubscriberMockService:GetProductsPath": {
    "VMA": "/v1/products",
    "BOQ": "/v1/products",
    "MEB": "/v1/products"
  },
  "ProductSubscriberService:BaseUrl": {
    "VMA": "$(apim-base-url)",
    "BOQ": "$(apim-base-url)",
    "MEB": "$(apim-base-url)"
  },
  "ProductSubscriberService:GetProductsPath": {
    "VMA": "/product-subscription/v1/products",
    "BOQ": "/product-subscription/v1/products",
    "MEB": "/product-subscription/v1/products"
  },
  "ProductSubscriptionMockService:BaseUrl": {
    "VMA": "https://dea27465-189a-4b53-8184-7d885e0bb540.mock.pstmn.io",
    "BOQ": "https://dea27465-189a-4b53-8184-7d885e0bb540.mock.pstmn.io",
    "MEB": "https://dea27465-189a-4b53-8184-7d885e0bb540.mock.pstmn.io"
  },
  "ProductSubscriptionMockService:GetProductsPath": {
    "VMA": "/v1/products",
    "BOQ": "/v1/products",
    "MEB": "/v1/products"
  },
  "ProductSubscriptionService:BaseUrl": {
    "VMA": "$(ProductSubscriptionWebAppBaseUrl)",
    "BOQ": "$(ProductSubscriptionWebAppBaseUrl)",
    "MEB": "$(ProductSubscriptionWebAppBaseUrl)"
  },
  "ProductSubscriptionService:GetProductsPath": {
    "VMA": "product-subscription/v1/products",
    "BOQ": "product-subscription/v1/products",
    "MEB": "product-subscription/v1/products"
  },
  "PaymentLimitsMockService:BaseUrl": {
    "VMA": "https://8131ba63-7e68-44af-ae4c-0d5a11dadf9f.mock.pstmn.io",
    "BOQ": "https://8131ba63-7e68-44af-ae4c-0d5a11dadf9f.mock.pstmn.io",
    "MEB": "https://8131ba63-7e68-44af-ae4c-0d5a11dadf9f.mock.pstmn.io"
  },
  "PaymentLimitsMockService:GetPaymentLimitsUri": {
    "VMA": "/payment-limits/v1/limits",
    "BOQ": "/payment-limits/v1/limits",
    "MEB": "/payment-limits/v1/limits"
  },
  "T24Mock:BaseUrl": {
    "VMA": "https://e89ec4eb-ced5-452e-b9cf-5191e32fd8d7.mock.pstmn.io/t24/v1/",
    "BOQ": "https://e89ec4eb-ced5-452e-b9cf-5191e32fd8d7.mock.pstmn.io/t24/v1/",
    "MEB": "https://e89ec4eb-ced5-452e-b9cf-5191e32fd8d7.mock.pstmn.io/t24/v1/"
  },
  "T24Mock:Package": {
    "VMA": "/VMAirisR19/api/v1.0.0",
    "BOQ": "/VMAirisR19/api/v1.0.0",
    "MEB": "/VMAirisR19/api/v1.0.0"
  },
  "CustomerAccounts:SubscriptionKey": {
    "VMA": "{\"uri\":\"https://sit02-edc-denovo-kv01.vault.azure.net/secrets/OcpApimSubscriptionKey\"}",
    "BOQ": "{\"uri\":\"https://sit02-edc-boq-kv01.vault.azure.net/secrets/InternalApimSubscriptionKey\"}",
    "MEB": "{\"uri\":\"https://sit02-edc-boq-kv01.vault.azure.net/secrets/InternalApimSubscriptionKey\"}"
  },
  "MobileConfigurationLocation": {
    "VMA": "{\"uri\":\"https://sit02-edc-denovo-kv01.vault.azure.net/secrets/mobileConfigurationSasUrl\"}",
    "BOQ": "{\"uri\":\"https://sit02-edc-boq-kv01.vault.azure.net/secrets/mobileConfigurationSasUrl\"}",
    "MEB": "{\"uri\":\"https://sit02-edc-boq-kv01.vault.azure.net/secrets/mobileConfigurationSasUrl\"}"
  },
  "NppStore:ConnectionString": {
    "VMA": "{\"uri\":\"https://sit02-edc-denovo-kv01.vault.azure.net/secrets/payment-npp-storage-secret\"}",
    "BOQ": "{\"uri\":\"https://sit02-edc-boq-kv01.vault.azure.net/secrets/payment-npp-storage-secret\"}",
    "MEB": "{\"uri\":\"https://sit02-edc-boq-kv01.vault.azure.net/secrets/payment-npp-storage-secret\"}"
  },
  "Cuscal:VmaBic11": {
    "VMA": "VDUTAU21XXX",
    "BOQ": "QBANAU4BXXX",
    "MEB": "QBANAU4BMEB"
  },
  "Cuscal:LegacyBic11": {
    "MEB": "MEQBAU3MXXX"
  },
  "Cuscal:LegacyIssuer": {
    "MEB": "944600"
  },
  "XrmAuth:TenantId": {
    "VMA": "$(BOQ-aadTenantId)",
    "BOQ": "TODO",
    "MEB": "TODO"
  },
  "XrmAuth:ClientId": {
    "VMA": "{\"uri\":\"https://sit02-edc-denovo-kv01.vault.azure.net/secrets/xrm-auth-client-id\"}",
    "BOQ": "SECRET",
    "MEB": "SECRET"
  },
  "XrmAuth:ClientSecret": {
    "VMA": "{\"uri\":\"https://sit02-edc-denovo-kv01.vault.azure.net/secrets/xrm-auth-client-secret\"}",
    "BOQ": "SECRET",
    "MEB": "SECRET"
  },
  "ext-hce-url": {
    "VMA": "https://vision-api-au-sit.firstdata.com:8443",
    "BOQ": "https://vision-api-au-sit.firstdata.com:8443",
    "MEB": "https://vision-api-au-sit.firstdata.com:8443"
  },
  "CiamGateway:ProductSubscriptionKey": {
    "VMA": "{\"uri\":\"https://sit02-edc-denovo-kv01.vault.azure.net/secrets/ciamGatewaySystemToken\"}",
    "BOQ": "{\"uri\":\"https://sit02-edc-boq-kv01.vault.azure.net/secrets/ciamGatewaySystemToken\"}",
    "MEB": "{\"uri\":\"https://sit02-edc-boq-kv01.vault.azure.net/secrets/ciamGatewaySystemToken\"}"
  },
  "integration-public-key": {
    "VMA": "{\"uri\":\"https://sit02-edc-denovo-kv01.vault.azure.net/secrets/integration-public-key\"}",
    "BOQ": "{\"uri\":\"https://sit02-edc-boq-kv01.vault.azure.net/secrets/integration-public-key\"}",
    "MEB": "{\"uri\":\"https://sit02-edc-boq-kv01.vault.azure.net/secrets/integration-public-key\"}"
  },
  "kv-cuscal-issuer-name-url": {
    "VMA": "{\"uri\":\"https://sit02-edc-denovo-kv01.vault.azure.net/secrets/cuscal-issuer-name\"}",
    "BOQ": "{\"uri\":\"https://sit02-edc-boq-kv01.vault.azure.net/secrets/cuscal-issuer-name\"}",
    "MEB": "{\"uri\":\"https://sit02-edc-boq-kv01.vault.azure.net/secrets/cuscal-issuer-name\"}"
  },
  "kv-cuscal-subject-url": {
    "VMA": "{\"uri\":\"https://sit02-edc-denovo-kv01.vault.azure.net/secrets/cuscal-cert-subject\"}",
    "BOQ": "{\"uri\":\"https://sit02-edc-boq-kv01.vault.azure.net/secrets/cuscal-cert-subject\"}",
    "MEB": "{\"uri\":\"https://sit02-edc-boq-kv01.vault.azure.net/secrets/cuscal-cert-subject\"}"
  },
  "kv-cuscal-thumbprint-url": {
    "VMA": "{\"uri\":\"https://sit02-edc-denovo-kv01.vault.azure.net/secrets/cuscal-cert-thumbprint\"}",
    "BOQ": "{\"uri\":\"https://sit02-edc-boq-kv01.vault.azure.net/secrets/cuscal-cert-thumbprint\"}",
    "MEB": "{\"uri\":\"https://sit02-edc-boq-kv01.vault.azure.net/secrets/cuscal-cert-thumbprint\"}"
  },
  "ext-fiserv-url": {
    "VMA": "https://vision-api-au-uat2.firstdata.com:2443",
    "BOQ": "https://vision-api-au-uat2.firstdata.com:2443",
    "MEB": "https://vision-api-au-uat2.firstdata.com:2443"
  },
  "ext-fiserv-applicationid": {
    "VMA": "api://39d49d40-1350-4014-9550-dff9c5d386b1",
    "BOQ": "api://39d49d40-1350-4014-9550-dff9c5d386b1",
    "MEB": "api://39d49d40-1350-4014-9550-dff9c5d386b1"
  },
  "ext-pega-applicationid": {
    "VMA": "api://sit-pega-mediator-apim-aadapp",
    "BOQ": "api://sit-pega-mediator-apim-aadapp",
    "MEB": "api://sit-pega-mediator-apim-aadapp"
  },
  "ext-cep-applicationid": {
    "VMA": "4d7049b8-bb51-42a3-b803-401dc28cf828",
    "BOQ": "4d7049b8-bb51-42a3-b803-401dc28cf828",
    "MEB": "4d7049b8-bb51-42a3-b803-401dc28cf828"
  },
  "aadTenantId": {
    "VMA": "$(BOQDEV-aadTenantId)",
    "BOQ": "$(BOQDEV-aadTenantId)",
    "MEB": "$(BOQDEV-aadTenantId)"
  },
  "ext-citibank-client-certificate-id": {
    "VMA": "citi2",
    "BOQ": "citi2",
    "MEB": "citi2"
  },
  "ext-citibank-rce-client-id": {
    "VMA": "5241eba3-1462-444d-be2f-c83e4fd93e90",
    "BOQ": "5241eba3-1462-444d-be2f-c83e4fd93e90",
    "MEB": "5241eba3-1462-444d-be2f-c83e4fd93e90"
  },
  "ext-citibank-url": {
    "VMA": "https://aspac.sandbox.apib2b.citi.com/gcbap",
    "BOQ": "https://aspac.sandbox.apib2b.citi.com/gcbap",
    "MEB": "https://aspac.sandbox.apib2b.citi.com/gcbap"
  },
  "NamedValuesUri": {
    "VMA": "subscriptions/43a448ab-c2b2-4fc8-9c27-ed4e9fd05a79/resourceGroups/np-edc-denovo-Sit02-web-rg01/providers/Microsoft.ApiManagement/service/sit02-edc-denovo-apim01/namedValues/",
    "BOQ": "subscriptions/43a448ab-c2b2-4fc8-9c27-ed4e9fd05a79/resourceGroups/np-edc-denovo-Sit02-web-rg01/providers/Microsoft.ApiManagement/service/sit02-edc-denovo-apim01/namedValues/",
    "MEB": "subscriptions/43a448ab-c2b2-4fc8-9c27-ed4e9fd05a79/resourceGroups/np-edc-denovo-Sit02-web-rg01/providers/Microsoft.ApiManagement/service/sit02-edc-denovo-apim01/namedValues/"
  },
  "ext-citibank-rce-basic-auth-credential": {
    "VMA": "{\"uri\":\"https://sit02-edc-denovo-kv01.vault.azure.net/secrets/ext-citibank-rce-basic-auth-credential\"}",
    "BOQ": "N/A",
    "MEB": "N/A"
  },
  "ext-address-equifaxreferer": {
    "VMA": "DEV.VMA.COM.AU",
    "BOQ": "https://api.sit01.boq.boqdev.com.au",
    "MEB": "https://api.sit01.boq.boqdev.com.au"
  },
  "ext-address-equifaxbasicauth": {
    "VMA": "{\"uri\":\"https://sit02-edc-denovo-kv01.vault.azure.net/secrets/ext-address-equifaxbasicauth\"}",
    "BOQ": "{\"uri\":\"https://sit02-edc-boq-kv01.vault.azure.net/secrets/ext-address-equifaxbasicauth\"}",
    "MEB": "{\"uri\":\"https://sit02-edc-boq-kv01.vault.azure.net/secrets/ext-address-equifaxbasicauth\"}"
  },
  "ext-address-equifaxurl": {
    "VMA": "https://services.inivio.com.au/autocomplete/address",
    "BOQ": "https://services.inivio.com.au/autocomplete/address",
    "MEB": "https://services.inivio.com.au/autocomplete/address"
  },
  "FCM:BasicAuthCredential": {
    "VMA": "{\"uri\":\"https://sit02-edc-denovo-kv01.vault.azure.net/secrets/ext-fcm-basic-auth-credential\"}",
    "BOQ": "{\"uri\":\"https://sit02-edc-boq-kv01.vault.azure.net/secrets/ext-fcm-basic-auth-credential\"}",
    "MEB": "{\"uri\":\"https://sit02-edc-boq-kv01.vault.azure.net/secrets/ext-fcm-basic-auth-credential\"}"
  },
  "ext-visa-url": {
    "VMA": "https://cert.api.visa.com/vop/v1",
    "BOQ": "TODO",
    "MEB": "TODO"
  },
  "ext-visa-client-certificate-id": {
    "VMA": "VisaVop",
    "BOQ": "TODO",
    "MEB": "TODO"
  },
  "ext-visa-client-id": {
    "VMA": "{\"uri\":\"https://sit02-edc-denovo-kv01.vault.azure.net/secrets/ext-visa-client-id\"}",
    "BOQ": "TODO",
    "MEB": "TODO"
  },
  "ext-visa-client-secret": {
    "VMA": "{\"uri\":\"https://sit02-edc-denovo-kv01.vault.azure.net/secrets/ext-visa-client-secret\"}",
    "BOQ": "TODO",
    "MEB": "TODO"
  },
  "ext-efs-url": {
    "VMA": "https://efs-sit.boqsvdc.com.au/rest/v1",
    "BOQ": "https://efs-sit.boqsvdc.com.au/rest/v1",
    "MEB": "https://efs-uat.boqsvdc.com.au/rest/v1"
  },
  "EfsConfiguration:Username": {
    "VMA": "{\"uri\":\"https://sit02-edc-denovo-kv01.vault.azure.net/secrets/EfsConfiguration--Username\"}",
    "BOQ": "{\"uri\":\"https://sit02-edc-boq-kv01.vault.azure.net/secrets/EfsConfiguration--Username\"}",
    "MEB": "{\"uri\":\"https://sit02-edc-boq-kv01.vault.azure.net/secrets/EfsConfiguration--Username\"}"
  },
  "EfsConfiguration:Password": {
    "VMA": "{\"uri\":\"https://sit02-edc-denovo-kv01.vault.azure.net/secrets/EfsConfiguration--Password\"}",
    "BOQ": "{\"uri\":\"https://sit02-edc-boq-kv01.vault.azure.net/secrets/EfsConfiguration--Password\"}",
    "MEB": "{\"uri\":\"https://sit02-edc-boq-kv01.vault.azure.net/secrets/EfsConfiguration--Password\"}"
  },
  "EfsConfiguration:XsrfToken": {
    "VMA": "{\"uri\":\"https://sit02-edc-denovo-kv01.vault.azure.net/secrets/EfsConfiguration--XsrfToken\"}",
    "BOQ": "{\"uri\":\"https://sit02-edc-boq-kv01.vault.azure.net/secrets/EfsConfiguration--XsrfToken\"}",
    "MEB": "{\"uri\":\"https://sit02-edc-boq-kv01.vault.azure.net/secrets/EfsConfiguration--XsrfToken\"}"
  },
  "Tjm:BaseUrl": {
    "VMA": "https://test2.vma.avoka-transact.com/",
    "BOQ": "https://test2.vma.avoka-transact.com/",
    "MEB": "https://test2.vma.avoka-transact.com/"
  },
  "Tjm:ExternalBaseUrl": {
    "VMA": "$(Tjm:BaseUrl)",
    "BOQ": "$(Tjm:BaseUrl)",
    "MEB": "$(Tjm:BaseUrl)"
  },
  "ext-frollo-url": {
    "VMA": "https://vmasit2-uat.frollo.us/api/admin",
    "BOQ": "https://boqsit2-uat.frollo.us/api/admin",
    "MEB": "https://mebanksit2-uat.frollo.us/api/admin"
  },
  "ext-frollo-api-key": {
    "VMA": "{\"uri\":\"https://sit02-edc-denovo-kv01.vault.azure.net/secrets/ext-frollo-api-key\"}",
    "BOQ": "{\"uri\":\"https://sit02-edc-boq-kv01.vault.azure.net/secrets/ext-frollo-api-key\"}",
    "MEB": "{\"uri\":\"https://sit02-edc-boq-kv01.vault.azure.net/secrets/ext-frollo-api-key\"}"
  },
  "FindNearest:BaseUrl": {
    "BOQ": "$(FindNearest:StagingUrl)",
    "MEB": "$(FindNearest:StagingUrl)"
  },
  "ext-findnearest-baseurl": {
    "BOQ": "$(FindNearest:BaseUrl)",
    "MEB": "$(FindNearest:BaseUrl)"
  },
  "crm-keyvault-name": {
    "VMA": "sit02-edc-$(shared.project)-kv01",
    "BOQ": "sit02-edc-$(shared.project)-kv01",
    "MEB": "sit02-edc-boq-kv01"
  },
  "ext-safer-payments-url": {
    "VMA": "https://10.229.128.1/v1",
    "BOQ": "https://10.229.128.1/v1",
    "MEB": "https://10.229.128.1/v1"
  },
  "ext-ibm-cert-id": {
    "VMA": "ibmsafe",
    "BOQ": "ibmsafe",
    "MEB": "ibmsafe"
  },
  "ext-aadTenantId": {
    "VMA": "b0e7ed13-0b42-4ca9-82f8-c753aecbae79",
    "BOQ": "b0e7ed13-0b42-4ca9-82f8-c753aecbae79",
    "MEB": "b0e7ed13-0b42-4ca9-82f8-c753aecbae79"
  },
  "ext-openid-config-url": {
    "VMA": "$(ext-aadInstance)$(ext-aadTenantId)/.well-known/openid-configuration",
    "BOQ": "$(ext-aadInstance)$(ext-aadTenantId)/.well-known/openid-configuration",
    "MEB": "$(ext-aadInstance)$(ext-aadTenantId)/.well-known/openid-configuration"
  },
  "ext-wildfire-portal-applicationid": {
    "VMA": "api://39d49d40-1350-4014-9550-dff9c5d386b1",
    "BOQ": "api://39d49d40-1350-4014-9550-dff9c5d386b1",
    "MEB": "api://39d49d40-1350-4014-9550-dff9c5d386b1"
  },
  "ext-genesys-portal-applicationid": {
    "VMA": "api://39d49d40-1350-4014-9550-dff9c5d386b1",
    "BOQ": "api://39d49d40-1350-4014-9550-dff9c5d386b1",
    "MEB": "api://39d49d40-1350-4014-9550-dff9c5d386b1"
  },
  "ext-genesys-url": {
    "VMA": "https://chattest.boq.com.au/",
    "BOQ": "https://chattest.boq.com.au/",
    "MEB": "https://chattest.boq.com.au/"
  },
  "ext-genesys-password": {
    "VMA": "{\"uri\":\"https://sit02-edc-denovo-kv01.vault.azure.net/secrets/ext-genesys-password\"}",
    "BOQ": "secret",
    "MEB": "secret"
  },
  "ext-servicenow-url": {
    "VMA": "https://boqTest.service-now.com",
    "BOQ": "https://boqTest.service-now.com",
    "MEB": "https://boqTest.service-now.com"
  },
  "ext-servicenow-username": {
    "VMA": "svc-snow-denovo-api",
    "BOQ": "svc-snow-denovo-api",
    "MEB": "svc-snow-denovo-api"
  },
  "ext-servicenow-password": {
    "VMA": "{\"uri\":\"https://sit02-edc-denovo-kv01.vault.azure.net/secrets/ext-servicenow-password\"}",
    "BOQ": "{\"uri\":\"https://sit02-edc-boq-kv01.vault.azure.net/secrets/ext-servicenow-password\"}",
    "MEB": "{\"uri\":\"https://sit02-edc-boq-kv01.vault.azure.net/secrets/ext-servicenow-password\"}"
  },
  "ServiceNow:Contact": {
    "VMA": "John Ross",
    "MEB": "John Ross"
  },
  "ServiceNow:ContactPhone": {
    "VMA": "+61 491 570 156",
    "MEB": "+61 491 570 156"
  },
  "ServiceNow:ContactEmail": {
    "VMA": "john.ross@boq.com.au",
    "MEB": "john.ross@boq.com.au"
  },
  "ServiceNow:DestinationEmail": {
    "VMA": "vineetha.gurrala@boqspecialist.com.au",
    "MEB": "vineetha.gurrala@boqspecialist.com.au"
  },
  "ServiceNow:VisaStatementCreditStatusFailureNotificationTemplate:To": {
    "VMA": "loyaltyproductteam@virginmoney.com.au",
    "BOQ": "loyaltyproductteam@virginmoney.com.au",
    "MEB": "loyaltyproductteam@virginmoney.com.au"
  },
  "ServiceNow:VisaStatementCreditStatusFailureNotificationTemplate:Subject": {
    "VMA": "$(environment) | FAILURE | Visa Statement Credit Status Response | CustomerId = {{externalUserId|customerId}}, CardId = {{cardId}}, Reward Amount = {{amount|rewardAmount:N-C}}",
    "BOQ": "$(environment) | FAILURE | Visa Statement Credit Status Response | CustomerId = {{externalUserId|customerId}}, CardId = {{cardId}}, Reward Amount = {{amount|rewardAmount:N-C}}",
    "MEB": "$(environment) | FAILURE | Visa Statement Credit Status Response | CustomerId = {{externalUserId|customerId}}, CardId = {{cardId}}, Reward Amount = {{amount|rewardAmount:N-C}}"
  },
  "int-sms-shared-secret": {
    "VMA": "{\"uri\":\"https://sit02-edc-denovo-kv01.vault.azure.net/secrets/int-sms-shared-secret\"}",
    "BOQ": "{\"uri\":\"https://sit02-edc-boq-kv01.vault.azure.net/secrets/int-sms-shared-secret\"}",
    "MEB": "{\"uri\":\"https://sit02-edc-boq-kv01.vault.azure.net/secrets/int-sms-shared-secret\"}"
  },
  "aseName": {
    "VMA": "$(environment)-$(region.code)-denovo-ase02",
    "BOQ": "$(environment)-$(region.code)-denovo-ase02",
    "MEB": "$(environment)-$(region.code)-denovo-ase02"
  },
  "kv-genesys-cloud-oauth-token-request-body": {
    "VMA": "SECRET",
    "BOQ": "SECRET",
    "MEB": "SECRET"
  },
  "GenesysCloud:IntegrationId": {
    "VMA": "0cde93cb-6d35-46ff-b915-167e64374de1",
    "BOQ": "f5e1a746-b8a6-4536-9099-ff574f808db7",
    "MEB": "0df58cb2-8c5f-438f-a703-84afcf152770"
  },
  "GenesysOptions:ClientId": {
    "VMA": "289e298b-11a2-4991-8b16-ae315fd2551f",
    "BOQ": "289e298b-11a2-4991-8b16-ae315fd2551f",
    "MEB": "289e298b-11a2-4991-8b16-ae315fd2551f"
  },
  "GenesysOptions:Resourceid": {
    "VMA": "api://39d49d40-1350-4014-9550-dff9c5d386b1/.default",
    "BOQ": "api://39d49d40-1350-4014-9550-dff9c5d386b1/.default",
    "MEB": "api://39d49d40-1350-4014-9550-dff9c5d386b1/.default"
  },
  "GenesysOptions:PushMessageEFSPath": {
    "VMA": "https://efs-sit.boqsvdc.com.au",
    "BOQ": "https://efs-sit.boqsvdc.com.au",
    "MEB": "https://efs-sit.boqsvdc.com.au"
  },
  "GenesysOptions:Authority": {
    "VMA": "https://login.microsoftonline.com/b0e7ed13-0b42-4ca9-82f8-c753aecbae79",
    "BOQ": "https://login.microsoftonline.com/b0e7ed13-0b42-4ca9-82f8-c753aecbae79",
    "MEB": "https://login.microsoftonline.com/b0e7ed13-0b42-4ca9-82f8-c753aecbae79"
  },
  "GenesysOptions:ClientSecret": {
    "VMA": "{\"uri\":\"$(keyVaultBaseUrl)/genesysWildcardClientSecret\"}",
    "BOQ": "{\"uri\":\"$(keyVaultBaseUrl)/genesysWildcardClientSecret\"}",
    "MEB": "{\"uri\":\"$(keyVaultBaseUrl)/genesysWildcardClientSecret\"}"
  },
  "GenesysOptions:ChatPath": {
    "VMA": "genesys/2/chat/VMAChat",
    "BOQ": "genesys/2/chat/BOQXChat",
    "MEB": "genesys/2/chat/MEBChat"
  },
  "GenesysOptions:SendPath": {
    "VMA": "genesys/2/chat/VMAChat/{chatId}/send",
    "BOQ": "genesys/2/chat/BOQXChat/{chatId}/send",
    "MEB": "genesys/2/chat/MEBChat/{chatId}/send"
  },
  "GenesysOptions:RefreshPath": {
    "VMA": "genesys/2/chat/VMAChat/{chatId}/refresh",
    "BOQ": "genesys/2/chat/BOQXChat/{chatId}/refresh",
    "MEB": "genesys/2/chat/MEBChat/{chatId}/refresh"
  },
  "GenesysOptions:PushUrlPath": {
    "VMA": "genesys/2/chat/VMAChat/{chatId}/pushUrl",
    "BOQ": "genesys/2/chat/BOQXChat/{chatId}/pushUrl",
    "MEB": "genesys/2/chat/MEBChat/{chatId}/pushUrl"
  },
  "AwsOptions:AccessKey": {
    "VMA": "{\"uri\":\"$(keyVaultBaseUrl)/AWSAccessKey\"}",
    "BOQ": "{\"uri\":\"$(keyVaultBaseUrl)/AWSAccessKey\"}",
    "MEB": "{\"uri\":\"$(keyVaultBaseUrl)/AWSAccessKey\"}"
  },
  "AwsOptions:SecretKey": {
    "VMA": "{\"uri\":\"$(keyVaultBaseUrl)/AWSSecretAccessKey\"}",
    "BOQ": "{\"uri\":\"$(keyVaultBaseUrl)/AWSSecretAccessKey\"}",
    "MEB": "{\"uri\":\"$(keyVaultBaseUrl)/AWSSecretAccessKey\"}"
  },
  "AwsOptions:PlatformArnApple": {
    "VMA": "arn:aws:sns:ap-southeast-2:549892674676:app/APNS/np-apse2-denovo-ios-pa02",
    "BOQ": "arn:aws:sns:ap-southeast-2:549892674676:app/APNS/sit-apse2-boqx-apns-pa01",
    "MEB": "arn:aws:sns:ap-southeast-2:549892674676:app/APNS/sit-apse2-boqx-apns-pa01"
  },
  "AwsOptions:PlatformArnAndroid": {
    "VMA": "arn:aws:sns:ap-southeast-2:549892674676:app/GCM/np-apse2-denovo-fcm-pa01",
    "BOQ": "arn:aws:sns:ap-southeast-2:549892674676:app/GCM/np-apse2-boqx-fcm-pa01",
    "MEB": "arn:aws:sns:ap-southeast-2:549892674676:app/GCM/np-apse2-boqx-fcm-pa01"
  },
  "AwsOptions:TopicArn": {
    "VMA": "{\"uri\":\"https://sit02-edc-denovo-kv01.vault.azure.net/secrets/TopicArn\"}",
    "BOQ": "{\"uri\":\"https://sit02-edc-boq-kv01.vault.azure.net/secrets/TopicArn\"}",
    "MEB": "{\"uri\":\"https://sit02-edc-boq-kv01.vault.azure.net/secrets/TopicArn\"}"
  },
  "AdobeOptions:ExchangeJWTUri": {
    "BOQ": "https://ims-na1.adobelogin.com/ims/exchange/jwt/",
    "MEB": "https://ims-na1.adobelogin.com/ims/exchange/jwt/",
    "VMA": "https://ims-na1.adobelogin.com/ims/exchange/jwt/"
  },
  "AdobeOptions:ClientId": {
    "VMA": "d10902f9a4434870b09ad0234c8225be",
    "BOQ": "d10902f9a4434870b09ad0234c8225be",
    "MEB": "d10902f9a4434870b09ad0234c8225be"
  },
  "AdobeOptions:ClientSecret": {
    "VMA": "{\"uri\":\"https://sit02-edc-denovo-kv01.vault.azure.net/secrets/AdobeClientSecret\"}",
    "BOQ": "{\"uri\":\"https://sit02-edc-boq-kv01.vault.azure.net/secrets/AdobeClientSecret\"}",
    "MEB": "{\"uri\":\"https://sit02-edc-boq-kv01.vault.azure.net/secrets/AdobeClientSecret\"}"
  },
  "AdobeOptions:ApiKey": {
    "VMA": "{\"uri\":\"https://sit02-edc-denovo-kv01.vault.azure.net/secrets/AdobeApiKey\"}",
    "BOQ": "{\"uri\":\"https://sit02-edc-boq-kv01.vault.azure.net/secrets/AdobeApiKey\"}",
    "MEB": "{\"uri\":\"https://sit02-edc-boq-kv01.vault.azure.net/secrets/AdobeApiKey\"}"
  },
  "AdobeOptions:PrivateKey": {
    "VMA": "https://$(keyVaultName).vault.azure.net/keys/AdobePrivate",
    "BOQ": "https://$(keyVaultName).vault.azure.net/keys/AdobePrivate",
    "MEB": "https://$(keyVaultName).vault.azure.net/keys/AdobePrivate"
  },
  "AdobeOptions:CampaignUriTemplate": {
    "VMA": "https://mc.adobe.io/{0}/campaign/{1}/{2}",
    "BOQ": "https://mc.adobe.io/{0}/campaign/{1}/{2}",
    "MEB": "https://mc.adobe.io/{0}/campaign/{1}/{2}"
  },
  "AdobeOptions:InstanceId": {
    "VMA": "bankofqueenslandlimited-mkt-stage1",
    "BOQ": "bankofqueenslandlimited-mkt-stage1",
    "MEB": "bankofqueenslandlimited-mkt-stage1"
  },
  "AdobeOptions:CampaignId": {
    "VMA": "mcbankofqueenslandlimited",
    "BOQ": "mcbankofqueenslandlimited",
    "MEB": "mcbankofqueenslandlimited"
  },
  "AdobeOptions:Sub": {
    "BOQ": "5C2C0EBC5E4B30E40A495E78@techacct.adobe.com",
    "MEB": "5C2C0EBC5E4B30E40A495E78@techacct.adobe.com",
    "VMA": "5C2C0EBC5E4B30E40A495E78@techacct.adobe.com"
  },
  "AdobeOptions:Aud": {
    "BOQ": "https://ims-na1.adobelogin.com/c/d10902f9a4434870b09ad0234c8225be",
    "MEB": "https://ims-na1.adobelogin.com/c/d10902f9a4434870b09ad0234c8225be",
    "VMA": "https://ims-na1.adobelogin.com/c/d10902f9a4434870b09ad0234c8225be"
  },
  "AdobeOptions:RedirectEmailsTo": {
    "BOQ": "customerboq+SIT02@gmail.com",
    "MEB": "customermeb+SIT02@gmail.com",
    "VMA": "customervma+SIT02@gmail.com"
  },
  "KeyVault:RSAPrivateKey": {
    "VMA": "{\"uri\":\"https://sit02-edc-denovo-kv01.vault.azure.net/secrets/integration-private-key\"}",
    "BOQ": "{\"uri\":\"https://sit02-edc-boq-kv01.vault.azure.net/secrets/integration-private-key\"}",
    "MEB": "{\"uri\":\"https://sit02-edc-boq-kv01.vault.azure.net/secrets/integration-private-key\"}"
  },
  "KeyVault:ZpkKey": {
    "VMA": "{\"uri\":\"https://sit02-edc-denovo-kv01.vault.azure.net/secrets/3des-zpk-key\"}",
    "BOQ": "{\"uri\":\"https://sit02-edc-boq-kv01.vault.azure.net/secrets/3des-zpk-key\"}",
    "MEB": "{\"uri\":\"https://sit02-edc-boq-kv01.vault.azure.net/secrets/3des-zpk-key\"}"
  },
  "sec.iib-whitelist-ip-address": {
    "VMA": "10.231.140.196",
    "BOQ": "10.231.140.196",
    "MEB": "10.231.140.198"
  },
  "sec-iib-whitelist-ip-address": {
    "VMA": "$(sec.iib-whitelist-ip-address)",
    "BOQ": "$(sec.iib-whitelist-ip-address)",
    "MEB": "$(sec.iib-whitelist-ip-address)"
  },
  "sec-iib-whitelist-ip-address-from-1": {
    "VMA": "$(sec-iib-whitelist-ip-address)",
    "BOQ": "$(sec-iib-whitelist-ip-address)",
    "MEB": "$(sec-iib-whitelist-ip-address)"
  },
  "sec-iib-whitelist-ip-address-to-1": {
    "VMA": "$(sec-iib-whitelist-ip-address)",
    "BOQ": "$(sec-iib-whitelist-ip-address)",
    "MEB": "$(sec-iib-whitelist-ip-address)"
  },
  "sec-iib-whitelist-ip-address-from-2": {
    "VMA": " ",
    "BOQ": " ",
    "MEB": " "
  },
  "sec-iib-whitelist-ip-address-to-2": {
    "VMA": " ",
    "BOQ": " ",
    "MEB": " "
  },
  "sec-iib-whitelist-ip-address-from-3": {
    "VMA": " ",
    "BOQ": " ",
    "MEB": " "
  },
  "sec-iib-whitelist-ip-address-to-3": {
    "VMA": " ",
    "BOQ": " ",
    "MEB": " "
  },
  "REACT_APP_AZURE_APP_ID": {
    "VMA": "d465226e-2ea6-44c9-96a3-db0213cca3d1",
    "BOQ": "d465226e-2ea6-44c9-96a3-db0213cca3d1",
    "MEB": "d465226e-2ea6-44c9-96a3-db0213cca3d1"
  },
  "REACT_APP_AZURE_AUTHORITY": {
    "VMA": "https://login.microsoftonline.com/b0e7ed13-0b42-4ca9-82f8-c753aecbae79",
    "BOQ": "https://login.microsoftonline.com/b0e7ed13-0b42-4ca9-82f8-c753aecbae79",
    "MEB": "https://login.microsoftonline.com/b0e7ed13-0b42-4ca9-82f8-c753aecbae79"
  },
  "REACT_APP_API_SUBSCRIPTION_KEY_VMA": {
    "VMA": "{\"uri\":\"https://sit02-edc-denovo-kv01.vault.azure.net/secrets/reactAppApiSubscriptionKeyVMA\"}",
    "BOQ": "N/A",
    "MEB": "N/A"
  },
  "REACT_APP_API_SUBSCRIPTION_KEY_BOQ": {
    "VMA": "{\"uri\":\"https://sit02-edc-denovo-kv01.vault.azure.net/secrets/reactAppApiSubscriptionKeyBOQ\"}",
    "BOQ": "N/A",
    "MEB": "N/A"
  },
  "REACT_APP_API_SUBSCRIPTION_KEY_MEB": {
    "VMA": "{\"uri\":\"https://sit02-edc-denovo-kv01.vault.azure.net/secrets/reactAppApiSubscriptionKeyMEB\"}",
    "BOQ": "N/A",
    "MEB": "N/A"
  },
  "REACT_APP_APIM_TRACE_ENABLED": {
    "VMA": "true",
    "BOQ": "true",
    "MEB": "true"
  },
  "REACT_APP_API_URL_VMA": {
    "VMA": "$(apim-base-url-external)/customerIdentityAdmin/v1.0",
    "BOQ": "N/A",
    "MEB": "N/A"
  },
  "REACT_APP_API_URL_BOQ": {
    "VMA": "https://api.sit02.boq.boqdev.com.au/customerIdentityAdmin/v1.0",
    "BOQ": "N/A",
    "MEB": "N/A"
  },
  "REACT_APP_API_URL_MEB": {
    "VMA": "https://api.sit02.meb.boqdev.com.au/customerIdentityAdmin/v1.0",
    "BOQ": "N/A",
    "MEB": "N/A"
  },
  "aadResourceId": {
    "VMA": "$(BOQDEV-aadResourceId)",
    "BOQ": "$(BOQDEV-aadResourceId)",
    "MEB": "$(BOQDEV-aadResourceId)"
  },
  "ext-ascenda-auth-url": {
    "VMA": "https://e2e-guardhouse.stg-vma.int.kaligo.com",
    "BOQ": "https://e2e-guardhouse.stg-vma.int.kaligo.com",
    "MEB": "https://e2e-guardhouse.stg-vma.int.kaligo.com"
  },
  "ext-ascenda-clientId": {
    "VMA": "602ac857-e59a-46b6-98d2-71b14d94063f",
    "BOQ": "602ac857-e59a-46b6-98d2-71b14d94063f",
    "MEB": "602ac857-e59a-46b6-98d2-71b14d94063f"
  },
  "ext-ascenda-clientSecret": {
    "VMA": "{\"uri\":\"https://sit02-edc-denovo-kv01.vault.azure.net/secrets/ext-ascenda-clientSecret\"}",
    "BOQ": "{\"uri\":\"https://sit02-edc-boq-kv01.vault.azure.net/secrets/ext-ascenda-clientSecret\"}",
    "MEB": "{\"uri\":\"https://sit02-edc-boq-kv01.vault.azure.net/secrets/ext-ascenda-clientSecret\"}"
  },
  "ext-ascenda-audience": {
    "VMA": "vma-nn.kaligo-staging.xyz",
    "BOQ": "vma-nn.kaligo-staging.xyz",
    "MEB": "vma-nn.kaligo-staging.xyz"
  },
  "ext-ascenda-url": {
    "VMA": "https://e2e-nydus.stg-vma.int.kaligo.com/ext/v1",
    "BOQ": "https://e2e-nydus.stg-vma.int.kaligo.com/ext/v1",
    "MEB": "https://e2e-nydus.stg-vma.int.kaligo.com/ext/v1"
  },
  "ext-citibank-client-id": {
    "VMA": "fa93a588-222b-4b37-8e69-7c88bcd3becb",
    "BOQ": "fa93a588-222b-4b37-8e69-7c88bcd3becb",
    "MEB": "fa93a588-222b-4b37-8e69-7c88bcd3becb"
  },
  "ext-citibank-basic-auth-credential": {
    "VMA": "{\"uri\":\"https://sit02-edc-denovo-kv01.vault.azure.net/secrets/ext-citibank-basic-auth-credential\"}",
    "BOQ": "{\"uri\":\"https://sit02-edc-boq-kv01.vault.azure.net/secrets/ext-citibank-basic-auth-credential\"}",
    "MEB": "{\"uri\":\"https://sit02-edc-boq-kv01.vault.azure.net/secrets/ext-citibank-basic-auth-credential\"}"
  },
  "EmailVerification:SubscriptionKey": {
    "VMA": "{\"uri\":\"$(keyVaultBaseUrl)/EmailVerificationSubscriptionKey\"}",
    "BOQ": "{\"uri\":\"$(keyVaultBaseUrl)/EmailVerificationSubscriptionKey\"}",
    "MEB": "{\"uri\":\"$(keyVaultBaseUrl)/EmailVerificationSubscriptionKey\"}"
  },
  "EmailVerification:GatewayBaseUrl": {
    "VMA": "$(apim-base-url-external)",
    "BOQ": "$(apim-base-url-external)",
    "MEB": "$(apim-base-url-external)"
  },
  "EmailVerification:ExternalGatewayUrl": {
    "VMA": "$(apim-base-url-external)",
    "BOQ": "$(apim-base-url-external)",
    "MEB": "$(apim-base-url-external)"
  },
  "AwsOptions:RedirectSmsToPhoneNumber": {
    "VMA": "+61482070692",
    "BOQ": "+61482070692",
    "MEB": "+61482070692"
  },
  "AwsOptions:MockSendSmsFlag": {
    "VMA": "true",
    "BOQ": "true",
    "MEB": "true"
  },
  "AwsOptions:MockSendSmsPhoneNumber": {
    "VMA": "+61482070692",
    "BOQ": "+61482070692",
    "MEB": "+61482070692"
  },
  "AwsOptions:DisableSMS": {
    "VMA": "false",
    "BOQ": "false",
    "MEB": "false"
  },
  "CommunicationOptions:AppLinkIOS": {
    "VMA": "https://apps.apple.com/au/app/virgin-money/id1198060050",
    "BOQ": "https://apps.apple.com/au/app/myboq/id1577281043",
    "MEB": "https://apps.apple.com/au/app/myboq/id1577281043"
  },
  "CommunicationOptions:AppLinkAndroid": {
    "VMA": "https://play.google.com/store/apps/details?id=au.com.virginmoney.android_vma",
    "BOQ": "https://play.google.com/store/apps/details?id=au.com.boq.mobilebanking",
    "MEB": "https://play.google.com/store/apps/details?id=au.com.boq.mobilebanking"
  },
  "ext-ciam-applicationid": {
    "VMA": "api://39d49d40-1350-4014-9550-dff9c5d386b1",
    "BOQ": "api://39d49d40-1350-4014-9550-dff9c5d386b1",
    "MEB": "api://39d49d40-1350-4014-9550-dff9c5d386b1"
  },
  "help-servicing-origin-vma": "https://cepboqmc4fssit.powerappsportals.com/",
  "InternalApimSubscriptionKey": {
    "VMA": "{\"uri\":\"https://sit02-edc-denovo-kv01.vault.azure.net/secrets/InternalApimSubscriptionKey\"}",
    "BOQ": "{\"uri\":\"https://sit02-edc-boq-kv01.vault.azure.net/secrets/InternalApimSubscriptionKey\"}",
    "MEB": "{\"uri\":\"https://sit02-edc-boq-kv01.vault.azure.net/secrets/InternalApimSubscriptionKey\"}"
  },
  "FrolloMock:BaseUrl": {
    "VMA": "https://ee6a1817-8015-460c-bb78-365810167581.mock.pstmn.io",
    "BOQ": "https://ee6a1817-8015-460c-bb78-365810167581.mock.pstmn.io",
    "MEB": "https://ee6a1817-8015-460c-bb78-365810167581.mock.pstmn.io"
  },
  "Frollo:ApiVersion": {
    "VMA": "2.15",
    "BOQ": "2.10",
    "MEB": "2.10"
  },
  "ciam-brand-header": {
    "VMA": "$(Ciam:QueryHeader)",
    "BOQ": "$(Ciam:QueryHeader)",
    "MEB": "$(Ciam:QueryHeader)"
  },
  "ciam-brand-prefix": {
    "VMA": "",
    "BOQ": "",
    "MEB": ""
  },
  "Ciam:CustomerPath": {
    "VMA": "idm/customer/",
    "BOQ": "idm/customer/",
    "MEB": "idm/customer/"
  },
  "Ciam:CiamBrandHeader": {
    "VMA": "$(ciam-brand-header)",
    "BOQ": "$(ciam-brand-header)",
    "MEB": "$(ciam-brand-header)"
  },
  "Ciam:SubscriptionKey": {
    "VMA": "{\"uri\":\"$(keyVaultBaseUrl)/ciamSubscriptionKey\"}",
    "BOQ": "{\"uri\":\"$(keyVaultBaseUrl)/ciamSubscriptionKey\"}",
    "MEB": "{\"uri\":\"$(keyVaultBaseUrl)/ciamSubscriptionKey\"}"
  },
  "HomeLoans:TableStorage:EligibleAccounts:StorageConnectionString": {
    "VMA": "{\"uri\":\"$(keyVaultBaseUrl)/EligiblityConfigTableStorageSettings\"}",
    "BOQ": "{\"uri\":\"$(keyVaultBaseUrl)/EligiblityConfigTableStorageSettings\"}",
    "MEB": "{\"uri\":\"$(keyVaultBaseUrl)/EligiblityConfigTableStorageSettings\"}"
  },
  "ext-safer-payments-SP5-url": {
    "VMA": "https://10.229.128.2/v1",
    "BOQ": "https://10.229.128.2/v1",
    "MEB": "https://10.229.128.2/v1"
  },
  "ext-safer-payments-SP6-url": {
    "VMA": "https://10.229.128.3/v1",
    "BOQ": "https://10.229.128.3/v1",
    "MEB": "https://10.229.128.3/v1"
  },
  "Encryption:IntegrationPrivateKey": {
    "VMA": "{\"uri\":\"$(keyVaultBaseUrl)/integration-private-key\"}",
    "BOQ": "{\"uri\":\"$(keyVaultBaseUrl)/integration-private-key\"}",
    "MEB": "{\"uri\":\"$(keyVaultBaseUrl)/integration-private-key\"}"
  },
  "Encryption:ZPKKey": {
    "VMA": "{\"uri\":\"$(keyVaultBaseUrl)/3des-zpk-key\"}",
    "BOQ": "{\"uri\":\"$(keyVaultBaseUrl)/3des-zpk-key\"}",
    "MEB": "{\"uri\":\"$(keyVaultBaseUrl)/3des-zpk-key\"}"
  },
  "CustomerPfm:FrolloMockserverUrlPath": {
    "VMA": "https://ee6a1817-8015-460c-bb78-365810167581.mock.pstmn.io",
    "BOQ": "https://ee6a1817-8015-460c-bb78-365810167581.mock.pstmn.io",
    "MEB": "https://ee6a1817-8015-460c-bb78-365810167581.mock.pstmn.io"
  },
  "CustomerPfm:UseFrolloMock": {
    "VMA": "false",
    "BOQ": "false",
    "MEB": "false"
  },
  "EmailVerification:ShortTokenUrlPath": {
    "VMA": "$(apim-base-url)/CIAM/v1/idm/customer/",
    "BOQ": "$(apim-base-url)/CIAM/v1/idm/customer/",
    "MEB": "$(apim-base-url)/CIAM/v1/idm/customer/"
  },
  "CiamGateway:VerifyShortTokenPath": {
    "VMA": "idm/customer/{guid}/shorttoken/verify",
    "BOQ": "idm/customer/{guid}/shorttoken/verify",
    "MEB": "idm/customer/{guid}/shorttoken/verify"
  },
  "Visa:CommunityCodeUser": {
    "VMA": "VMACTE",
    "BOQ": "TODO",
    "MEB": "TODO"
  },
  "Visa:CommunityCodeRewards": {
    "VMA": "VMACTECL",
    "BOQ": "TODO",
    "MEB": "TODO"
  },
  "DefaultOffer:Code": {
    "VMA": "DFE05KLYO",
    "BOQ": "DFE024JUN",
    "MEB": "DFE05KPRO"
  },
  "FormsOrchestration:DefaultOfferCode": {
    "VMA": "DFE05KLYO",
    "BOQ": "DFE024JUN",
    "MEB": "DFE05KPRO"
  },
  "HealthCheck:SettingsFileUrl": {
    "VMA": "{\"uri\":\"$(keyVaultBaseUrl)/healthCheckConfigurationFile\"}",
    "BOQ": "TODO",
    "MEB": "TODO"
  },
  "UseMocks:Clients:T24:Active": {
    "VMA": "false",
    "BOQ": "false",
    "MEB": "false"
  },
  "UseMocks:Clients:T24:DefaultUrl": {
    "VMA": "https://e89ec4eb-ced5-452e-b9cf-5191e32fd8d7.mock.pstmn.io/t24/v1",
    "BOQ": "https://e89ec4eb-ced5-452e-b9cf-5191e32fd8d7.mock.pstmn.io/t24/v1",
    "MEB": "https://e89ec4eb-ced5-452e-b9cf-5191e32fd8d7.mock.pstmn.io/t24/v1"
  },
  "DirectDebitTableStorage:ConnectionString": {
    "VMA": "{\"uri\":\"$(keyVaultBaseUrl)/DirectDebitTableStorageConnectionString\"}",
    "BOQ": "{\"uri\":\"$(keyVaultBaseUrl)/DirectDebitTableStorageConnectionString\"}",
    "MEB": "{\"uri\":\"$(keyVaultBaseUrl)/DirectDebitTableStorageConnectionString\"}"
  },
  "BankOptions:AccountNumber": {
    "VMA": "{\"uri\":\"$(keyVaultBaseUrl)/BankAccountNumber\"}",
    "BOQ": "{\"uri\":\"$(keyVaultBaseUrl)/BankAccountNumber\"}",
    "MEB": "{\"uri\":\"$(keyVaultBaseUrl)/BankAccountNumber\"}"
  },
  "BankOptions:OrderingCustomer": {
    "VMA": "{\"uri\":\"$(keyVaultBaseUrl)/BankOrderingCustomer\"}",
    "BOQ": "{\"uri\":\"$(keyVaultBaseUrl)/BankOrderingCustomer\"}",
    "MEB": "{\"uri\":\"$(keyVaultBaseUrl)/BankOrderingCustomer\"}"
  },
  "TJMEmailUrlTemplateLink": {
    "BOQ": "$(apim-base-url-external)/verify-email/v1/{0}?token={1}",
    "MEB": "$(apim-base-url-external)/verify-email/v1/{0}?token={1}",
    "VMA": "$(apim-base-url-external)/verify-email/v1/{0}?token={1}"
  },
  "DenovoAccountTypes:Definitions:VMA.FULL.FEATURE.LOAN:Enabled": {
    "VMA": "true"
  },
  "DenovoAccountTypes:Definitions:VMA.BASIC.HOMELOAN:Enabled": {
    "VMA": "true"
  },
  "DenovoAccountTypes:Definitions:BOQ.FULL.FEATURE.LOAN:Enabled": {
    "BOQ": "true"
  },
  "DenovoAccountTypes:Definitions:BOQ.BASIC.HOMELOAN:Enabled": {
    "BOQ": "true"
  },
  "DenovoAccountTypes:Definitions:MEB.FULL.FEATURE.LOAN:Enabled": {
    "MEB": "false"
  },
  "DenovoAccountTypes:Definitions:MEB.BASIC.HOMELOAN:Enabled": {
    "MEB": "false"
  },
  "Citibank:OffsetTransactionDatesByTwoYears": {
    "VMA": "true",
    "BOQ": "false",
    "MEB": "false"
  },
  "AzureDataFactory:MFT:PGP:IsMocking": {
    "MEB": "false"
  },
  "AzureDataFactory:MFT:FTP:IsMocking": {
    "MEB": "false"
  },
  "AzureDataFactory:MFT:SFTP:IsMocking": {
    "MEB": "false"
  },
  "AzureDataFactory:MFT:AES:IsMocking": {
    "MEB": "false"
  },
  "AzureDataFactory:MFT:SFTP:Downstream:Cuscal:Host": {
    "MEB": "168.217.72.196"
  },
  "AzureDataFactory:MFT:SFTP:Downstream:Cuscal:Port": {
    "MEB": "50022"
  },
  "AzureDataFactory:MFT:FTP:Downstream:T24:Host": {
    "MEB": "vma-au-ftp-npd.temenoscloud.com"
  },
  "AzureDataFactory:MFT:FTP:Downstream:T24:Port": {
    "MEB": "21"
  },
  "AzureDataFactory:MFT:FTP:Downstream:T24:EncryptionMode": {
    "MEB": "explicit"
  },
  "AzureDataFactory:MFT:FTP:Downstream:T24:ValidateAnyCertificates1": {
    "MEB": "true"
  },
  "AzureDataFactory:MFT:SFTP:Downstream:Fiserv:Host": {
    "MEB": "test2-gw-apac.firstdataclients.com"
  },
  "AzureDataFactory:MFT:SFTP:Downstream:Fiserv:Port": {
    "MEB": "6522"
  },
  "AzureDataFactory:MFT:SFTP:Downstream:AusPayNet:Username": {
    "MEB": "bsbftp1"
  },
  "AzureDataFactory:MFT:SFTP:Downstream:AusPayNet:Host": {
    "MEB": "bsb.hostedftp.com"
  },
  "AzureDataFactory:MFT:SFTP:Downstream:AusPayNet:Port": {
    "MEB": "22"
  },
  "AzureDataFactory:MFT:SFTP:Downstream:DowJones:Username": {
    "MEB": "QueenslandbkWL"
  },
  "AzureDataFactory:MFT:SFTP:Downstream:DowJones:Host": {
    "MEB": "djrcfeed.dowjones.com"
  },
  "AzureDataFactory:MFT:SFTP:Downstream:DowJones:Port": {
    "MEB": "22"
  },
  "AzureDataFactory:CrsVersion": {
    "MEB": "2"
  },
  "AzureDataFactory:EnforceSignatureValidation": {
    "MEB": "false"
  },
  "AzureDataFactory:MFT:FTP:Downstream:T24:ValidateAnyCertificate": {
    "MEB": "true"
  },
  "AzureDataFactory:EmailTemplates:TemplateContainer": {
    "MEB": "emailtemplates"
  },
  "AzureDataFactory:EmailTemplates:StylesheetContainer": {
    "MEB": "emailstylesheets"
  },
  "Ods:Databases": {
    "VMA": "Accounts",
    "BOQ": "Accounts",
    "MEB": "Accounts"
  },
  "Ods:Accounts:Collections": {
    "VMA": "Accounts",
    "BOQ": "Accounts",
    "MEB": "Accounts"
  },
  "Ods:Databases:Transactions:Collections": {
    "VMA": "Transactions",
    "BOQ": "Transactions",
    "MEB": "Transactions"
  },
  "Ods:ServiceEndPoint": {
    "VMA": "$(odsServiceEndPoint)",
    "BOQ": "$(odsServiceEndPoint)",
    "MEB": "$(odsServiceEndPoint)"
  },
  "Ods:AuthKey": {
    "VMA": "$(odsKey)",
    "BOQ": "$(odsKey)",
    "MEB": "$(odsKey)"
  },
  "Ods:OdsConsentDatabaseName": {
    "VMA": "Consents",
    "BOQ": "Consents",
    "MEB": "Consents"
  },
  "Ods:OdsConsentCollectionName": {
    "VMA": "Consents",
    "BOQ": "Consents",
    "MEB": "Consents"
  },
  "AdobeCampaign:CampaignEligibilityTableName": {
    "VMA": "campaigneligibilitydenovo",
    "BOQ": "campaigneligibilityboq",
    "MEB": ""
  },
  "ext-marketing-adobe-func-functionKeys-default": {
    "VMA": "secret",
    "BOQ": "secret",
    "MEB": "secret"
  },
  "Loans:TableStorage:LoanDisbursements:StorageConnectionString": {
    "VMA": "{\"uri\":\"$(keyVaultBaseUrl)/kv-table-storage-connection-string\"}",
    "BOQ": "{\"uri\":\"$(keyVaultBaseUrl)/kv-table-storage-connection-string\"}",
    "MEB": "{\"uri\":\"$(keyVaultBaseUrl)/kv-table-storage-connection-string\"}"
  },
  "HomeLoans:TableStorage:InterestOnlyLoanExpiring:StorageConnectionString": {
    "VMA": "{\"uri\":\"$(keyVaultBaseUrl)/kv-table-storage-connection-string\"}",
    "BOQ": "{\"uri\":\"$(keyVaultBaseUrl)/kv-table-storage-connection-string\"}",
    "MEB": "{\"uri\":\"$(keyVaultBaseUrl)/kv-table-storage-connection-string\"}"
  },
  "HomeLoans:TableStorage:FixedLoanExpiring:StorageConnectionString": {
    "VMA": "{\"uri\":\"$(keyVaultBaseUrl)/kv-table-storage-connection-string\"}",
    "BOQ": "{\"uri\":\"$(keyVaultBaseUrl)/kv-table-storage-connection-string\"}",
    "MEB": "{\"uri\":\"$(keyVaultBaseUrl)/kv-table-storage-connection-string\"}"
  },
  "HomeLoans:TableStorage:EligibleAccountsNonPayments:StorageConnectionString": {
    "VMA": "{\"uri\":\"$(keyVaultBaseUrl)/NonPaymentsEligiblityConfigTableStorageSettings\"}",
    "BOQ": "{\"uri\":\"$(keyVaultBaseUrl)/NonPaymentsEligiblityConfigTableStorageSettings\"}",
    "MEB": "{\"uri\":\"$(keyVaultBaseUrl)/NonPaymentsEligiblityConfigTableStorageSettings\"}"
  },
  "HomeLoans:TableStorage:DirectDebits:StorageConnectionString": {
    "VMA": "{\"uri\":\"$(keyVaultBaseUrl)/kv-table-storage-connection-string\"}",
    "BOQ": "{\"uri\":\"$(keyVaultBaseUrl)/kv-table-storage-connection-string\"}",
    "MEB": "{\"uri\":\"$(keyVaultBaseUrl)/kv-table-storage-connection-string\"}"
  },
  "Migration:TableStorage:MigrationTransactions:StorageConnectionString": {
    "VMA": "N/A",
    "BOQ": "N/A",
    "MEB": "{\"uri\":\"$(keyVaultBaseUrl)/kv-table-storage-connection-string\"}"
  },
  "Migration:TableStorage:StatementRequests:StorageConnectionString": {
    "MEB": "{\"uri\":\"$(keyVaultBaseUrl)/kv-table-storage-connection-string\"}"
  },
  "Migration:TableStorage:StatementFiles:StorageConnectionString": {
    "MEB": "{\"uri\":\"$(keyVaultBaseUrl)/kv-table-storage-connection-string\"}"
  },
  "MigratedTransactionsFn:Ods:Cron": {
    "VMA": "N/A",
    "BOQ": "N/A",
    "MEB": "0 */2 * * * *"
  },
  "MigratedTransactionsFn:Frollo:Cron": {
    "VMA": "N/A",
    "BOQ": "N/A",
    "MEB": "0 */5 * * * *"
  },
  "MigratedTransactionsFn:EnrichmentPeriod": {
    "MEB": "6"
  },
  "GetCountries:Path": {
    "VMA": "countries",
    "BOQ": "countries",
    "MEB": "countries"
  },
  "GetTinExemptions:Path": {
    "VMA": "tin-exemptions",
    "BOQ": "tin-exemptions",
    "MEB": "tin-exemptions"
  },
  "int-payment-initiation-url": {
    "VMA": "https://payment-initiation-webapp-$(environment)-$(instance)-$(region.code).$(aseName).appserviceenvironment.net/customer-payments/v1/",
    "BOQ": "https://payment-initiation-webapp-boq-$(environment)-$(instance)-$(region.code).$(aseName).appserviceenvironment.net/customer-payments/v1/",
    "MEB": "https://payment-initiation-webapp-meb-$(environment)-$(instance)-$(region.code).$(aseName).appserviceenvironment.net/customer-payments/v1/"
  },
  "Integration:ReferenceDataBackendServiceUrl": {
    "VMA": "https://reference-data-webapp-$(environment)-$(instance)-$(region.code).$(aseName).appserviceenvironment.net/reference-data/v1/",
    "BOQ": "https://reference-data-webapp-boq-$(environment)-$(instance)-$(region.code).$(aseName).appserviceenvironment.net/reference-data/v1/",
    "MEB": "https://reference-data-webapp-meb-$(environment)-$(instance)-$(region.code).$(aseName).appserviceenvironment.net/reference-data/v1/"
  },
  "PaymentInitiation:InitiateDirectDebitPath": {
    "VMA": "initiate/directdebit",
    "BOQ": "initiate/directdebit",
    "MEB": "initiate/directdebit"
  },
  "ReferenceData:BaseUrl": {
    "VMA": "https://reference-data-webapp-$(environment)-$(instance)-$(region.code).$(aseName).appserviceenvironment.net/reference-data/v1/",
    "BOQ": "https://reference-data-webapp-boq-$(environment)-$(instance)-$(region.code).$(aseName).appserviceenvironment.net/reference-data/v1/",
    "MEB": "https://reference-data-webapp-meb-$(environment)-$(instance)-$(region.code).$(aseName).appserviceenvironment.net/reference-data/v1/"
  },
  "ReferenceData:TransactionCategoryPath": {
    "VMA": "transaction-categories",
    "BOQ": "transaction-categories",
    "MEB": "transaction-categories"
  },
  "ReferenceData:OccupationsUrlPath": {
    "VMA": "occupations",
    "BOQ": "occupations",
    "MEB": "occupations"
  },
  "ReferenceDataOccupationsUrlPath": {
    "VMA": "occupations",
    "BOQ": "occupations",
    "MEB": "occupations"
  },
  "RegisterAccounts:WebAppBaseUrl": {
    "VMA": "https://payment-npp-webapp-$(environment)-$(instance)-$(region.code).$(aseName).appserviceenvironment.net/payments-npp/v1/",
    "BOQ": "https://payment-npp-webapp-boq-$(environment)-$(instance)-$(region.code).$(aseName).appserviceenvironment.net/payments-npp/v1/",
    "MEB": "https://payment-npp-webapp-meb-$(environment)-$(instance)-$(region.code).$(aseName).appserviceenvironment.net/payments-npp/v1/"
  },
  "RegisterAccountsPath": {
    "VMA": "accounts",
    "BOQ": "accounts",
    "MEB": "accounts"
  },
  "Ciam:CustomerAudience": {
    "VMA": "VMAMobileApp",
    "BOQ": "BOQMobileApp",
    "MEB": "MEBMobileApp"
  },
  "Ciam:SystemAudience": {
    "VMA": "IntegrationAPIGateway",
    "BOQ": "IntegrationAPIGateway",
    "MEB": "IntegrationAPIGateway"
  },
  "eV10AccountClosedSubscriberName": {
    "VMA": "accountClosed.DebitCard.subscription",
    "BOQ": "AccountClosed.Cms.Subscriber",
    "MEB": "AccountClosed.Cms.Subscriber"
  },
  "ProvisionCardSubscriber": {
    "VMA": "ProvisionCard.Subscriber",
    "BOQ": "CardCreate.Subscriber",
    "MEB": "CardCreate.Subscriber"
  },
  "frollo-api-version": {
    "VMA": "2.15",
    "BOQ": "2.15",
    "MEB": "2.15"
  },
  "Dbib:Public:TrusteerId": {
    "VMA": "TODO",
    "BOQ": "TODO",
    "MEB": "80262914"
  },
  "Dbib:Public:AnalyticsUrl": {
    "VMA": "https://assets.adobedtm.com/aaa86c73d744/4e827a8d7469/launch-ca863cb21b59-development.min.js",
    "BOQ": "https://assets.adobedtm.com/aaa86c73d744/13dc1503367a/launch-68cd2921cd23-development.min.js",
    "MEB": "https://assets.adobedtm.com/aaa86c73d744/52c98583795e/launch-2eeb91e17ed0-development.min.js"
  },
  "Dbib:Public:AppDynamicsUiKey": {
    "VMA": "TODO",
    "BOQ": "TODO",
    "MEB": "SY-AAB-TAE"
  },
  "Dbib:Private:AppDynamicsBffKey": {
    "VMA": "TODO",
    "BOQ": "TODO",
    "MEB": "760197a1-43e6-415e-bac6-5386f53d1fda"
  },
  "Dbib:Private:AppDynamicsAppName": {
    "VMA": "TODO",
    "BOQ": "TODO",
    "MEB": "MEB-DBInternetBanking-sit"
  },
  "Dbib:Private:AppDynamicsAccountName": {
    "VMA": "TODO",
    "BOQ": "TODO",
    "MEB": "boq-test"
  },
  "Dbib:Private:AppDynamicsLogLevel": {
    "VMA": "INFO",
    "BOQ": "INFO",
    "MEB": "INFO"
  },
  "Xrm:DefaultOwnerId": {
    "VMA": "177743a8-7223-ed11-9db1-00224818a883",
    "BOQ": "f873d202-8fa1-ec11-b400-0022481844a0",
    "MEB": "670004b7-7223-ed11-9db1-00224818a883"
  },
  "MigrationAcceleratorFileShare": {
    "VMA": "",
    "BOQ": "",
    "MEB": "https://sit02edcmebmeaccm01.file.core.windows.net/migration-accelerator-sit02/"
  },
  "MigrationAcceleratorArchiveFileShare": {
    "MEB": "https://sit02edcmebmeaccm01.file.core.windows.net/migration-accelerator-archive/"
  },
  "MigrationStatamentsFileShare": {
    "MEB": "https://sit02edcmebdibst1.file.core.windows.net/migration/"
  },
  "AddressTable:StorageConnectionString": {
    "VMA": "{\"uri\":\"$(keyVaultBaseUrl)/kv-table-storage-connection-string\"}",
    "BOQ": "{\"uri\":\"$(keyVaultBaseUrl)/kv-table-storage-connection-string\"}",
    "MEB": "{\"uri\":\"$(keyVaultBaseUrl)/kv-table-storage-connection-string\"}"
  },
  "AddressSftp:PgpPublicKey": {
    "VMA": "",
    "BOQ": "",
    "MEB": "{\"uri\":\"$(keyVaultBaseUrl)/PgpPublicKey\"}"
  },
  "AddressSftp:PgpPrivateKey": {
    "VMA": "",
    "BOQ": "",
    "MEB": "{\"uri\":\"$(keyVaultBaseUrl)/PgpPrivateKey\"}"
  },
  "AddressSftp:PgpPrivateKeyPhrase": {
    "VMA": "",
    "BOQ": "",
    "MEB": "{\"uri\":\"$(keyVaultBaseUrl)/PgpPrivateKeyPhrase\"}"
  },
  "Sftp:Uri": {
    "MEB": "https://sit02edcmebsftp01.blob.core.windows.net/"
  },
  "Sftp:PgpKeysKeyVaultUri": {
    "MEB": "https://sit02-edc-dib-adf-kv01.vault.azure.net"
  },
  "AddressSftp:PgpKeysKeyVaultUri": {
    "MEB": "$(Sftp:PgpKeysKeyVaultUri)"
  },
  "AddressSftp:Uri": {
    "MEB": "$(Sftp:Uri)"
  },
  "MigratedTransactionsFn:MastercardSftp:PgpKeysKeyVaultUri": {
    "MEB": "$(Sftp:PgpKeysKeyVaultUri)"
  },
  "MigratedTransactionsFn:MastercardSftp:Uri": {
    "MEB": "$(Sftp:Uri)"
  },
  "CustomerCorrespondenceFn:Encryption:PgpKeysKeyVaultUri": {
    "VMA": "https://sit02-edc-dib-adf-kv01.vault.azure.net",
    "BOQ": "https://sit02-edc-dib-adf-kv01.vault.azure.net",
    "MEB": "https://sit02-edc-dib-adf-kv01.vault.azure.net"
  },
  "CustomerCorrespondenceFn:StatementFileShare:ServiceUri": {
    "VMA": "https://sit02edcdenovomft01.file.core.windows.net/",
    "BOQ": "https://sit02edcdenovomft01.file.core.windows.net/",
    "MEB": "https://sit02edcdenovomft01.file.core.windows.net/"
  },
  "aad-blueprism-applicationid": {
    "VMA": "d6c98f70-8fb7-4dca-ad6f-116c2a8213ea",
    "BOQ": "d6c98f70-8fb7-4dca-ad6f-116c2a8213ea",
    "MEB": "d6c98f70-8fb7-4dca-ad6f-116c2a8213ea"
  },
  "PaymentNppSub:T24:Caching:Customers:Customers": {
    "VMA": "true",
    "BOQ": "true",
    "MEB": "true"
  },
  "CreateCustomerPfm:T24:Caching:Customers:Customers": {
    "VMA": "true",
    "BOQ": "true",
    "MEB": "true"
  },
  "CustomerIdentity:T24:Caching:Customers:Customers": {
    "VMA": "true",
    "BOQ": "true",
    "MEB": "true"
  },
  "Migration:TableStorage:MastercardAuthorisations:StorageConnectionString": {
    "MEB": "{\"uri\":\"$(keyVaultBaseUrl)/kv-table-storage-connection-string\"}"
  },
  "CustomerProfile:T24:Caching:Customers:Customers": {
    "VMA": "true",
    "BOQ": "true",
    "MEB": "true"
  },
  "CustomerTransactions:T24:Caching:Customers:Customers": {
    "VMA": "true",
    "BOQ": "true",
    "MEB": "true"
  },
  "ProductCommunicationsFuncApp:T24:Caching:Customers:Customers": {
    "VMA": "true",
    "BOQ": "true",
    "MEB": "true"
  },
  "RegisterAccountPfm:T24:Caching:Customers:Customers": {
    "VMA": "true",
    "BOQ": "true",
    "MEB": "true"
  },
  "CustomerPfm:T24:Caching:Customers:Customers": {
    "VMA": "true",
    "BOQ": "true",
    "MEB": "true"
  },
  "MigratedTransactionsFn:MastercardDebatch:Cron": {
    "MEB": "0 */5 * * * *"
  },
  "MigratedTransactionsFn:ReconciliationDebatch:Cron": {
    "MEB": "0 */5 * * * *"
  },
  "NppService:T24:Caching:Customers:Customers": {
    "VMA": "true",
    "BOQ": "true",
    "MEB": "true"
  },
  "DebitCardEventHandler:T24:Caching:Customers:Customers": {
    "VMA": "true",
    "BOQ": "true",
    "MEB": "true"
  },
  "Communications:T24:Caching:Customers:Customers": {
    "VMA": "true",
    "BOQ": "true",
    "MEB": "true"
  },
  "CommsSub:T24:Caching:Customers:Customers": {
    "VMA": "true",
    "BOQ": "true",
    "MEB": "true"
  },
  "PaymentComms:T24:Caching:Customers:Customers": {
    "VMA": "true",
    "BOQ": "true",
    "MEB": "true"
  },
  "DebitCardApi:T24:Caching:Customers:Customers": {
    "VMA": "true",
    "BOQ": "true",
    "MEB": "true"
  },
  "PaymentInitiation:T24:Caching:Customers:Customers": {
    "VMA": "true",
    "BOQ": "true",
    "MEB": "true"
  },
  "ConsentWorkflowMgmtFuncApp:T24:Caching:Customers:Customers": {
    "VMA": "true",
    "BOQ": "true",
    "MEB": "true"
  },
  "DirectDebitApi:T24:Caching:Customers:Customers": {
    "VMA": "true",
    "BOQ": "true",
    "MEB": "true"
  },
  "CustomerProfileFn:T24:Caching:Customers:Customers": {
    "VMA": "true",
    "BOQ": "true",
    "MEB": "true"
  },
  "AuthorizationAccessControl:TableStorage:EntitlementCheckReport:StorageConnectionString": {
    "VMA": "{\"uri\":\"$(keyVaultBaseUrl)/kv-table-storage-connection-string\"}",
    "BOQ": "{\"uri\":\"$(keyVaultBaseUrl)/kv-table-storage-connection-string\"}",
    "MEB": "{\"uri\":\"$(keyVaultBaseUrl)/kv-table-storage-connection-string\"}"
  },
  "check-entitlement-enabled": {
    "VMA": "false",
    "BOQ": "false",
    "MEB": "false"
  },
  "AuthorizationAccessControl:EntitlementPolicies:0:EnforcementLevel": {
    "VMA": "disabled",
    "BOQ": "disabled",
    "MEB": "disabled"
  },
  "CustomerCampaignEntityApiClient:ApimSubscriptionKey": {
    "VMA": "secret",
    "BOQ": "secret",
    "MEB": "secret"
  },
  "BenefitsPricingApi:ApimSubscriptionKey": {
    "VMA": "secret",
    "BOQ": "secret",
    "MEB": "secret"
  }
}
