{
  "environment": {
    "VMA": "tst01",
    "BOQ": "tst01",
    "MEB": "tst01"
  },
  "keyVaultName": {
    "VMA": "tst-edc-denovo-kv01",
    "BOQ": "tst-edc-boq-kv01",
    "MEB": "tst01-edc-meb-kv01"
  },
  "cosmosDbName": {
    "VMA": "$(environment)-edc-dib-vma-cdb01",
    "BOQ": "$(environment)-edc-dib-boq-cdb01",
    "MEB": "$(environment)-edc-dib-meb-cdb01"
  },
  "WebAppDomain": {
    "VMA": "tst-edc-denovo-ase01.appserviceenvironmenet.net",
    "BOQ": "tst-edc-denovo-ase01.appserviceenvironmenet.net",
    "MEB": "privatelink.azurewebsites.net"
  },
  "apimName": {
    "VMA": "$(environment)-$(region.code)-dib-apim$(apimInstance)",
    "BOQ": "$(environment)-$(region.code)-dib-apim$(apimInstance)",
    "MEB": "$(environment)-$(region.code)-dib-apim$(apimInstance)"
  },
  "Ciam:SystemSubscriptionKey": {
    "VMA": "{\"uri\":\"$(keyVaultBaseUrl)/ciamGatewaySystemToken\"}",
    "BOQ": "{\"uri\":\"$(keyVaultBaseUrl)/ciamGatewaySystemToken\"}",
    "MEB": "{\"uri\":\"$(keyVaultBaseUrl)/ciamGatewaySystemToken\"}"
  },
  "CitiGateway:CitiClientId": {
    "VMA": "{\"uri\":\"$(keyVaultBaseUrl)/citiGatewayClientId\"}",
    "BOQ": "{\"uri\":\"$(keyVaultBaseUrl)/citiGatewayClientId\"}",
    "MEB": "{\"uri\":\"$(keyVaultBaseUrl)/citiGatewayClientId\"}"
  },
  "CitiGateway:BasicAuthCredential": {
    "VMA": "{\"uri\":\"$(keyVaultBaseUrl)/ext-citibank-basic-auth-credential\"}",
    "BOQ": "{\"uri\":\"$(keyVaultBaseUrl)/ext-citibank-basic-auth-credential\"}",
    "MEB": "{\"uri\":\"$(keyVaultBaseUrl)/ext-citibank-basic-auth-credential\"}"
  },
  "shared.project": {
    "VMA": "denovo",
    "BOQ": "boq",
    "MEB": "meb"
  },
  "ext-temenos-environment": {
    "VMA": "tst",
    "BOQ": "tst",
    "MEB": "tst01"
  },
  "Integration:SubscriptionKey": {
    "VMA": "{\"uri\":\"$(keyVaultBaseUrl)/integrationSubscriptionKey\"}",
    "BOQ": "{\"uri\":\"$(keyVaultBaseUrl)/integrationSubscriptionKey\"}",
    "MEB": "{\"uri\":\"$(keyVaultBaseUrl)/integrationSubscriptionKey\"}"
  },
  "FrolloService:ListAccountsUri": {
    "VMA": "/client/v2/aggregation/accounts",
    "BOQ": "/client/v2/aggregation/accounts",
    "MEB": "/client/v2/aggregation/accounts"
  },
  "T24:Package": {
    "VMA": "VMAirisR19/api/v1.0.0/",
    "BOQ": "VMAirisR19/api/v1.0.0/",
    "MEB": "VMAirisR19/api/v1.0.0/"
  },
  "T24:R22Package": {
    "VMA": "irf-provider-container-22.0.113/api/v1.0.0/",
    "BOQ": "irf-provider-container-22.0.113/api/v1.0.0/",
    "MEB": "irf-provider-container-22.0.113/api/v1.0.0/"
  },
  "T24:countries-path-url": {
    "VMA": "irf-provider-container-202003.0.3/api/v1.0.0/reference/countries?page_size=300",
    "BOQ": "irf-provider-container-202003.0.3/api/v1.0.0/reference/countries?page_size=300",
    "MEB": "irf-provider-container-22.0.113/api/v1.0.0/reference/countries?page_size=300"
  },
  "Ods:OdsAccountsServiceEndpoint": {
    "VMA": "https://tst-edc-denovo-cdb01.documents.azure.com:443/",
    "BOQ": "https://tst-edc-boq-cdb01.documents.azure.com:443/",
    "MEB": "https://tst01-edc-meb-cdb01.documents.azure.com:443/"
  },
  "Ods:OdsAccountsAuthKey": {
    "VMA": "{\"uri\":\"$(keyVaultBaseUrl)/odsKey\"}",
    "BOQ": "{\"uri\":\"$(keyVaultBaseUrl)/odsKey\"}",
    "MEB": "{\"uri\":\"$(keyVaultBaseUrl)/odsKey\"}"
  },
  "odsKey": {
    "VMA": "{\"uri\":\"$(keyVaultBaseUrl)/odsKey\"}",
    "BOQ": "{\"uri\":\"$(keyVaultBaseUrl)/odsKey\"}",
    "MEB": "{\"uri\":\"$(keyVaultBaseUrl)/odsKey\"}"
  },
  "useServiceBusAlias": {
    "VMA": "true",
    "BOQ": "true",
    "MEB": "true"
  },
  "ApimSubscriptionKey": {
    "VMA": "{\"uri\":\"$(keyVaultBaseUrl)/apimSubscriptionKey\"}",
    "BOQ": "{\"uri\":\"$(keyVaultBaseUrl)/apimSubscriptionKey\"}",
    "MEB": "{\"uri\":\"$(keyVaultBaseUrl)/apimSubscriptionKey\"}"
  },
  "T24:ApimSubscriptionKey": {
    "VMA": "{\"uri\":\"$(keyVaultBaseUrl)/apimSubscriptionKey\"}",
    "BOQ": "{\"uri\":\"$(keyVaultBaseUrl)/apimSubscriptionKey\"}",
    "MEB": "{\"uri\":\"$(keyVaultBaseUrl)/apimSubscriptionKey\"}"
  },
  "ext-customeridentity-ciamurl": {
    "VMA": "https://sit2.id.aws-boq",
    "BOQ": "https://sit2.id.aws-boq",
    "MEB": "https://sit2.id.aws-boq"
  },
  "ext-customeridentity-introspect-ciamurl": {
    "VMA": "$(ext-customeridentity-ciamurl)/am/oauth2/introspect",
    "BOQ": "$(ext-customeridentity-ciamurl)/am/oauth2/introspect",
    "MEB": "$(ext-customeridentity-ciamurl)/am/oauth2/introspect"
  },
  "ext-customeridentity-clientId": {
    "VMA": "IntegrationAPIGateway",
    "BOQ": "IntegrationAPIGateway",
    "MEB": "IntegrationAPIGateway"
  },
  "ext-customeridentity-clientSecret": {
    "VMA": "{\"uri\":\"$(keyVaultBaseUrl)/ext-customeridentity-clientSecret\"}",
    "BOQ": "{\"uri\":\"$(keyVaultBaseUrl)/ext-customeridentity-clientSecret\"}",
    "MEB": "{\"uri\":\"$(keyVaultBaseUrl)/ext-customeridentity-clientSecret\"}"
  },
  "sec.internal-whitelist-ip-begin-range": {
    "VMA": "10.231.0.0",
    "BOQ": "10.231.0.0",
    "MEB": "10.231.0.0"
  },
  "sec.internal-whitelist-ip-end-range": {
    "VMA": "10.231.255.255",
    "BOQ": "10.231.255.255",
    "MEB": "10.231.255.255"
  },
  "edc.internal-whitelist-ip-begin-range": {
    "VMA": "10.228.198.0",
    "BOQ": "10.228.198.96",
    "MEB": "10.228.198.192"
  },
  "edc.internal-whitelist-ip-end-range": {
    "VMA": "10.231.135.126",
    "BOQ": "10.231.135.126",
    "MEB": "10.231.135.126"
  },
  "sdc.internal-whitelist-ip-begin-range": {
    "VMA": "10.231.0.0",
    "BOQ": "10.231.0.0",
    "MEB": "10.231.0.0"
  },
  "sdc.internal-whitelist-ip-end-range": {
    "VMA": "10.231.255.255",
    "BOQ": "10.231.255.255",
    "MEB": "10.231.255.255"
  },
  "sec.internal-whitelist-ip-begin-range-2": {
    "VMA": "10.231.208.0",
    "BOQ": "10.231.208.0",
    "MEB": "10.231.208.0"
  },
  "sec.internal-whitelist-ip-end-range-2": {
    "VMA": "10.231.208.63",
    "BOQ": "10.231.208.63",
    "MEB": "10.231.208.63"
  },
  "Ciam:Issuer": {
    "VMA": "http://am-b1.sit2.id.aws-boq:8080/openam/oauth2/realms/root/realms/vma",
    "BOQ": "http://am-b1.sit2.id.aws-boq:8080/openam/oauth2/realms/root/realms/boq",
    "MEB": "http://am-b1.sit2.id.aws-boq:8080/openam/oauth2/realms/root/realms/meb"
  },
  "StandardAuthorization:CiamIssuer": {
    "VMA": "http://am-b1.sit2.id.aws-boq:8080/openam/oauth2/realms/root/realms/vma",
    "BOQ": "http://am-b1.sit2.id.aws-boq:8080/openam/oauth2/realms/root/realms/boq",
    "MEB": "http://am-b1.sit2.id.aws-boq:8080/openam/oauth2/realms/root/realms/meb"
  },
  "StandardAuthorization:ReturnGenericErrorMessages": {
    "VMA": "false",
    "BOQ": "false",
    "MEB": "false"
  },
  "StandardAuthorization:CiamSubscriptionKey": {
    "VMA": "{\"uri\":\"$(keyVaultBaseUrl)/ciamSubscriptionKey\"}",
    "BOQ": "{\"uri\":\"$(keyVaultBaseUrl)/ciamSubscriptionKey\"}",
    "MEB": "{\"uri\":\"$(keyVaultBaseUrl)/ciamSubscriptionKey\"}"
  },
  "ServiceBus:ConnectionString01": {
    "VMA": "{\"uri\":\"$(keyVaultBaseUrl)/serviceBusConnectionString01\"}",
    "BOQ": "{\"uri\":\"$(keyVaultBaseUrl)/serviceBusConnectionString01\"}",
    "MEB": "{\"uri\":\"$(keyVaultBaseUrl)/serviceBusConnectionString01\"}"
  },
  "ServiceBus:ConnectionString02": {
    "VMA": "{\"uri\":\"$(keyVaultBaseUrl)/serviceBusConnectionString02\"}",
    "BOQ": "{\"uri\":\"$(keyVaultBaseUrl)/serviceBusConnectionString02\"}",
    "MEB": "{\"uri\":\"$(keyVaultBaseUrl)/serviceBusConnectionString02\"}"
  },
  "aemBackendUrl": {
    "VMA": "https://vma.test.bankofqueensland.adobecqms.net",
    "BOQ": "https://boq.test.bankofqueensland.adobecqms.net",
    "MEB": "https://boq.test.bankofqueensland.adobecqms.net"
  },
  "ext-t24-url": {
    "VMA": "http://10.110.52.46:8080",
    "BOQ": "http://10.110.52.46:8080",
    "MEB": "http://10.110.52.46:8080"
  },
  "kv-t24-password-url": {
    "VMA": "{\"uri\":\"$(keyVaultBaseUrl)/ext-t24-password\"}",
    "BOQ": "{\"uri\":\"$(keyVaultBaseUrl)/ext-t24-password\"}",
    "MEB": "{\"uri\":\"$(keyVaultBaseUrl)/ext-t24-password\"}"
  },
  "keyVaultBaseUrl": {
    "VMA": "https://tst01-edc-dib-vma-kv.vault.azure.net/secrets",
    "BOQ": "https://tst01-edc-dib-boq-kv.vault.azure.net/secrets",
    "MEB": "https://tst01-edc-dib-meb-kv.vault.azure.net/secrets"
  },
  "use-t24-apim": {
    "VMA": "false",
    "BOQ": "false",
    "MEB": "false"
  },
  "ext-t24-subscription-key": {
    "VMA": "{\"uri\":\"$(keyVaultBaseUrl)/ext-t24-subscription-key\"}",
    "BOQ": "{\"uri\":\"$(keyVaultBaseUrl)/ext-t24-subscription-key\"}",
    "MEB": "{\"uri\":\"$(keyVaultBaseUrl)/ext-t24-subscription-key\"}"
  },
  "ext-adminidentity-clientId": {
    "VMA": "VMAAdmin",
    "BOQ": "CIAMAdminPortal",
    "MEB": "CIAMAdminPortal"
  },
  "ciamAdmin-aadTenantId": {
    "VMA": "b0e7ed13-0b42-4ca9-82f8-c753aecbae79",
    "BOQ": "b0e7ed13-0b42-4ca9-82f8-c753aecbae79",
    "MEB": "b0e7ed13-0b42-4ca9-82f8-c753aecbae79"
  },
  "int-ciam-url": {
    "VMA": "https://tstedcdenovociamportal01.z8.web.core.windows.net/",
    "BOQ": "https://tstedcdenovociamportal01.z8.web.core.windows.net/",
    "MEB": "https://tstedcdenovociamportal01.z8.web.core.windows.net/"
  },
  "int-ciam-admin-origin": "https://tstedcdenovociamportal01.z8.web.core.windows.net/",
  "ext-adminidentity-clientsecret": {
    "VMA": "{\"uri\":\"$(keyVaultBaseUrl)/ext-adminidentity-clientsecret\"}",
    "BOQ": "{\"uri\":\"$(keyVaultBaseUrl)/ext-adminidentity-clientsecret\"}",
    "MEB": "{\"uri\":\"$(keyVaultBaseUrl)/ext-adminidentity-clientsecret\"}"
  },
  "ciam-portal-applicationid": {
    "VMA": "api://d465226e-2ea6-44c9-96a3-db0213cca3d1",
    "BOQ": "api://d465226e-2ea6-44c9-96a3-db0213cca3d1",
    "MEB": "api://d465226e-2ea6-44c9-96a3-db0213cca3d1"
  },
  "crm-backend-host": {
    "VMA": "https://cepboqhlxsit.crm6.dynamics.com/",
    "BOQ": "https://cepboqhlxsit.crm6.dynamics.com/",
    "MEB": "https://cepboqhlxsit.crm6.dynamics.com/"
  },
  "CosmosDb:ResourceKey": {
    "VMA": "{\"uri\":\"$(keyVaultBaseUrl)/cosmosdb-$(cosmosDbName)-Key01\"}",
    "BOQ": "{\"uri\":\"$(keyVaultBaseUrl)/cosmosdb-$(cosmosDbName)-Key01\"}",
    "MEB": "{\"uri\":\"$(keyVaultBaseUrl)/cosmosdb-$(cosmosDbName)-Key01\"}"
  },
  "apim-base-url": {
    "VMA": "https://$(apimName).azure-api.net",
    "BOQ": "https://$(apimName).azure-api.net/BOQ",
    "MEB": "https://$(apimName).azure-api.net/MEB"
  },
  "apim-base-url-external": {
    "VMA": "https://api.tst01.denovo.boqdev.com.au",
    "BOQ": "https://api.tst01.boq.boqdev.com.au",
    "MEB": "https://api.tst01.meb.boqdev.com.au"
  },
  "OcpApimSubscriptionKey": {
    "VMA": "{\"uri\":\"$(keyVaultBaseUrl)/OcpApimSubscriptionKey\"}",
    "BOQ": "{\"uri\":\"$(keyVaultBaseUrl)/OcpApimSubscriptionKey\"}",
    "MEB": "{\"uri\":\"$(keyVaultBaseUrl)/OcpApimSubscriptionKey\"}"
  },
  "ExternalApimSubscriptionKey": {
    "VMA": "{\"uri\":\"$(keyVaultBaseUrl)/ExternalApimSubscriptionKey\"}",
    "BOQ": "{\"uri\":\"$(keyVaultBaseUrl)/ExternalApimSubscriptionKey\"}",
    "MEB": "{\"uri\":\"$(keyVaultBaseUrl)/ExternalApimSubscriptionKey\"}"
  },
  "T24:ExternalApimSubscriptionKey": {
    "VMA": "{\"uri\":\"$(keyVaultBaseUrl)/ExternalApimSubscriptionKey\"}",
    "BOQ": "{\"uri\":\"$(keyVaultBaseUrl)/ExternalApimSubscriptionKey\"}",
    "MEB": "{\"uri\":\"$(keyVaultBaseUrl)/ExternalApimSubscriptionKey\"}"
  },
  "crm-oauth-token-request-body": {
    "VMA": "{\"uri\":\"$(keyVaultBaseUrl)/crm-oauth-token-request-body\"}",
    "BOQ": "{\"uri\":\"$(keyVaultBaseUrl)/crm-oauth-token-request-body\"}",
    "MEB": "{\"uri\":\"$(keyVaultBaseUrl)/crm-oauth-token-request-body\"}"
  },
  "MaliciousFileScan:ApiKey": {
    "VMA": "{\"uri\":\"$(keyVaultBaseUrl)/ext-wildfire-apiKey\"}",
    "BOQ": "{\"uri\":\"$(keyVaultBaseUrl)/ext-wildfire-apiKey\"}",
    "MEB": "{\"uri\":\"$(keyVaultBaseUrl)/ext-wildfire-apiKey\"}"
  },
  "AzureAd:TenantId": {
    "VMA": "b0e7ed13-0b42-4ca9-82f8-c753aecbae79",
    "BOQ": "b0e7ed13-0b42-4ca9-82f8-c753aecbae79",
    "MEB": "b0e7ed13-0b42-4ca9-82f8-c753aecbae79"
  },
  "AzureAd:ApplicationId": {
    "VMA": "api://39d49d40-1350-4014-9550-dff9c5d386b1",
    "BOQ": "api://39d49d40-1350-4014-9550-dff9c5d386b1",
    "MEB": "api://39d49d40-1350-4014-9550-dff9c5d386b1"
  },
  "AzureAd:ClientId": {
    "VMA": "b377907f-987a-4de4-8c56-a5f57277d073",
    "BOQ": "b377907f-987a-4de4-8c56-a5f57277d073",
    "MEB": "b377907f-987a-4de4-8c56-a5f57277d073"
  },
  "AzureAd:TokenUrl": {
    "VMA": "$(AzureAd:Instance)$(AzureAd:TenantId)/oauth2/token",
    "BOQ": "$(AzureAd:Instance)$(AzureAd:TenantId)/oauth2/token",
    "MEB": "$(AzureAd:Instance)$(AzureAd:TenantId)/oauth2/token"
  },
  "AzureAd:ClientSecret": {
    "VMA": "{\"uri\":\"$(keyVaultBaseUrl)/ext-wildfire-portal-clientSecret\"}",
    "BOQ": "{\"uri\":\"$(keyVaultBaseUrl)/ext-wildfire-portal-clientSecret\"}",
    "MEB": "{\"uri\":\"$(keyVaultBaseUrl)/ext-wildfire-portal-clientSecret\"}"
  },
  "AzureAd:ExternalAudiences:ApimAzureAd": {
    "VMA": "$(BOQDEV-aadResourceId)",
    "BOQ": "$(BOQDEV-aadResourceId)",
    "MEB": "$(BOQDEV-aadResourceId)"
  },
  "MaliciousFileScan:BlobStorageConnectionString": {
    "VMA": "{\"uri\":\"$(keyVaultBaseUrl)/WildfireBlobStorageConnectionString\"}",
    "BOQ": "{\"uri\":\"$(keyVaultBaseUrl)/WildfireBlobStorageConnectionString\"}",
    "MEB": "{\"uri\":\"$(keyVaultBaseUrl)/WildfireBlobStorageConnectionString\"}"
  },
  "LoyaltyTableStorage:ConnectionString": {
    "VMA": "{\"uri\":\"$(keyVaultBaseUrl)/loyaltyTableStorageConnectionString\"}",
    "BOQ": "{\"uri\":\"$(keyVaultBaseUrl)/loyaltyTableStorageConnectionString\"}",
    "MEB": "{\"uri\":\"$(keyVaultBaseUrl)/loyaltyTableStorageConnectionString\"}"
  },
  "apimInstance": {
    "VMA": "01",
    "BOQ": "01",
    "MEB": "01"
  },
  "ext-cuscal-url": {
    "VMA": "https://qa.api.cuscalext.com:59477",
    "BOQ": "https://qa.api.cuscalext.com:59477",
    "MEB": "https://qa.api.cuscalext.com:59477"
  },
  "ext-cuscal-payments-url": {
    "VMA": "https://qa.api.cuscalext.com:59475/",
    "BOQ": "https://qa.api.cuscalext.com:59475/",
    "MEB": "https://qa.api.cuscalext.com:59475/"
  },
  "ext-cuscal-cert-id": {
    "VMA": "cuscaldev",
    "BOQ": "private-dev-nonprod-BOQ-com-au",
    "MEB": "meb2cuscal"
  },
  "ext-bpay-url": {
    "VMA": "https://ct-api.bpaygroup.com.au/",
    "BOQ": "https://ct-api.bpaygroup.com.au/",
    "MEB": "https://ct-api.bpaygroup.com.au/"
  },
  "kv-bpay-app-id-url": {
    "VMA": "{\"uri\":\"$(keyVaultBaseUrl)/bpay-app-id\"}",
    "BOQ": "{\"uri\":\"$(keyVaultBaseUrl)/bpay-app-id\"}",
    "MEB": "{\"uri\":\"$(keyVaultBaseUrl)/bpay-app-id\"}"
  },
  "kv-bpay-client-id-url": {
    "VMA": "{\"uri\":\"$(keyVaultBaseUrl)/bpay-client-id\"}",
    "BOQ": "{\"uri\":\"$(keyVaultBaseUrl)/bpay-client-id\"}",
    "MEB": "{\"uri\":\"$(keyVaultBaseUrl)/bpay-client-id\"}"
  },
  "kv-bpay-client-secret-url": {
    "VMA": "{\"uri\":\"$(keyVaultBaseUrl)/bpay-client-secret\"}",
    "BOQ": "{\"uri\":\"$(keyVaultBaseUrl)/bpay-client-secret\"}",
    "MEB": "{\"uri\":\"$(keyVaultBaseUrl)/bpay-client-secret\"}"
  },
  "ext-corelogic-url": {
    "VMA": "https://api-uat.corelogic.asia/",
    "BOQ": "https://api-uat.corelogic.asia/",
    "MEB": "https://api-uat.corelogic.asia/"
  },
  "ext-corelogic-auth-url": {
    "VMA": "https://api-uat.corelogic.asia/",
    "BOQ": "https://api-uat.corelogic.asia/",
    "MEB": "https://api-uat.corelogic.asia/"
  },
  "kv-corelogic-client-id-url": {
    "VMA": "{\"uri\":\"$(keyVaultBaseUrl)/corelogic-client-id\"}",
    "BOQ": "{\"uri\":\"$(keyVaultBaseUrl)/corelogic-client-id\"}",
    "MEB": "{\"uri\":\"$(keyVaultBaseUrl)/corelogic-client-id\"}"
  },
  "kv-corelogic-client-secret-url": {
    "VMA": "{\"uri\":\"$(keyVaultBaseUrl)/corelogic-client-secret\"}",
    "BOQ": "{\"uri\":\"$(keyVaultBaseUrl)/corelogic-client-secret\"}",
    "MEB": "{\"uri\":\"$(keyVaultBaseUrl)/corelogic-client-secret\"}"
  },
  "SourceQueueName": {
    "VMA": "t24ifinboundqueue46",
    "BOQ": "boqt24ifinboundqueue46",
    "MEB": "mebt24ifinboundqueue46"
  },
  "T24ServiceBus:ConnectionString01": {
    "VMA": "{\"uri\":\"$(keyVaultBaseUrl)/T24ServiceBusConnectionString01\"}",
    "BOQ": "{\"uri\":\"$(keyVaultBaseUrl)/T24ServiceBusConnectionString01\"}",
    "MEB": "{\"uri\":\"$(keyVaultBaseUrl)/T24ServiceBusConnectionString01\"}"
  },
  "T24ServiceBus:ConnectionString02": {
    "VMA": "{\"uri\":\"$(keyVaultBaseUrl)/T24ServiceBusConnectionString02\"}",
    "BOQ": "{\"uri\":\"$(keyVaultBaseUrl)/T24ServiceBusConnectionString02\"}",
    "MEB": "{\"uri\":\"$(keyVaultBaseUrl)/T24ServiceBusConnectionString02\"}"
  },
  "ac-citi-partner-notification-datelimit": {
    "VMA": "5",
    "BOQ": "N/A",
    "MEB": "N/A"
  },
  "ac-citi-partner-notification-blob-connection": {
    "VMA": "{\"uri\":\"$(keyVaultBaseUrl)/citipartner-blob-connection\"}",
    "BOQ": "N/A",
    "MEB": "N/A"
  },
  "ac-snow-partner-notification-destination": {
    "VMA": "Vineetha.Gurrala@boqspecialist.com.au",
    "BOQ": "N/A",
    "MEB": "N/A"
  },
  "ac-snow-notification-basePath": {
    "VMA": "api/now/v1/email",
    "BOQ": "N/A",
    "MEB": "N/A"
  },
  "ac-snow-notification-contact": {
    "VMA": "John Ross",
    "BOQ": "N/A",
    "MEB": "N/A"
  },
  "ac-snow-notification-contactPh": {
    "VMA": "+61491570156",
    "BOQ": "N/A",
    "MEB": "N/A"
  },
  "ac-snow-notification-contactEmail": {
    "VMA": "john.ross@boq.com.au",
    "BOQ": "N/A",
    "MEB": "N/A"
  },
  "ac-citi-partner-notification-tablestore-count": {
    "VMA": "100",
    "BOQ": "N/A",
    "MEB": "N/A"
  },
  "CuscalBic11": {
    "VMA": "VDUTAU21XXX",
    "BOQ": "QBANAU4BXXX",
    "MEB": "QBANAU4BMEB"
  },
  "CuscalIssuer": {
    "VMA": "122778",
    "BOQ": "124899",
    "MEB": "944100"
  },
  "AzureAd:Domain": {
    "VMA": "BOQDEVAzure.onmicrosoft.com",
    "BOQ": "BOQDEVAzure.onmicrosoft.com",
    "MEB": "BOQDEVAzure.onmicrosoft.com"
  },
  "NppLatency:StorageConnectionString": {
    "VMA": "{\"uri\":\"$(keyVaultBaseUrl)/nppLatencyStorageConnectionString\"}",
    "BOQ": "{\"uri\":\"$(keyVaultBaseUrl)/nppLatencyStorageConnectionString\"}",
    "MEB": "{\"uri\":\"$(keyVaultBaseUrl)/nppLatencyStorageConnectionString\"}"
  },
  "Logging-ApplicationInsights:ApplicationInsightsLogLevel": {
    "VMA": "Debug",
    "BOQ": "Debug",
    "MEB": "Debug"
  },
  "Bpay:SubscriptionKey": {
    "VMA": "{\"uri\":\"$(keyVaultBaseUrl)/bpaySubscriptionKey\"}",
    "BOQ": "{\"uri\":\"$(keyVaultBaseUrl)/bpaySubscriptionKey\"}",
    "MEB": "{\"uri\":\"$(keyVaultBaseUrl)/bpaySubscriptionKey\"}"
  },
  "t24KeyVaultName": {
    "VMA": "tst-edc-vmatemenos-kv01",
    "BOQ": "tst-edc-vmatemenos-kv01",
    "MEB": "tst01-edc-vmat24-kv01"
  },
  "FCM:BaseUrl": {
    "VMA": "http://10.110.52.39:8080/",
    "BOQ": "http://10.110.52.39:8080/",
    "MEB": "http://10.110.52.39:8080/"
  },
  "CiamSubscriptionKey": {
    "VMA": "{\"uri\":\"$(keyVaultBaseUrl)/ciamSubscriptionKey\"}",
    "BOQ": "{\"uri\":\"$(keyVaultBaseUrl)/ciamSubscriptionKey\"}",
    "MEB": "{\"uri\":\"$(keyVaultBaseUrl)/ciamSubscriptionKey\"}"
  },
  "AzureAd:ResourceId": {
    "VMA": "api://39d49d40-1350-4014-9550-dff9c5d386b1",
    "BOQ": "api://39d49d40-1350-4014-9550-dff9c5d386b1",
    "MEB": "api://39d49d40-1350-4014-9550-dff9c5d386b1"
  },
  "Fiserv:SubscriptionKey": {
    "VMA": "{\"uri\":\"$(keyVaultBaseUrl)/fiservSubscriptionKey\"}",
    "BOQ": "{\"uri\":\"$(keyVaultBaseUrl)/fiservSubscriptionKey\"}",
    "MEB": "{\"uri\":\"$(keyVaultBaseUrl)/fiservSubscriptionKey\"}"
  },
  "Des:Component1": {
    "VMA": "{\"uri\":\"$(keyVaultBaseUrl)/desComponent1\"}",
    "BOQ": "{\"uri\":\"$(keyVaultBaseUrl)/desComponent1\"}",
    "MEB": "{\"uri\":\"$(keyVaultBaseUrl)/desComponent1\"}"
  },
  "Des:Component2": {
    "VMA": "{\"uri\":\"$(keyVaultBaseUrl)/desComponent2\"}",
    "BOQ": "{\"uri\":\"$(keyVaultBaseUrl)/desComponent2\"}",
    "MEB": "{\"uri\":\"$(keyVaultBaseUrl)/desComponent2\"}"
  },
  "Des:Component3": {
    "VMA": "{\"uri\":\"$(keyVaultBaseUrl)/desComponent3\"}",
    "BOQ": "{\"uri\":\"$(keyVaultBaseUrl)/desComponent3\"}",
    "MEB": "{\"uri\":\"$(keyVaultBaseUrl)/desComponent3\"}"
  },
  "ApplePay:Base64RootCert": {
    "VMA": "{\"uri\":\"$(keyVaultBaseUrl)/appleRootCertBase64\"}",
    "BOQ": "{\"uri\":\"$(keyVaultBaseUrl)/appleRootCertBase64\"}",
    "MEB": "{\"uri\":\"$(keyVaultBaseUrl)/appleRootCertBase64\"}"
  },
  "WEBSITE_LOAD_ROOT_CERTIFICATES": {
    "VMA": "{\"uri\":\"$(keyVaultBaseUrl)/websiteLoadRootCertificates\"}",
    "BOQ": "{\"uri\":\"$(keyVaultBaseUrl)/websiteLoadRootCertificates\"}",
    "MEB": "{\"uri\":\"$(keyVaultBaseUrl)/websiteLoadRootCertificates\"}"
  },
  "External-Product:SubscriptionKey": {
    "VMA": "{\"uri\":\"$(keyVaultBaseUrl)/external-product-subscriptionkey\"}",
    "BOQ": "{\"uri\":\"$(keyVaultBaseUrl)/external-product-subscriptionkey\"}",
    "MEB": "{\"uri\":\"$(keyVaultBaseUrl)/external-product-subscriptionkey\"}"
  },
  "ProductSubscriberMockService:BaseUrl": {
    "VMA": "https://dea27465-189a-4b53-8184-7d885e0bb540.mock.pstmn.io",
    "BOQ": "https://dea27465-189a-4b53-8184-7d885e0bb540.mock.pstmn.io",
    "MEB": "https://dea27465-189a-4b53-8184-7d885e0bb540.mock.pstmn.io"
  },
  "ProductSubscriberMockService:GetProductsPath": {
    "VMA": "/v1/products",
    "BOQ": "/v1/products",
    "MEB": "/v1/products"
  },
  "ProductSubscriberService:BaseUrl": {
    "VMA": "https://api.tst01.denovo.boqdev.com.au",
    "BOQ": "https://api.tst01.denovo.boqdev.com.au/BOQ",
    "MEB": "https://tst01-edc-denovo-apim01.azure-api.net/MEB"
  },
  "ProductSubscriberService:GetProductsPath": {
    "VMA": "/product-subscription/v1/products",
    "BOQ": "/product-subscription/v1/products",
    "MEB": "/product-subscription/v1/products"
  },
  "ProductSubscriptionMockService:BaseUrl": {
    "VMA": "https://dea27465-189a-4b53-8184-7d885e0bb540.mock.pstmn.io",
    "BOQ": "https://dea27465-189a-4b53-8184-7d885e0bb540.mock.pstmn.io",
    "MEB": "https://dea27465-189a-4b53-8184-7d885e0bb540.mock.pstmn.io"
  },
  "ProductSubscriptionMockService:GetProductsPath": {
    "VMA": "/v1/products",
    "BOQ": "/v1/products",
    "MEB": "/v1/products"
  },
  "ProductSubscriptionService:BaseUrl": {
    "VMA": "https://tste-db-vma-product-subscription-as.tst-edc-denovo-ase01.appserviceenvironmenet.net/",
    "BOQ": "https://tste-db-boq-product-subscription-as.tst-edc-denovo-ase01.appserviceenvironmenet.net/",
    "MEB": "https://tst01e-db-meb-product-subscription-as.privatelink.azurewebsites.net/"
  },
  "ProductSubscriptionService:GetProductsPath": {
    "VMA": "product-subscription/v1/products",
    "BOQ": "product-subscription/v1/products",
    "MEB": "product-subscription/v1/products"
  },
  "PaymentLimitsMockService:BaseUrl": {
    "VMA": "https://8131ba63-7e68-44af-ae4c-0d5a11dadf9f.mock.pstmn.io",
    "BOQ": "https://8131ba63-7e68-44af-ae4c-0d5a11dadf9f.mock.pstmn.io",
    "MEB": "https://8131ba63-7e68-44af-ae4c-0d5a11dadf9f.mock.pstmn.io"
  },
  "PaymentLimitsMockService:GetPaymentLimitsUri": {
    "VMA": "/payment-limits/v1/limits",
    "BOQ": "/payment-limits/v1/limits",
    "MEB": "/payment-limits/v1/limits"
  },
  "T24Mock:BaseUrl": {
    "VMA": "https://e89ec4eb-ced5-452e-b9cf-5191e32fd8d7.mock.pstmn.io/t24/v1/",
    "BOQ": "https://e89ec4eb-ced5-452e-b9cf-5191e32fd8d7.mock.pstmn.io/t24/v1/",
    "MEB": "https://e89ec4eb-ced5-452e-b9cf-5191e32fd8d7.mock.pstmn.io/t24/v1/"
  },
  "T24Mock:Package": {
    "VMA": "/VMAirisR19/api/v1.0.0",
    "BOQ": "/VMAirisR19/api/v1.0.0",
    "MEB": "/VMAirisR19/api/v1.0.0"
  },
  "CustomerAccounts:SubscriptionKey": {
    "VMA": "{\"uri\":\"$(keyVaultBaseUrl)/OcpApimSubscriptionKey\"}",
    "BOQ": "{\"uri\":\"$(keyVaultBaseUrl)/InternalApimSubscriptionKey\"}",
    "MEB": "{\"uri\":\"$(keyVaultBaseUrl)/InternalApimSubscriptionKey\"}"
  },
  "MobileConfigurationLocation": {
    "VMA": "{\"uri\":\"$(keyVaultBaseUrl)/mobileConfigurationSasUrl\"}",
    "BOQ": "{\"uri\":\"$(keyVaultBaseUrl)/mobileConfigurationSasUrl\"}",
    "MEB": "{\"uri\":\"$(keyVaultBaseUrl)/mobileConfigurationSasUrl\"}"
  },
  "NppStore:ConnectionString": {
    "VMA": "{\"uri\":\"$(keyVaultBaseUrl)/payment-npp-storage-secret\"}",
    "BOQ": "{\"uri\":\"$(keyVaultBaseUrl)/payment-npp-storage-secret\"}",
    "MEB": "{\"uri\":\"$(keyVaultBaseUrl)/payment-npp-storage-secret\"}"
  },
  "Cuscal:VmaBic11": {
    "VMA": "VDUTAU21XXX",
    "BOQ": "QBANAU4BXXX",
    "MEB": "QBANAU4BMEB"
  },
  "Cuscal:LegacyBic11": {
    "MEB": "MEQBAU3MXXX"
  },
  "Cuscal:LegacyIssuer": {
    "MEB": "944600"
  },
  "Xrm:DefaultOwnerId": {
    "VMA": "177743a8-7223-ed11-9db1-00224818a883",
    "BOQ": "f873d202-8fa1-ec11-b400-0022481844a0",
    "MEB": "670004b7-7223-ed11-9db1-00224818a883"
  },
  "XrmAuth:TenantId": {
    "VMA": "8cfb3129-62e1-46d9-99ef-6d3641a7f007",
    "BOQ": "8cfb3129-62e1-46d9-99ef-6d3641a7f007",
    "MEB": "8cfb3129-62e1-46d9-99ef-6d3641a7f007"
  },
  "XrmAuth:ClientId": {
    "VMA": "{\"uri\":\"$(keyVaultBaseUrl)/xrm-auth-client-id\"}",
    "BOQ": "SECRET",
    "MEB": "SECRET"
  },
  "XrmAuth:ClientSecret": {
    "VMA": "{\"uri\":\"$(keyVaultBaseUrl)/xrm-auth-client-secret\"}",
    "BOQ": "SECRET",
    "MEB": "SECRET"
  },
  "ext-hce-url": {
    "VMA": "https://203.17.35.142:553",
    "BOQ": "https://vision-api-au-sit.firstdata.com:8443",
    "MEB": "https://vision-api-au-sit.firstdata.com:8443"
  },
  "CiamGateway:ProductSubscriptionKey": {
    "VMA": "{\"uri\":\"$(keyVaultBaseUrl)/ciamGatewaySystemToken\"}",
    "BOQ": "{\"uri\":\"$(keyVaultBaseUrl)/ciamGatewaySystemToken\"}",
    "MEB": "{\"uri\":\"$(keyVaultBaseUrl)/ciamGatewaySystemToken\"}"
  },
  "integration-public-key": {
    "VMA": "{\"uri\":\"$(keyVaultBaseUrl)/integration-public-key\"}",
    "BOQ": "{\"uri\":\"$(keyVaultBaseUrl)/integration-public-key\"}",
    "MEB": "{\"uri\":\"$(keyVaultBaseUrl)/integration-public-key\"}"
  },
  "kv-cuscal-issuer-name-url": {
    "VMA": "{\"uri\":\"$(keyVaultBaseUrl)/cuscal-issuer-name\"}",
    "BOQ": "{\"uri\":\"$(keyVaultBaseUrl)/cuscal-issuer-name\"}",
    "MEB": "{\"uri\":\"$(keyVaultBaseUrl)/cuscal-issuer-name\"}"
  },
  "kv-cuscal-subject-url": {
    "VMA": "{\"uri\":\"$(keyVaultBaseUrl)/cuscal-cert-subject\"}",
    "BOQ": "{\"uri\":\"$(keyVaultBaseUrl)/cuscal-cert-subject\"}",
    "MEB": "{\"uri\":\"$(keyVaultBaseUrl)/cuscal-cert-subject\"}"
  },
  "kv-cuscal-thumbprint-url": {
    "VMA": "{\"uri\":\"$(keyVaultBaseUrl)/cuscal-cert-thumbprint\"}",
    "BOQ": "{\"uri\":\"$(keyVaultBaseUrl)/cuscal-cert-thumbprint\"}",
    "MEB": "{\"uri\":\"$(keyVaultBaseUrl)/cuscal-cert-thumbprint\"}"
  },
  "ext-fiserv-url": {
    "VMA": "https://203.17.35.157:2443",
    "BOQ": "https://203.17.35.157:2443",
    "MEB": "https://203.17.35.157:2443"
  },
  "ext-fiserv-applicationid": {
    "VMA": "api://39d49d40-1350-4014-9550-dff9c5d386b1",
    "BOQ": "api://39d49d40-1350-4014-9550-dff9c5d386b1",
    "MEB": "api://39d49d40-1350-4014-9550-dff9c5d386b1"
  },
  "ext-pega-applicationid": {
    "VMA": "api://dev-pega-mediator-apim-aadapp",
    "BOQ": "api://dev-pega-mediator-apim-aadapp",
    "MEB": "api://dev-pega-mediator-apim-aadapp"
  },
  "ext-cep-applicationid": {
    "VMA": "9cd6cf3b-79a4-476d-8da1-e1ca320a92bf",
    "BOQ": "9cd6cf3b-79a4-476d-8da1-e1ca320a92bf",
    "MEB": "9cd6cf3b-79a4-476d-8da1-e1ca320a92bf"
  },
  "aadTenantId": {
    "VMA": "b0e7ed13-0b42-4ca9-82f8-c753aecbae79",
    "BOQ": "b0e7ed13-0b42-4ca9-82f8-c753aecbae79",
    "MEB": "b0e7ed13-0b42-4ca9-82f8-c753aecbae79"
  },
  "ext-visa-url": {
    "VMA": "https://cert.api.visa.com/vop/v1",
    "BOQ": "TODO",
    "MEB": "TODO"
  },
  "ext-visa-client-certificate-id": {
    "VMA": "VisaVop",
    "BOQ": "TODO",
    "MEB": "TODO"
  },
  "ext-visa-client-id": {
    "VMA": "{\"uri\":\"$(keyVaultBaseUrl)/ext-visa-client-id\"}",
    "BOQ": "TODO",
    "MEB": "TODO"
  },
  "ext-visa-client-secret": {
    "VMA": "{\"uri\":\"$(keyVaultBaseUrl)/ext-visa-client-secret\"}",
    "BOQ": "TODO",
    "MEB": "TODO"
  },
  "ext-citibank-client-certificate-id": {
    "VMA": "citi2",
    "BOQ": "citi2",
    "MEB": "citi2"
  },
  "ext-citibank-rce-client-id": {
    "VMA": "5241eba3-1462-444d-be2f-c83e4fd93e90",
    "BOQ": "5241eba3-1462-444d-be2f-c83e4fd93e90",
    "MEB": "5241eba3-1462-444d-be2f-c83e4fd93e90"
  },
  "ext-citibank-url": {
    "VMA": "https://aspac.sandbox.apib2b.citi.com/gcbap",
    "BOQ": "https://aspac.sandbox.apib2b.citi.com/gcbap",
    "MEB": "https://aspac.sandbox.apib2b.citi.com/gcbap"
  },
  "NamedValuesUri": {
    "VMA": "subscriptions/77e16139-608c-47ca-93c9-3cb5c1ea736a/resourceGroups/dev-edc-denovo-tst-web-rg01/providers/Microsoft.ApiManagement/service/tst-edc-denovo-apim01/namedValues/",
    "BOQ": "subscriptions/77e16139-608c-47ca-93c9-3cb5c1ea736a/resourceGroups/dev-edc-denovo-tst-web-rg01/providers/Microsoft.ApiManagement/service/tst-edc-denovo-apim01/namedValues/",
    "MEB": "subscriptions/77e16139-608c-47ca-93c9-3cb5c1ea736a/resourceGroups/dev-edc-denovo-tst-web-rg01/providers/Microsoft.ApiManagement/service/tst-edc-denovo-apim01/namedValues/"
  },
  "edc.NamedValuesUri": {
    "VMA": "subscriptions/77e16139-608c-47ca-93c9-3cb5c1ea736a/resourceGroups/dev-edc-denovo-tst-web-rg01/providers/Microsoft.ApiManagement/service/tst-edc-denovo-apim01/namedValues/",
    "BOQ": "subscriptions/77e16139-608c-47ca-93c9-3cb5c1ea736a/resourceGroups/dev-edc-denovo-tst-web-rg01/providers/Microsoft.ApiManagement/service/tst-edc-denovo-apim01/namedValues/",
    "MEB": "subscriptions/77e16139-608c-47ca-93c9-3cb5c1ea736a/resourceGroups/dev-edc-denovo-tst-web-rg01/providers/Microsoft.ApiManagement/service/tst-edc-denovo-apim01/namedValues/"
  },
  "sdc.NamedValuesUri": {
    "VMA": "subscriptions/77e16139-608c-47ca-93c9-3cb5c1ea736a/resourceGroups/dev-sdc-denovo-tst-web-rg01/providers/Microsoft.ApiManagement/service/tst-sdc-denovo-apim01/namedValues/",
    "BOQ": "subscriptions/77e16139-608c-47ca-93c9-3cb5c1ea736a/resourceGroups/dev-sdc-denovo-tst-web-rg01/providers/Microsoft.ApiManagement/service/tst-sdc-denovo-apim01/namedValues/",
    "MEB": "subscriptions/77e16139-608c-47ca-93c9-3cb5c1ea736a/resourceGroups/dev-sdc-denovo-tst-web-rg01/providers/Microsoft.ApiManagement/service/tst-sdc-denovo-apim01/namedValues/"
  },
  "ext-citibank-rce-basic-auth-credential": {
    "VMA": "{\"uri\":\"$(keyVaultBaseUrl)/ext-citibank-rce-basic-auth-credential\"}",
    "BOQ": "N/A",
    "MEB": "N/A"
  },
  "ext-address-equifaxreferer": {
    "VMA": "DEV.VMA.COM.AU",
    "BOQ": "https://api.tst01.boq.boqdev.com.au",
    "MEB": "https://api.tst01.boq.boqdev.com.au"
  },
  "ext-address-equifaxbasicauth": {
    "VMA": "{\"uri\":\"$(keyVaultBaseUrl)/ext-address-equifaxbasicauth\"}",
    "BOQ": "{\"uri\":\"$(keyVaultBaseUrl)/ext-address-equifaxbasicauth\"}",
    "MEB": "{\"uri\":\"$(keyVaultBaseUrl)/ext-address-equifaxbasicauth\"}"
  },
  "ext-address-equifaxurl": {
    "VMA": "https://services.inivio.com.au/autocomplete/address",
    "BOQ": "https://services.inivio.com.au/autocomplete/address",
    "MEB": "https://services.inivio.com.au/autocomplete/address"
  },
  "FCM:BasicAuthCredential": {
    "VMA": "{\"uri\":\"$(keyVaultBaseUrl)/ext-fcm-basic-auth-credential\"}",
    "BOQ": "{\"uri\":\"$(keyVaultBaseUrl)/ext-fcm-basic-auth-credential\"}",
    "MEB": "{\"uri\":\"$(keyVaultBaseUrl)/ext-fcm-basic-auth-credential\"}"
  },
  "ext-efs-url": {
    "VMA": "https://efs-dev.boqsvdc.com.au/rest/v1",
    "BOQ": "https://efs-dev.boqsvdc.com.au/rest/v1",
    "MEB": "https://efs-dev.boqsvdc.com.au/rest/v1"
  },
  "EfsConfiguration:Username": {
    "VMA": "{\"uri\":\"$(keyVaultBaseUrl)/EfsConfiguration--Username\"}",
    "BOQ": "{\"uri\":\"$(keyVaultBaseUrl)/EfsConfiguration--Username\"}",
    "MEB": "{\"uri\":\"$(keyVaultBaseUrl)/EfsConfiguration--Username\"}"
  },
  "EfsConfiguration:Password": {
    "VMA": "{\"uri\":\"$(keyVaultBaseUrl)/EfsConfiguration--Password\"}",
    "BOQ": "{\"uri\":\"$(keyVaultBaseUrl)/EfsConfiguration--Password\"}",
    "MEB": "{\"uri\":\"$(keyVaultBaseUrl)/EfsConfiguration--Password\"}"
  },
  "EfsConfiguration:XsrfToken": {
    "VMA": "{\"uri\":\"$(keyVaultBaseUrl)/EfsConfiguration--XsrfToken\"}",
    "BOQ": "{\"uri\":\"$(keyVaultBaseUrl)/EfsConfiguration--XsrfToken\"}",
    "MEB": "{\"uri\":\"$(keyVaultBaseUrl)/EfsConfiguration--XsrfToken\"}"
  },
  "Tjm:BaseUrl": {
    "VMA": "https://dev.vma.avoka-transact.com/",
    "BOQ": "https://dev.vma.avoka-transact.com/",
    "MEB": "https://dev.vma.avoka-transact.com/"
  },
  "Tjm:ExternalBaseUrl": {
    "VMA": "$(Tjm:BaseUrl)",
    "BOQ": "$(Tjm:BaseUrl)",
    "MEB": "$(Tjm:BaseUrl)"
  },
  "ext-frollo-url": {
    "VMA": "https://vma-staging.frollo.us/api/admin/",
    "BOQ": "https://boq-staging.frollo.us/api/admin/",
    "MEB": "https://mebank-staging.frollo.us/api/admin/"
  },
  "ext-frollo-api-key": {
    "VMA": "{\"uri\":\"$(keyVaultBaseUrl)/ext-frollo-api-key\"}",
    "BOQ": "{\"uri\":\"$(keyVaultBaseUrl)/ext-frollo-api-key\"}",
    "MEB": "{\"uri\":\"$(keyVaultBaseUrl)/ext-frollo-api-key\"}"
  },
  "FindNearest:BaseUrl": {
    "BOQ": "https://staging-boq.findnearest.com.au",
    "MEB": "https://staging-boq.findnearest.com.au"
  },
  "ext-findnearest-baseurl": {
    "BOQ": "https://staging-boq.findnearest.com.au",
    "MEB": "https://staging-boq.findnearest.com.au"
  },
  "crm-keyvault-name": {
    "VMA": "tst-edc-denovo-kv01",
    "BOQ": "tst-edc-boq-kv01",
    "MEB": "tst01-edc-meb-kv01"
  },
  "ext-safer-payments-url": {
    "VMA": "https://10.229.128.1/v1",
    "BOQ": "https://10.229.128.1/v1",
    "MEB": "https://10.229.128.1/v1"
  },
  "ext-ibm-cert-id": {
    "VMA": "ibmsafe",
    "BOQ": "ibmsafe",
    "MEB": "ibmsafe"
  },
  "ext-aadTenantId": {
    "VMA": "b0e7ed13-0b42-4ca9-82f8-c753aecbae79",
    "BOQ": "b0e7ed13-0b42-4ca9-82f8-c753aecbae79",
    "MEB": "b0e7ed13-0b42-4ca9-82f8-c753aecbae79"
  },
  "ext-openid-config-url": {
    "VMA": "https://login.microsoftonline.com/b0e7ed13-0b42-4ca9-82f8-c753aecbae79/.well-known/openid-configuration",
    "BOQ": "https://login.microsoftonline.com/b0e7ed13-0b42-4ca9-82f8-c753aecbae79/.well-known/openid-configuration",
    "MEB": "https://login.microsoftonline.com/b0e7ed13-0b42-4ca9-82f8-c753aecbae79/.well-known/openid-configuration"
  },
  "ext-wildfire-portal-applicationid": {
    "VMA": "api://39d49d40-1350-4014-9550-dff9c5d386b1",
    "BOQ": "api://39d49d40-1350-4014-9550-dff9c5d386b1",
    "MEB": "api://39d49d40-1350-4014-9550-dff9c5d386b1"
  },
  "ext-genesys-portal-applicationid": {
    "VMA": "api://39d49d40-1350-4014-9550-dff9c5d386b1",
    "BOQ": "api://39d49d40-1350-4014-9550-dff9c5d386b1",
    "MEB": "api://39d49d40-1350-4014-9550-dff9c5d386b1"
  },
  "ext-genesys-url": {
    "VMA": "https://chattest.boq.com.au/",
    "BOQ": "https://chattest.boq.com.au/",
    "MEB": "https://chattest.boq.com.au/"
  },
  "ext-genesys-password": {
    "VMA": "{\"uri\":\"$(keyVaultBaseUrl)/ext-genesys-password\"}",
    "BOQ": "{\"uri\":\"$(keyVaultBaseUrl)/ext-genesys-password\"}",
    "MEB": "{\"uri\":\"$(keyVaultBaseUrl)/ext-genesys-password\"}"
  },
  "ext-servicenow-url": {
    "VMA": "https://boqTest.service-now.com",
    "BOQ": "https://boqTest.service-now.com",
    "MEB": "https://boqTest.service-now.com"
  },
  "ext-servicenow-username": {
    "VMA": "svc-snow-denovo-api",
    "BOQ": "svc-snow-denovo-api",
    "MEB": "svc-snow-denovo-api"
  },
  "ext-servicenow-password": {
    "VMA": "{\"uri\":\"$(keyVaultBaseUrl)/ext-servicenow-password\"}",
    "BOQ": "{\"uri\":\"$(keyVaultBaseUrl)/ext-servicenow-password\"}",
    "MEB": "{\"uri\":\"$(keyVaultBaseUrl)/ext-servicenow-password\"}"
  },
  "ServiceNow:Contact": {
    "VMA": "Test person",
    "BOQ": "Test person"
  },
  "ServiceNow:ContactPhone": {
    "VMA": "+61 491 570 156",
    "BOQ": "+61 491 570 156"
  },
  "ServiceNow:ContactEmail": {
    "VMA": "test@testfake.email.address",
    "BOQ": "test@testfake.email.address"
  },
  "ServiceNow:DestinationEmail": {
    "VMA": "test@testfake.email.address",
    "BOQ": "test@testfake.email.address"
  },
  "ServiceNow:VisaStatementCreditStatusFailureNotificationTemplate:To": {
    "VMA": "loyaltyproductteam@virginmoney.com.au",
    "BOQ": "loyaltyproductteam@virginmoney.com.au",
    "MEB": "loyaltyproductteam@virginmoney.com.au"
  },
  "ServiceNow:VisaStatementCreditStatusFailureNotificationTemplate:Subject": {
    "VMA": "$(environment) | FAILURE | Visa Statement Credit Status Response | CustomerId = {{externalUserId|customerId}}, CardId = {{cardId}}, Reward Amount = {{amount|rewardAmount:N-C}}",
    "BOQ": "$(environment) | FAILURE | Visa Statement Credit Status Response | CustomerId = {{externalUserId|customerId}}, CardId = {{cardId}}, Reward Amount = {{amount|rewardAmount:N-C}}",
    "MEB": "$(environment) | FAILURE | Visa Statement Credit Status Response | CustomerId = {{externalUserId|customerId}}, CardId = {{cardId}}, Reward Amount = {{amount|rewardAmount:N-C}}"
  },
  "int-sms-shared-secret": {
    "VMA": "{\"uri\":\"$(keyVaultBaseUrl)/int-sms-shared-secret\"}",
    "BOQ": "{\"uri\":\"$(keyVaultBaseUrl)/int-sms-shared-secret\"}",
    "MEB": "{\"uri\":\"$(keyVaultBaseUrl)/int-sms-shared-secret\"}"
  },
  "aseName": {
    "VMA": "tst-edc-denovo-ase01",
    "BOQ": "tst-edc-denovo-ase01",
    "MEB": "tst01-edc-denovo-ase01"
  },
  "kv-genesys-cloud-oauth-token-request-body": {
    "VMA": "{\"uri\":\"$(keyVaultBaseUrl)/genesys-cloud-oauth-token-request-body\"}",
    "BOQ": "{\"uri\":\"$(keyVaultBaseUrl)/genesys-cloud-oauth-token-request-body\"}",
    "MEB": "{\"uri\":\"$(keyVaultBaseUrl)/genesys-cloud-oauth-token-request-body\"}"
  },
  "GenesysCloud:IntegrationId": {
    "VMA": "0cde93cb-6d35-46ff-b915-167e64374de1",
    "BOQ": "f5e1a746-b8a6-4536-9099-ff574f808db7",
    "MEB": "0df58cb2-8c5f-438f-a703-84afcf152770"
  },
  "GenesysOptions:ClientId": {
    "VMA": "289e298b-11a2-4991-8b16-ae315fd2551f",
    "BOQ": "289e298b-11a2-4991-8b16-ae315fd2551f",
    "MEB": "289e298b-11a2-4991-8b16-ae315fd2551f"
  },
  "GenesysOptions:Resourceid": {
    "VMA": "api://39d49d40-1350-4014-9550-dff9c5d386b1/.default",
    "BOQ": "api://39d49d40-1350-4014-9550-dff9c5d386b1/.default",
    "MEB": "api://39d49d40-1350-4014-9550-dff9c5d386b1/.default"
  },
  "GenesysOptions:PushMessageEFSPath": {
    "VMA": "https://efs-dev.boqsvdc.com.au",
    "BOQ": "https://efs-dev.boqsvdc.com.au",
    "MEB": "https://efs-dev.boqsvdc.com.au"
  },
  "GenesysOptions:Authority": {
    "VMA": "https://login.microsoftonline.com/b0e7ed13-0b42-4ca9-82f8-c753aecbae79",
    "BOQ": "https://login.microsoftonline.com/b0e7ed13-0b42-4ca9-82f8-c753aecbae79",
    "MEB": "https://login.microsoftonline.com/b0e7ed13-0b42-4ca9-82f8-c753aecbae79"
  },
  "GenesysOptions:ClientSecret": {
    "VMA": "{\"uri\":\"$(keyVaultBaseUrl)/genesysWildcardClientSecret\"}",
    "BOQ": "{\"uri\":\"$(keyVaultBaseUrl)/genesysWildcardClientSecret\"}",
    "MEB": "{\"uri\":\"$(keyVaultBaseUrl)/genesysWildcardClientSecret\"}"
  },
  "GenesysOptions:ChatPath": {
    "VMA": "genesys/2/chat/VMAChat",
    "BOQ": "genesys/2/chat/BOQXChat",
    "MEB": "genesys/2/chat/MEBChat"
  },
  "GenesysOptions:SendPath": {
    "VMA": "genesys/2/chat/VMAChat/{chatId}/send",
    "BOQ": "genesys/2/chat/BOQXChat/{chatId}/send",
    "MEB": "genesys/2/chat/MEBChat/{chatId}/send"
  },
  "GenesysOptions:RefreshPath": {
    "VMA": "genesys/2/chat/VMAChat/{chatId}/refresh",
    "BOQ": "genesys/2/chat/BOQXChat/{chatId}/refresh",
    "MEB": "genesys/2/chat/MEBChat/{chatId}/refresh"
  },
  "GenesysOptions:PushUrlPath": {
    "VMA": "genesys/2/chat/VMAChat/{chatId}/pushUrl",
    "BOQ": "genesys/2/chat/BOQXChat/{chatId}/pushUrl",
    "MEB": "genesys/2/chat/MEBChat/{chatId}/pushUrl"
  },
  "AwsOptions:AccessKey": {
    "VMA": "{\"uri\":\"$(keyVaultBaseUrl)/AWSAccessKey\"}",
    "BOQ": "{\"uri\":\"$(keyVaultBaseUrl)/AWSAccessKey\"}",
    "MEB": "{\"uri\":\"$(keyVaultBaseUrl)/AWSAccessKey\"}"
  },
  "AwsOptions:SecretKey": {
    "VMA": "{\"uri\":\"$(keyVaultBaseUrl)/AWSSecretAccessKey\"}",
    "BOQ": "{\"uri\":\"$(keyVaultBaseUrl)/AWSSecretAccessKey\"}",
    "MEB": "{\"uri\":\"$(keyVaultBaseUrl)/AWSSecretAccessKey\"}"
  },
  "CommunicationLink:WebLink": {
    "VMA": "https://test.vma.avoka-transact.com/ob-vma/servlet/SmartForm.html?formCode=vma-onboard-web&saveChallenge=true&referenceNumber={0}",
    "BOQ": "https://dev.vma.avoka-transact.com/ob-vma/servlet/SmartForm.html?formCode=boq-onboard-webb&saveChallenge=true&referenceNumber={0}",
    "MEB": "https://dev.vma.avoka-transact.com/ob-vma/servlet/SmartForm.html?formCode=boq-onboard-webb&saveChallenge=true&referenceNumber={0}"
  },
  "CommunicationLink:AppLink": {
    "VMA": "https://test.vma.avoka-transact.com/ob-vma/servlet/SmartForm.html?formCode=vma-onboard-web&saveChallenge=true&referenceNumber={0}",
    "BOQ": "https://dev.vma.avoka-transact.com/ob-vma/servlet/SmartForm.html?formCode=boq-onboard-web&saveChallenge=true&referenceNumber={0}",
    "MEB": "https://dev.vma.avoka-transact.com/ob-vma/servlet/SmartForm.html?formCode=boq-onboard-web&saveChallenge=true&referenceNumber={0}"
  },
  "AwsOptions:PlatformArnApple": {
    "VMA": "arn:aws:sns:ap-southeast-2:549892674676:app/APNS/np-apse2-denovo-ios-pa02",
    "BOQ": "arn:aws:sns:ap-southeast-2:549892674676:app/APNS/np-apse2-denovo-ios-pa02",
    "MEB": "arn:aws:sns:ap-southeast-2:549892674676:app/APNS/np-apse2-denovo-ios-pa02"
  },
  "AwsOptions:PlatformArnAndroid": {
    "VMA": "arn:aws:sns:ap-southeast-2:549892674676:app/GCM/np-apse2-denovo-fcm-pa01",
    "BOQ": "arn:aws:sns:ap-southeast-2:549892674676:app/GCM/np-apse2-denovo-fcm-pa01",
    "MEB": "arn:aws:sns:ap-southeast-2:549892674676:app/GCM/np-apse2-denovo-fcm-pa01"
  },
  "AwsOptions:TopicArn": {
    "VMA": "{\"uri\":\"$(keyVaultBaseUrl)/TopicArn\"}",
    "BOQ": "{\"uri\":\"$(keyVaultBaseUrl)/TopicArn\"}",
    "MEB": "{\"uri\":\"$(keyVaultBaseUrl)/TopicArn\"}"
  },
  "AdobeOptions:ExchangeJWTUri": {
    "BOQ": "https://ims-na1.adobelogin.com/ims/exchange/jwt/",
    "MEB": "https://ims-na1.adobelogin.com/ims/exchange/jwt/",
    "VMA": "https://ims-na1.adobelogin.com/ims/exchange/jwt/"
  },
  "AdobeOptions:ClientId": {
    "VMA": "d10902f9a4434870b09ad0234c8225be",
    "BOQ": "d10902f9a4434870b09ad0234c8225be",
    "MEB": "d10902f9a4434870b09ad0234c8225be"
  },
  "AdobeOptions:ClientSecret": {
    "VMA": "{\"uri\":\"$(keyVaultBaseUrl)/AdobeClientSecret\"}",
    "BOQ": "{\"uri\":\"$(keyVaultBaseUrl)/AdobeClientSecret\"}",
    "MEB": "{\"uri\":\"$(keyVaultBaseUrl)/AdobeClientSecret\"}"
  },
  "AdobeOptions:ApiKey": {
    "VMA": "{\"uri\":\"$(keyVaultBaseUrl)/AdobeApiKey\"}",
    "BOQ": "{\"uri\":\"$(keyVaultBaseUrl)/AdobeApiKey\"}",
    "MEB": "{\"uri\":\"$(keyVaultBaseUrl)/AdobeApiKey\"}"
  },
  "AdobeOptions:PrivateKey": {
    "VMA": "https://$(keyVaultName).vault.azure.net/keys/AdobePrivate",
    "BOQ": "https://$(keyVaultName).vault.azure.net/keys/AdobePrivate",
    "MEB": "https://$(keyVaultName).vault.azure.net/keys/AdobePrivate"
  },
  "AdobeOptions:CampaignUriTemplate": {
    "VMA": "https://mc.adobe.io/{0}/campaign/{1}/{2}",
    "BOQ": "https://mc.adobe.io/{0}/campaign/{1}/{2}",
    "MEB": "https://mc.adobe.io/{0}/campaign/{1}/{2}"
  },
  "AdobeOptions:InstanceId": {
    "VMA": "bankofqueenslandlimited-mkt-stage1",
    "BOQ": "bankofqueenslandlimited-mkt-stage1",
    "MEB": "bankofqueenslandlimited-mkt-stage1"
  },
  "AdobeOptions:CampaignId": {
    "VMA": "mcbankofqueenslandlimited",
    "BOQ": "mcbankofqueenslandlimited",
    "MEB": "mcbankofqueenslandlimited"
  },
  "AdobeOptions:Sub": {
    "BOQ": "5C2C0EBC5E4B30E40A495E78@techacct.adobe.com",
    "MEB": "5C2C0EBC5E4B30E40A495E78@techacct.adobe.com",
    "VMA": "5C2C0EBC5E4B30E40A495E78@techacct.adobe.com"
  },
  "AdobeOptions:Aud": {
    "BOQ": "https://ims-na1.adobelogin.com/c/d10902f9a4434870b09ad0234c8225be",
    "MEB": "https://ims-na1.adobelogin.com/c/d10902f9a4434870b09ad0234c8225be",
    "VMA": "https://ims-na1.adobelogin.com/c/d10902f9a4434870b09ad0234c8225be"
  },
  "AdobeOptions:RedirectEmailsTo": {
    "BOQ": "customerboq+TST@gmail.com",
    "MEB": "customermeb+TST@gmail.com",
    "VMA": "customervma+TST@gmail.com"
  },
  "KeyVault:RSAPrivateKey": {
    "VMA": "{\"uri\":\"$(keyVaultBaseUrl)/integration-private-key\"}",
    "BOQ": "{\"uri\":\"$(keyVaultBaseUrl)/integration-private-key\"}",
    "MEB": "{\"uri\":\"$(keyVaultBaseUrl)/integration-private-key\"}"
  },
  "KeyVault:ZpkKey": {
    "VMA": "{\"uri\":\"$(keyVaultBaseUrl)/3des-zpk-key\"}",
    "BOQ": "{\"uri\":\"$(keyVaultBaseUrl)/3des-zpk-key\"}",
    "MEB": "{\"uri\":\"$(keyVaultBaseUrl)/3des-zpk-key\"}"
  },
  "CustomerAccounts:MockUrl": {
    "VMA": "https://34a8cb4b-88a3-4d5c-8b5d-9640abcaf702.mock.pstmn.io/customer-accounts/v1/",
    "BOQ": "https://34a8cb4b-88a3-4d5c-8b5d-9640abcaf702.mock.pstmn.io/customer-accounts/v1/",
    "MEB": "https://34a8cb4b-88a3-4d5c-8b5d-9640abcaf702.mock.pstmn.io/customer-accounts/v1/"
  },
  "sec.iib-whitelist-ip-address": {
    "VMA": "0.0.0.0",
    "BOQ": "10.231.140.229",
    "MEB": "10.231.140.229"
  },
  "edc.iib-whitelist-ip-address": {
    "VMA": "0.0.0.0",
    "BOQ": "10.231.140.229",
    "MEB": "10.231.140.229"
  },
  "sdc.iib-whitelist-ip-address": {
    "VMA": "0.0.0.0",
    "BOQ": "0.0.0.0",
    "MEB": "0.0.0.0"
  },
  "ServiceBusCMS:ConnectionString01": {
    "VMA": "{\"uri\":\"$(keyVaultBaseUrl)/ServiceBusCMSConnectionString01\"}",
    "BOQ": "{\"uri\":\"$(keyVaultBaseUrl)/ServiceBusCMSConnectionString01\"}",
    "MEB": "{\"uri\":\"$(keyVaultBaseUrl)/ServiceBusCMSConnectionString01\"}"
  },
  "ServiceBusCMS:ConnectionString02": {
    "VMA": "{\"uri\":\"$(keyVaultBaseUrl)/ServiceBusCMSConnectionString02\"}",
    "BOQ": "{\"uri\":\"$(keyVaultBaseUrl)/ServiceBusCMSConnectionString02\"}",
    "MEB": "{\"uri\":\"$(keyVaultBaseUrl)/ServiceBusCMSConnectionString02\"}"
  },
  "ServiceBusCMS:CardCreatedCallbackConnectionString01": {
    "VMA": "{\"uri\":\"$(keyVaultBaseUrl)/ServiceBusCMSCardCreatedConnectionString01\"}",
    "BOQ": "{\"uri\":\"$(keyVaultBaseUrl)/ServiceBusCMSCardCreatedConnectionString01\"}",
    "MEB": "{\"uri\":\"$(keyVaultBaseUrl)/ServiceBusCMSCardCreatedConnectionString01\"}"
  },
  "ServiceBusCMS:CardCreatedCallbackConnectionString02": {
    "VMA": "{\"uri\":\"$(keyVaultBaseUrl)/ServiceBusCMSCardCreatedConnectionString02\"}",
    "BOQ": "{\"uri\":\"$(keyVaultBaseUrl)/ServiceBusCMSCardCreatedConnectionString02\"}",
    "MEB": "{\"uri\":\"$(keyVaultBaseUrl)/ServiceBusCMSCardCreatedConnectionString02\"}"
  },
  "ServiceBusCMS:NotificationCreatedConnectionString01": {
    "VMA": "{\"uri\":\"$(keyVaultBaseUrl)/ServiceBusCMSNotificationConnectionString01\"}",
    "BOQ": "{\"uri\":\"$(keyVaultBaseUrl)/ServiceBusCMSNotificationConnectionString01\"}",
    "MEB": "{\"uri\":\"$(keyVaultBaseUrl)/ServiceBusCMSNotificationConnectionString01\"}"
  },
  "ServiceBusCMS:NotificationCreatedConnectionString02": {
    "VMA": "{\"uri\":\"$(keyVaultBaseUrl)/ServiceBusCMSNotificationConnectionString02\"}",
    "BOQ": "{\"uri\":\"$(keyVaultBaseUrl)/ServiceBusCMSNotificationConnectionString02\"}",
    "MEB": "{\"uri\":\"$(keyVaultBaseUrl)/ServiceBusCMSNotificationConnectionString02\"}"
  },
  "sec-iib-whitelist-ip-address": {
    "VMA": "0.0.0.0",
    "BOQ": "10.231.140.229",
    "MEB": "10.231.140.229"
  },
  "sec-iib-whitelist-ip-address-from-1": {
    "VMA": "0.0.0.0",
    "BOQ": "10.231.140.229",
    "MEB": "10.231.140.229"
  },
  "sec-iib-whitelist-ip-address-to-1": {
    "VMA": "0.0.0.0",
    "BOQ": "10.231.140.229",
    "MEB": "10.231.140.229"
  },
  "sec-iib-whitelist-ip-address-from-2": {
    "VMA": "10.231.228.0",
    "BOQ": "10.231.228.0",
    "MEB": "10.231.228.0"
  },
  "sec-iib-whitelist-ip-address-to-2": {
    "VMA": "10.231.231.255",
    "BOQ": "10.231.231.255",
    "MEB": "10.231.231.255"
  },
  "sec-iib-whitelist-ip-address-from-3": {
    "VMA": " ",
    "BOQ": " ",
    "MEB": " "
  },
  "sec-iib-whitelist-ip-address-to-3": {
    "VMA": " ",
    "BOQ": " ",
    "MEB": " "
  },
  "REACT_APP_AZURE_APP_ID": {
    "VMA": "d465226e-2ea6-44c9-96a3-db0213cca3d1",
    "BOQ": "d465226e-2ea6-44c9-96a3-db0213cca3d1",
    "MEB": "d465226e-2ea6-44c9-96a3-db0213cca3d1"
  },
  "REACT_APP_AZURE_AUTHORITY": {
    "VMA": "https://login.microsoftonline.com/b0e7ed13-0b42-4ca9-82f8-c753aecbae79",
    "BOQ": "https://login.microsoftonline.com/b0e7ed13-0b42-4ca9-82f8-c753aecbae79",
    "MEB": "https://login.microsoftonline.com/b0e7ed13-0b42-4ca9-82f8-c753aecbae79"
  },
  "REACT_APP_API_SUBSCRIPTION_KEY_VMA": {
    "VMA": "{\"uri\":\"$(keyVaultBaseUrl)/reactAppApiSubscriptionKeyVMA\"}",
    "BOQ": "N/A",
    "MEB": "N/A"
  },
  "REACT_APP_API_SUBSCRIPTION_KEY_BOQ": {
    "VMA": "{\"uri\":\"$(keyVaultBaseUrl)/reactAppApiSubscriptionKeyBOQ\"}",
    "BOQ": "N/A",
    "MEB": "N/A"
  },
  "REACT_APP_API_SUBSCRIPTION_KEY_MEB": {
    "VMA": "{\"uri\":\"$(keyVaultBaseUrl)/reactAppApiSubscriptionKeyMEB\"}",
    "BOQ": "N/A",
    "MEB": "N/A"
  },
  "REACT_APP_APIM_TRACE_ENABLED": {
    "VMA": "true",
    "BOQ": "true",
    "MEB": "true"
  },
  "REACT_APP_API_URL_VMA": {
    "VMA": "https://api.tst01.denovo.boqdev.com.au/customerIdentityAdmin/v1.0",
    "BOQ": "N/A",
    "MEB": "N/A"
  },
  "REACT_APP_API_URL_BOQ": {
    "VMA": "https://api.tst01.boq.boqdev.com.au/customerIdentityAdmin/v1.0",
    "BOQ": "N/A",
    "MEB": "N/A"
  },
  "REACT_APP_API_URL_MEB": {
    "VMA": "https://api.tst01.meb.boqdev.com.au/customerIdentityAdmin/v1.0",
    "BOQ": "N/A",
    "MEB": "N/A"
  },
  "aadResourceId": {
    "VMA": "api://39d49d40-1350-4014-9550-dff9c5d386b1",
    "BOQ": "api://39d49d40-1350-4014-9550-dff9c5d386b1",
    "MEB": "api://39d49d40-1350-4014-9550-dff9c5d386b1"
  },
  "ext-ascenda-auth-url": {
    "VMA": "https://e2e-guardhouse.stg-vma.int.kaligo.com",
    "BOQ": "https://e2e-guardhouse.stg-vma.int.kaligo.com",
    "MEB": "https://e2e-guardhouse.stg-vma.int.kaligo.com"
  },
  "ext-ascenda-clientId": {
    "VMA": "602ac857-e59a-46b6-98d2-71b14d94063f",
    "BOQ": "602ac857-e59a-46b6-98d2-71b14d94063f",
    "MEB": "602ac857-e59a-46b6-98d2-71b14d94063f"
  },
  "ext-ascenda-clientSecret": {
    "VMA": "{\"uri\":\"$(keyVaultBaseUrl)/ext-ascenda-clientSecret\"}",
    "BOQ": "{\"uri\":\"$(keyVaultBaseUrl)/ext-ascenda-clientSecret\"}",
    "MEB": "{\"uri\":\"$(keyVaultBaseUrl)/ext-ascenda-clientSecret\"}"
  },
  "ext-ascenda-audience": {
    "VMA": "vma-nn.kaligo-staging.xyz",
    "BOQ": "vma-nn.kaligo-staging.xyz",
    "MEB": "vma-nn.kaligo-staging.xyz"
  },
  "ext-ascenda-url": {
    "VMA": "https://e2e-nydus.stg-vma.int.kaligo.com/ext/v1",
    "BOQ": "https://e2e-nydus.stg-vma.int.kaligo.com/ext/v1",
    "MEB": "https://e2e-nydus.stg-vma.int.kaligo.com/ext/v1"
  },
  "ext-citibank-client-id": {
    "VMA": "fa93a588-222b-4b37-8e69-7c88bcd3becb",
    "BOQ": "fa93a588-222b-4b37-8e69-7c88bcd3becb",
    "MEB": "fa93a588-222b-4b37-8e69-7c88bcd3becb"
  },
  "ext-citibank-basic-auth-credential": {
    "VMA": "{\"uri\":\"$(keyVaultBaseUrl)/ext-citibank-basic-auth-credential\"}",
    "BOQ": "{\"uri\":\"$(keyVaultBaseUrl)/ext-citibank-basic-auth-credential\"}",
    "MEB": "{\"uri\":\"$(keyVaultBaseUrl)/ext-citibank-basic-auth-credential\"}"
  },
  "EmailVerification:SubscriptionKey": {
    "VMA": "{\"uri\":\"$(keyVaultBaseUrl)/EmailVerificationSubscriptionKey\"}",
    "BOQ": "{\"uri\":\"$(keyVaultBaseUrl)/EmailVerificationSubscriptionKey\"}",
    "MEB": "{\"uri\":\"$(keyVaultBaseUrl)/EmailVerificationSubscriptionKey\"}"
  },
  "EmailVerification:GatewayBaseUrl": {
    "VMA": "https://api.tst01.denovo.boqdev.com.au",
    "BOQ": "https://api.tst01.boq.boqdev.com.au",
    "MEB": "https://api.tst01.meb.boqdev.com.au"
  },
  "EmailVerification:ExternalGatewayUrl": {
    "VMA": "https://api.tst01.denovo.boqdev.com.au",
    "BOQ": "https://api.tst01.boq.boqdev.com.au",
    "MEB": "https://api.tst01.meb.boqdev.com.au"
  },
  "AwsOptions:MockSendSmsFlag": {
    "VMA": "true",
    "BOQ": "true",
    "MEB": "true"
  },
  "AwsOptions:MockSendSmsPhoneNumber": {
    "VMA": "+61482070692",
    "BOQ": "+61482070692",
    "MEB": "+61482070692"
  },
  "AwsOptions:RedirectSmsToPhoneNumber": {
    "VMA": "+61482070692",
    "BOQ": "+61482070692",
    "MEB": "+61482070692"
  },
  "AwsOptions:DisableSMS": {
    "VMA": "false",
    "BOQ": "false",
    "MEB": "false"
  },
  "CommunicationOptions:AppLinkIOS": {
    "VMA": "https://apps.apple.com/au/app/virgin-money/id1198060050",
    "BOQ": "https://apps.apple.com/au/app/myboq/id1577281043",
    "MEB": "https://apps.apple.com/au/app/myboq/id1577281043"
  },
  "CommunicationOptions:AppLinkAndroid": {
    "VMA": "https://play.google.com/store/apps/details?id=au.com.virginmoney.android_vma",
    "BOQ": "https://play.google.com/store/apps/details?id=au.com.boq.mobilebanking",
    "MEB": "https://play.google.com/store/apps/details?id=au.com.boq.mobilebanking"
  },
  "ext-ciam-applicationid": {
    "VMA": "api://39d49d40-1350-4014-9550-dff9c5d386b1",
    "BOQ": "api://39d49d40-1350-4014-9550-dff9c5d386b1",
    "MEB": "api://39d49d40-1350-4014-9550-dff9c5d386b1"
  },
  "help-servicing-origin-vma": "https://cepboqmc4fsdev.powerappsportals.com/",
  "InternalApimSubscriptionKey": {
    "VMA": "{\"uri\":\"$(keyVaultBaseUrl)/InternalApimSubscriptionKey\"}",
    "BOQ": "{\"uri\":\"$(keyVaultBaseUrl)/InternalApimSubscriptionKey\"}",
    "MEB": "{\"uri\":\"$(keyVaultBaseUrl)/InternalApimSubscriptionKey\"}"
  },
  "FrolloMock:BaseUrl": {
    "VMA": "https://ee6a1817-8015-460c-bb78-365810167581.mock.pstmn.io",
    "BOQ": "https://ee6a1817-8015-460c-bb78-365810167581.mock.pstmn.io",
    "MEB": "https://ee6a1817-8015-460c-bb78-365810167581.mock.pstmn.io"
  },
  "frollo-api-version": {
    "VMA": "2.15",
    "BOQ": "2.15",
    "MEB": "2.15"
  },
  "ciam-brand-header": {
    "VMA": "$(Ciam:QueryHeader)",
    "BOQ": "$(Ciam:QueryHeader)",
    "MEB": "$(Ciam:QueryHeader)"
  },
  "ciam-brand-prefix": {
    "VMA": "",
    "BOQ": "",
    "MEB": ""
  },
  "Ciam:CustomerPath": {
    "VMA": "vma/idm/customer/",
    "BOQ": "idm/customer/",
    "MEB": "idm/customer/"
  },
  "Ciam:CiamBrandHeader": {
    "VMA": "X-CIAM-Query",
    "BOQ": "X-CIAM-Query",
    "MEB": "X-CIAM-Query"
  },
  "Ciam:SubscriptionKey": {
    "VMA": "{\"uri\":\"$(keyVaultBaseUrl)/ciamSubscriptionKey\"}",
    "BOQ": "{\"uri\":\"$(keyVaultBaseUrl)/ciamSubscriptionKey\"}",
    "MEB": "{\"uri\":\"$(keyVaultBaseUrl)/ciamSubscriptionKey\"}"
  },
  "HomeLoans:TableStorage:EligibleAccounts:StorageConnectionString": {
    "VMA": "{\"uri\":\"$(keyVaultBaseUrl)/EligiblityConfigTableStorageSettings\"}",
    "BOQ": "{\"uri\":\"$(keyVaultBaseUrl)/EligiblityConfigTableStorageSettings\"}",
    "MEB": "{\"uri\":\"$(keyVaultBaseUrl)/EligiblityConfigTableStorageSettings\"}"
  },
  "ext-safer-payments-SP5-url": {
    "VMA": "https://10.229.128.2/v1",
    "BOQ": "https://10.229.128.2/v1",
    "MEB": "https://10.229.128.2/v1"
  },
  "ext-safer-payments-SP6-url": {
    "VMA": "https://10.229.128.2/v1",
    "BOQ": "https://10.229.128.2/v1",
    "MEB": "https://10.229.128.2/v1"
  },
  "Encryption:IntegrationPrivateKey": {
    "VMA": "{\"uri\":\"$(keyVaultBaseUrl)/integration-private-key\"}",
    "BOQ": "{\"uri\":\"$(keyVaultBaseUrl)/integration-private-key\"}",
    "MEB": "{\"uri\":\"$(keyVaultBaseUrl)/integration-private-key\"}"
  },
  "Encryption:ZPKKey": {
    "VMA": "{\"uri\":\"$(keyVaultBaseUrl)/3des-zpk-key\"}",
    "BOQ": "{\"uri\":\"$(keyVaultBaseUrl)/3des-zpk-key\"}",
    "MEB": "{\"uri\":\"$(keyVaultBaseUrl)/3des-zpk-key\"}"
  },
  "CustomerPfm:FrolloMockserverUrlPath": {
    "VMA": "https://ee6a1817-8015-460c-bb78-365810167581.mock.pstmn.io",
    "BOQ": "https://ee6a1817-8015-460c-bb78-365810167581.mock.pstmn.io",
    "MEB": "https://ee6a1817-8015-460c-bb78-365810167581.mock.pstmn.io"
  },
  "CustomerPfm:UseFrolloMock": {
    "VMA": "true",
    "BOQ": "true",
    "MEB": "true"
  },
  "EmailVerification:ShortTokenUrlPath": {
    "VMA": "https://api.tst01.denovo.boqdev.com.au/CIAM/v1/vma/idm/customer/",
    "BOQ": "https://api.tst01.denovo.boqdev.com.au/BOQ/CIAM/v1/idm/customer/",
    "MEB": "https://tst01-edc-denovo-apim01.azure-api.net/MEB/CIAM/v1/idm/customer/"
  },
  "CiamGateway:VerifyShortTokenPath": {
    "VMA": "vma/idm/customer/{guid}/shorttoken/verify",
    "BOQ": "idm/customer/{guid}/shorttoken/verify",
    "MEB": "idm/customer/{guid}/shorttoken/verify"
  },
  "Visa:CommunityCodeUser": {
    "VMA": "VMACTE",
    "BOQ": "TODO",
    "MEB": "TODO"
  },
  "Visa:CommunityCodeRewards": {
    "VMA": "VMACTECL",
    "BOQ": "TODO",
    "MEB": "TODO"
  },
  "DefaultOffer:Code": {
    "VMA": "DFE05KLYO",
    "BOQ": "DFE024JUN",
    "MEB": "DFE05KPRO"
  },
  "FormsOrchestration:DefaultOfferCode": {
    "VMA": "DFE05KLYO",
    "BOQ": "DFE024JUN",
    "MEB": "DFE05KPRO"
  },
  "HealthCheck:SettingsFileUrl": {
    "VMA": "{\"uri\":\"$(keyVaultBaseUrl)/healthCheckConfigurationFile\"}",
    "BOQ": "TODO",
    "MEB": "TODO"
  },
  "UseMocks:Clients:T24:Active": {
    "VMA": "false",
    "BOQ": "false",
    "MEB": "false"
  },
  "UseMocks:Clients:T24:DefaultUrl": {
    "VMA": "https://e89ec4eb-ced5-452e-b9cf-5191e32fd8d7.mock.pstmn.io/t24/v1",
    "BOQ": "https://e89ec4eb-ced5-452e-b9cf-5191e32fd8d7.mock.pstmn.io/t24/v1",
    "MEB": "https://e89ec4eb-ced5-452e-b9cf-5191e32fd8d7.mock.pstmn.io/t24/v1"
  },
  "DirectDebitTableStorage:ConnectionString": {
    "VMA": "{\"uri\":\"$(keyVaultBaseUrl)/DirectDebitTableStorageConnectionString\"}",
    "BOQ": "{\"uri\":\"$(keyVaultBaseUrl)/DirectDebitTableStorageConnectionString\"}",
    "MEB": "{\"uri\":\"$(keyVaultBaseUrl)/DirectDebitTableStorageConnectionString\"}"
  },
  "BankOptions:AccountNumber": {
    "VMA": "{\"uri\":\"$(keyVaultBaseUrl)/BankAccountNumber\"}",
    "BOQ": "{\"uri\":\"$(keyVaultBaseUrl)/BankAccountNumber\"}",
    "MEB": "{\"uri\":\"$(keyVaultBaseUrl)/BankAccountNumber\"}"
  },
  "BankOptions:OrderingCustomer": {
    "VMA": "{\"uri\":\"$(keyVaultBaseUrl)/BankOrderingCustomer\"}",
    "BOQ": "{\"uri\":\"$(keyVaultBaseUrl)/BankOrderingCustomer\"}",
    "MEB": "{\"uri\":\"$(keyVaultBaseUrl)/BankOrderingCustomer\"}"
  },
  "TJMEmailUrlTemplateLink": {
    "BOQ": "https://api.tst01.boq.boqdev.com.au/verify-email/v1/{0}?token={1}",
    "MEB": "https://api.tst01.meb.boqdev.com.au/verify-email/v1/{0}?token={1}",
    "VMA": "https://api.tst01.denovo.boqdev.com.au/verify-email/v1/{0}?token={1}"
  },
  "DenovoAccountTypes:Definitions:VMA.FULL.FEATURE.LOAN:Enabled": {
    "VMA": "true"
  },
  "DenovoAccountTypes:Definitions:VMA.BASIC.HOMELOAN:Enabled": {
    "VMA": "true"
  },
  "DenovoAccountTypes:Definitions:BOQ.FULL.FEATURE.LOAN:Enabled": {
    "BOQ": "true"
  },
  "DenovoAccountTypes:Definitions:BOQ.BASIC.HOMELOAN:Enabled": {
    "BOQ": "true"
  },
  "DenovoAccountTypes:Definitions:MEB.FULL.FEATURE.LOAN:Enabled": {
    "MEB": "true"
  },
  "DenovoAccountTypes:Definitions:MEB.BASIC.HOMELOAN:Enabled": {
    "MEB": "true"
  },
  "Ods:Databases": {
    "VMA": "Accounts",
    "BOQ": "Accounts",
    "MEB": "Accounts"
  },
  "Ods:Accounts:Collections": {
    "VMA": "Accounts",
    "BOQ": "Accounts",
    "MEB": "Accounts"
  },
  "Ods:ServiceEndPoint": {
    "VMA": "https://tst-edc-denovo-cdb01.documents.azure.com:443/",
    "BOQ": "https://tst-edc-boq-cdb01.documents.azure.com:443/",
    "MEB": "https://tst01-edc-meb-cdb01.documents.azure.com:443/"
  },
  "Ods:AuthKey": {
    "VMA": "{\"uri\":\"$(keyVaultBaseUrl)/odsKey\"}",
    "BOQ": "{\"uri\":\"$(keyVaultBaseUrl)/odsKey\"}",
    "MEB": "{\"uri\":\"$(keyVaultBaseUrl)/odsKey\"}"
  },
  "Ods:OdsConsentDatabaseName": {
    "VMA": "Consents",
    "BOQ": "Consents",
    "MEB": "Consents"
  },
  "Ods:OdsConsentCollectionName": {
    "VMA": "Consents",
    "BOQ": "Consents",
    "MEB": "Consents"
  },
  "AdobeCampaign:CampaignEligibilityTableName": {
    "VMA": "campaigneligibilitydenovo",
    "BOQ": "campaigneligibilityboq",
    "MEB": ""
  },
  "AzureDataFactory:MFT:PGP:IsMocking": {
    "VMA": "false"
  },
  "AzureDataFactory:MFT:FTP:IsMocking": {
    "VMA": "false"
  },
  "AzureDataFactory:MFT:SFTP:IsMocking": {
    "VMA": "false"
  },
  "AzureDataFactory:MFT:AES:IsMocking": {
    "VMA": "false"
  },
  "AzureDataFactory:MFT:SFTP:Downstream:Cuscal:Host": {
    "VMA": "localhost"
  },
  "AzureDataFactory:MFT:SFTP:Downstream:Cuscal:Port": {
    "VMA": "21"
  },
  "AzureDataFactory:MFT:FTP:Downstream:T24:Host": {
    "VMA": "localhost"
  },
  "AzureDataFactory:MFT:FTP:Downstream:T24:Port": {
    "VMA": "21"
  },
  "AzureDataFactory:MFT:FTP:Downstream:T24:EncryptionMode": {
    "VMA": "explicit"
  },
  "AzureDataFactory:MFT:FTP:Downstream:T24:ValidateAnyCertificates1": {
    "VMA": "true"
  },
  "AzureDataFactory:MFT:SFTP:Downstream:Fiserv:Host": {
    "VMA": "localhost"
  },
  "AzureDataFactory:MFT:SFTP:Downstream:Fiserv:Port": {
    "VMA": "21"
  },
  "AzureDataFactory:MFT:SFTP:Downstream:AusPayNet:Username": {
    "VMA": "bsbftp1"
  },
  "AzureDataFactory:MFT:SFTP:Downstream:AusPayNet:Host": {
    "VMA": "bsb.hostedftp.com"
  },
  "AzureDataFactory:MFT:SFTP:Downstream:AusPayNet:Port": {
    "VMA": "22"
  },
  "AzureDataFactory:MFT:SFTP:Downstream:DowJones:Username": {
    "VMA": "QueenslandbkWL"
  },
  "AzureDataFactory:MFT:SFTP:Downstream:DowJones:Host": {
    "VMA": "djrcfeed.dowjones.com"
  },
  "AzureDataFactory:MFT:SFTP:Downstream:DowJones:Port": {
    "VMA": "22"
  },
  "MftAdf:StorageAccountConnectionString": {
    "VMA": "{\"uri\":\"$(keyVaultBaseUrl)/mftAdfStorageAccountConnectionString\"}",
    "BOQ": "secret",
    "MEB": "secret"
  },
  "Mft:StorageAccountConnectionString": {
    "VMA": "{\"uri\":\"$(keyVaultBaseUrl)/mftStorageAccountConnectionString\"}",
    "BOQ": "secret",
    "MEB": "secret"
  },
  "ext-marketing-adobe-func-functionKeys-default": {
    "VMA": "{\"uri\":\"$(keyVaultBaseUrl)/marketing-adobe-func-functionKeys-default\"}",
    "BOQ": "secret",
    "MEB": "secret"
  },
  "CitiGateway:RefreshAccessTokenPath": {
    "VMA": "access-token/refresh",
    "BOQ": "access-token/refresh",
    "MEB": "access-token/refresh"
  },
  "CitiGateway:RetrieveClientTokenPath": {
    "VMA": "api/clientCredentials/oauth2/token/au/vma",
    "BOQ": "api/clientCredentials/oauth2/token/au/vma",
    "MEB": "api/clientCredentials/oauth2/token/au/vma"
  },
  "CitiGateway:EncryptionKeyPreLoginPath": {
    "VMA": "api/partner/v1/prelogin/security/e2eKey",
    "BOQ": "api/partner/v1/prelogin/security/e2eKey",
    "MEB": "api/partner/v1/prelogin/security/e2eKey"
  },
  "CitiGateway:RetrieveAccessTokenPath": {
    "VMA": "access-token",
    "BOQ": "access-token",
    "MEB": "access-token"
  },
  "Citibank:GatewayBaseUrl": {
    "VMA": "https://api.tst01.denovo.boqdev.com.au/citibank/v1/"
  },
  "Citibank:BaseUrl": {
    "VMA": "https://api.tst01.denovo.boqdev.com.au/citibank/v1/",
    "BOQ": "https://api.tst01.denovo.boqdev.com.au/BOQ/citibank/v1/",
    "MEB": "https://tst01-edc-denovo-apim01.azure-api.net/MEB/citibank/v1/"
  },
  "Citibank:GetEligibleCardsPath": {
    "VMA": "api/v1/moneyMovement/wallets/enrollments/eligibility",
    "BOQ": "api/v1/moneyMovement/wallets/enrollments/eligibility",
    "MEB": "api/v1/moneyMovement/wallets/enrollments/eligibility"
  },
  "Citibank:GetEncryptCardWalletPath": {
    "VMA": "api/v1/moneyMovement/wallets/registrations/encryptedData/search",
    "BOQ": "api/v1/moneyMovement/wallets/registrations/encryptedData/search",
    "MEB": "api/v1/moneyMovement/wallets/registrations/encryptedData/search"
  },
  "Citibank:CustomerBasicEnquiryUrl": {
    "VMA": "api/v1/customers/profiles/basic",
    "BOQ": "api/v1/customers/profiles/basic",
    "MEB": "api/v1/customers/profiles/basic"
  },
  "Citibank:UpdateMfaStatusPath": {
    "VMA": "api/partner/v1/mfa/statuses",
    "BOQ": "api/partner/v1/mfa/statuses",
    "MEB": "api/partner/v1/mfa/statuses"
  },
  "Citibank:GetCardsPath": {
    "VMA": "api/v1/cards?cardFunction=ALL",
    "BOQ": "api/v1/cards?cardFunction=ALL",
    "MEB": "api/v1/cards?cardFunction=ALL"
  },
  "Citibank:GetAccountsPath": {
    "VMA": "api/v1/accounts",
    "BOQ": "api/v1/accounts",
    "MEB": "api/v1/accounts"
  },
  "Citibank:AccountsUri": {
    "VMA": "api/v1/accounts",
    "BOQ": "api/v1/accounts",
    "MEB": "api/v1/accounts"
  },
  "Citibank:CustomerPhoneNumbersUrl": {
    "VMA": "api/v1/customers/profiles/phoneNumbers",
    "BOQ": "api/v1/customers/profiles/phoneNumbers",
    "MEB": "api/v1/customers/profiles/phoneNumbers"
  },
  "Citibank:CustomerEmailsUrl": {
    "VMA": "api/v1/customers/profiles/emails",
    "BOQ": "api/v1/customers/profiles/emails",
    "MEB": "api/v1/customers/profiles/emails"
  },
  "Citibank:CustomerAddressesUrl": {
    "VMA": "api/v1/customers/profiles/addresses",
    "BOQ": "api/v1/customers/profiles/addresses",
    "MEB": "api/v1/customers/profiles/addresses"
  },
  "Citibank:GetInactiveCardsPath": {
    "VMA": "api/v1/cards?cardFunction=LOCAL_CARD_ACTIVATION",
    "BOQ": "api/v1/cards?cardFunction=LOCAL_CARD_ACTIVATION",
    "MEB": "api/v1/cards?cardFunction=LOCAL_CARD_ACTIVATION"
  },
  "Citibank:ActivateCardsPath": {
    "VMA": "api/v1/cards/{cardId}/activations/{cardActivationCode}",
    "BOQ": "api/v1/cards/{cardId}/activations/{cardActivationCode}",
    "MEB": "api/v1/cards/{cardId}/activations/{cardActivationCode}"
  },
  "Citibank:EncryptionKeyPath": {
    "VMA": "api/partner/v1/security/e2eKey",
    "BOQ": "api/partner/v1/security/e2eKey",
    "MEB": "api/partner/v1/security/e2eKey"
  },
  "Citibank:ReplaceLostStolenPath": {
    "VMA": "api/v1/cards/{cardId}/lostStolen",
    "BOQ": "api/v1/cards/{cardId}/lostStolen",
    "MEB": "api/v1/cards/{cardId}/lostStolen"
  },
  "Citibank:SetPinPath": {
    "VMA": "api/v1/cards/atmPin/reset",
    "BOQ": "api/v1/cards/atmPin/reset",
    "MEB": "api/v1/cards/atmPin/reset"
  },
  "Citibank:CustomerSourceAccountsUri": {
    "VMA": "api/v1/moneyMovement/billPayments/sourceAccounts",
    "BOQ": "api/v1/moneyMovement/billPayments/sourceAccounts",
    "MEB": "api/v1/moneyMovement/billPayments/sourceAccounts"
  },
  "Citibank:MerchantListUri": {
    "VMA": "api/v1/moneyMovement/billPayments/merchants",
    "BOQ": "api/v1/moneyMovement/billPayments/merchants",
    "MEB": "api/v1/moneyMovement/billPayments/merchants"
  },
  "Citibank:SubmitPaymentPath": {
    "VMA": "api/v1/moneyMovement/billPayments",
    "BOQ": "api/v1/moneyMovement/billPayments",
    "MEB": "api/v1/moneyMovement/billPayments"
  },
  "Citibank:PreprocessPaymentsPath": {
    "VMA": "api/v1/moneyMovement/billPayments/preprocess/adhocWithPayeeCreation",
    "BOQ": "api/v1/moneyMovement/billPayments/preprocess/adhocWithPayeeCreation",
    "MEB": "api/v1/moneyMovement/billPayments/preprocess/adhocWithPayeeCreation"
  },
  "Loans:TableStorage:LoanDisbursements:StorageConnectionString": {
    "VMA": "{\"uri\":\"$(keyVaultBaseUrl)/kv-table-storage-connection-string\"}",
    "BOQ": "{\"uri\":\"$(keyVaultBaseUrl)/kv-table-storage-connection-string\"}",
    "MEB": "{\"uri\":\"$(keyVaultBaseUrl)/kv-table-storage-connection-string\"}"
  },
  "HomeLoans:TableStorage:InterestOnlyLoanExpiring:StorageConnectionString": {
    "VMA": "{\"uri\":\"$(keyVaultBaseUrl)/kv-table-storage-connection-string\"}",
    "BOQ": "{\"uri\":\"$(keyVaultBaseUrl)/kv-table-storage-connection-string\"}",
    "MEB": "{\"uri\":\"$(keyVaultBaseUrl)/kv-table-storage-connection-string\"}"
  },
  "HomeLoans:TableStorage:FixedLoanExpiring:StorageConnectionString": {
    "VMA": "{\"uri\":\"$(keyVaultBaseUrl)/kv-table-storage-connection-string\"}",
    "BOQ": "{\"uri\":\"$(keyVaultBaseUrl)/kv-table-storage-connection-string\"}",
    "MEB": "{\"uri\":\"$(keyVaultBaseUrl)/kv-table-storage-connection-string\"}"
  },
  "HomeLoans:TableStorage:EligibleAccountsNonPayments:StorageConnectionString": {
    "VMA": "{\"uri\":\"$(keyVaultBaseUrl)/NonPaymentsEligiblityConfigTableStorageSettings\"}",
    "BOQ": "{\"uri\":\"$(keyVaultBaseUrl)/NonPaymentsEligiblityConfigTableStorageSettings\"}",
    "MEB": "{\"uri\":\"$(keyVaultBaseUrl)/NonPaymentsEligiblityConfigTableStorageSettings\"}"
  },
  "HomeLoans:TableStorage:DirectDebits:StorageConnectionString": {
    "VMA": "{\"uri\":\"$(keyVaultBaseUrl)/kv-table-storage-connection-string\"}",
    "BOQ": "{\"uri\":\"$(keyVaultBaseUrl)/kv-table-storage-connection-string\"}",
    "MEB": "{\"uri\":\"$(keyVaultBaseUrl)/kv-table-storage-connection-string\"}"
  },
  "Migration:TableStorage:MigrationTransactions:StorageConnectionString": {
    "VMA": "N/A",
    "BOQ": "N/A",
    "MEB": "{\"uri\":\"$(keyVaultBaseUrl)/kv-table-storage-connection-string\"}"
  },
  "Migration:TableStorage:StatementRequests:StorageConnectionString": {
    "MEB": "{\"uri\":\"$(keyVaultBaseUrl)/kv-table-storage-connection-string\"}"
  },
  "Migration:TableStorage:StatementFiles:StorageConnectionString": {
    "MEB": "{\"uri\":\"$(keyVaultBaseUrl)/kv-table-storage-connection-string\"}"
  },
  "MigratedTransactionsFn:Ods:Cron": {
    "VMA": "N/A",
    "BOQ": "N/A",
    "MEB": "0 */2 23-5 * *"
  },
  "MigratedTransactionsFn:Frollo:Cron": {
    "VMA": "N/A",
    "BOQ": "N/A",
    "MEB": "0 */5 23-5 * *"
  },
  "MigratedTransactionsFn:EnrichmentPeriod": {
    "MEB": "6"
  },
  "GetCountries:Path": {
    "VMA": "countries",
    "BOQ": "countries",
    "MEB": "countries"
  },
  "GetTinExemptions:Path": {
    "VMA": "tin-exemptions",
    "BOQ": "tin-exemptions",
    "MEB": "tin-exemptions"
  },
  "int-payment-initiation-url": {
    "VMA": "$(PaymentInitiationWebAppBaseUrl)customer-payments/v1/",
    "BOQ": "$(PaymentInitiationWebAppBaseUrl)customer-payments/v1/",
    "MEB": "$(PaymentInitiationWebAppBaseUrl)customer-payments/v1/"
  },
  "Integration:ReferenceDataBackendServiceUrl": {
    "VMA": "$(ReferenceDataWebAppBaseUrl)reference-data/v1/",
    "BOQ": "$(ReferenceDataWebAppBaseUrl)reference-data/v1/",
    "MEB": "$(ReferenceDataWebAppBaseUrl)reference-data/v1/"
  },
  "PaymentInitiation:InitiateDirectDebitPath": {
    "VMA": "initiate/directdebit",
    "BOQ": "initiate/directdebit",
    "MEB": "initiate/directdebit"
  },
  "ReferenceData:BaseUrl": {
    "VMA": "$(ReferenceDataWebAppBaseUrl)reference-data/v1/",
    "BOQ": "$(ReferenceDataWebAppBaseUrl)reference-data/v1/",
    "MEB": "$(ReferenceDataWebAppBaseUrl)reference-data/v1/"
  },
  "ReferenceData:TransactionCategoryPath": {
    "VMA": "transaction-categories",
    "BOQ": "transaction-categories",
    "MEB": "transaction-categories"
  },
  "ReferenceDataOccupationsUrlPath": {
    "VMA": "occupations",
    "BOQ": "occupations",
    "MEB": "occupations"
  },
  "ReferenceData:OccupationsUrlPath": {
    "VMA": "occupations",
    "BOQ": "occupations",
    "MEB": "occupations"
  },
  "RegisterAccounts:WebAppBaseUrl": {
    "VMA": "$(NppPaymentsWebAppBaseUrl)payments-npp/v1/",
    "BOQ": "$(NppPaymentsWebAppBaseUrl)payments-npp/v1/",
    "MEB": "$(NppPaymentsWebAppBaseUrl)payments-npp/v1/"
  },
  "RegisterAccountsPath": {
    "VMA": "accounts",
    "BOQ": "accounts",
    "MEB": "accounts"
  },
  "Ciam:CustomerAudience": {
    "VMA": "VMAMobileApp",
    "BOQ": "BOQMobileApp",
    "MEB": "MEBMobileApp"
  },
  "Ciam:SystemAudience": {
    "VMA": "IntegrationAPIGateway",
    "BOQ": "IntegrationAPIGateway",
    "MEB": "IntegrationAPIGateway"
  },
  "AzureDataFactory:DataBunker:StorageAccountUrl": {
    "BOQ": "https://tstedcdenovomftadf01.blob.core.windows.net/"
  },
  "Dbib:Public:TrusteerId": {
    "VMA": "TODO",
    "BOQ": "TODO",
    "MEB": "80262914"
  },
  "Dbib:Public:AnalyticsUrl": {
    "VMA": "https://assets.adobedtm.com/aaa86c73d744/4e827a8d7469/launch-ca863cb21b59-development.min.js",
    "BOQ": "https://assets.adobedtm.com/aaa86c73d744/13dc1503367a/launch-68cd2921cd23-development.min.js",
    "MEB": "https://assets.adobedtm.com/aaa86c73d744/52c98583795e/launch-2eeb91e17ed0-development.min.js"
  },
  "Dbib:Public:AppDynamicsUiKey": {
    "VMA": "TODO",
    "BOQ": "TODO",
    "MEB": "SY-AAB-TAD"
  },
  "Dbib:Private:AppDynamicsBffKey": {
    "VMA": "TODO",
    "BOQ": "TODO",
    "MEB": "760197a1-43e6-415e-bac6-5386f53d1fda"
  },
  "Dbib:Private:AppDynamicsAppName": {
    "VMA": "TODO",
    "BOQ": "TODO",
    "MEB": "MEB-DBInternetBanking-tst"
  },
  "Dbib:Private:AppDynamicsAccountName": {
    "VMA": "TODO",
    "BOQ": "TODO",
    "MEB": "boq-test"
  },
  "Dbib:Private:AppDynamicsLogLevel": {
    "VMA": "INFO",
    "BOQ": "INFO",
    "MEB": "INFO"
  },
  "DirectDebitApi:DirectDebitExpiryInterval": {
    "VMA": "0.06:01:00",
    "BOQ": "0.06:01:00",
    "MEB": "0.06:01:00"
  },
  "DirectDebitApi:DirectDebitCommunicationSendInterval": {
    "VMA": "0.04:01:00",
    "BOQ": "0.04:01:00",
    "MEB": "0.04:01:00"
  },
  "ProductCommunications:Intervals": {
    "VMA": "3,2,1",
    "BOQ": "3,2,1",
    "MEB": "3,2,1"
  },
  "MigrationAcceleratorFileShare": {
    "VMA": "",
    "BOQ": "",
    "MEB": "https://tst01edcmebmeaccm01.file.core.windows.net/migration-accelerator-tst01/"
  },
  "MigrationAcceleratorArchiveFileShare": {
    "MEB": "https://tst01edcmebmeaccm01.file.core.windows.net/migration-accelerator-archive/"
  },
  "MigrationStatamentsFileShare": {
    "MEB": "https://tst01edcmebdibst1.file.core.windows.net/migration/"
  },
  "AddressTable:StorageConnectionString": {
    "VMA": "{\"uri\":\"$(keyVaultBaseUrl)/kv-table-storage-connection-string\"}",
    "BOQ": "{\"uri\":\"$(keyVaultBaseUrl)/kv-table-storage-connection-string\"}",
    "MEB": "{\"uri\":\"$(keyVaultBaseUrl)/kv-table-storage-connection-string\"}"
  },
  "AddressSftp:PgpPublicKey": {
    "VMA": "",
    "BOQ": "",
    "MEB": "{\"uri\":\"$(keyVaultBaseUrl)/PgpPublicKey\"}"
  },
  "AddressSftp:PgpPrivateKey": {
    "VMA": "",
    "BOQ": "",
    "MEB": "{\"uri\":\"$(keyVaultBaseUrl)/PgpPrivateKey\"}"
  },
  "AddressSftp:PgpPrivateKeyPhrase": {
    "VMA": "",
    "BOQ": "",
    "MEB": "{\"uri\":\"$(keyVaultBaseUrl)/PgpPrivateKeyPhrase\"}"
  },
  "Sftp:Uri": {
    "MEB": "https://sit02edcmebsftp01.blob.core.windows.net/"
  },
  "Sftp:PgpKeysKeyVaultUri": {
    "MEB": "https://tst-edc-denovo-adf-kv01.vault.azure.net"
  },
  "AddressSftp:PgpKeysKeyVaultUri": {
    "MEB": "$(Sftp:PgpKeysKeyVaultUri)"
  },
  "AddressSftp:Uri": {
    "MEB": "$(Sftp:Uri)"
  },
  "MigratedTransactionsFn:MastercardSftp:PgpKeysKeyVaultUri": {
    "MEB": "$(Sftp:PgpKeysKeyVaultUri)"
  },
  "MigratedTransactionsFn:MastercardSftp:Uri": {
    "MEB": "$(Sftp:Uri)"
  },
  "CustomerCorrespondenceFn:Encryption:PgpKeysKeyVaultUri": {
    "VMA": "https://tst-edc-denovo-adf-kv01.vault.azure.net",
    "BOQ": "https://tst-edc-denovo-adf-kv01.vault.azure.net",
    "MEB": "https://tst-edc-denovo-adf-kv01.vault.azure.net"
  },
  "CustomerCorrespondenceFn:StatementFileShare:ServiceUri": {
    "VMA": "https://tstedcdenovomft01.file.core.windows.net/",
    "BOQ": "https://tstedcdenovomft01.file.core.windows.net/",
    "MEB": "https://tstedcdenovomft01.file.core.windows.net/"
  },
  "aad-blueprism-applicationid": {
    "VMA": "d6c98f70-8fb7-4dca-ad6f-116c2a8213ea",
    "BOQ": "d6c98f70-8fb7-4dca-ad6f-116c2a8213ea",
    "MEB": "d6c98f70-8fb7-4dca-ad6f-116c2a8213ea"
  },
  "PaymentNppSub:T24:Caching:Customers:Customers": {
    "VMA": "true",
    "BOQ": "true",
    "MEB": "true"
  },
  "CreateCustomerPfm:T24:Caching:Customers:Customers": {
    "VMA": "true",
    "BOQ": "true",
    "MEB": "true"
  },
  "CustomerIdentity:T24:Caching:Customers:Customers": {
    "VMA": "true",
    "BOQ": "true",
    "MEB": "true"
  },
  "Migration:TableStorage:MastercardAuthorisations:StorageConnectionString": {
    "MEB": "{\"uri\":\"$(keyVaultBaseUrl)/kv-table-storage-connection-string\"}"
  },
  "CustomerProfile:T24:Caching:Customers:Customers": {
    "VMA": "true",
    "BOQ": "true",
    "MEB": "true"
  },
  "CustomerTransactions:T24:Caching:Customers:Customers": {
    "VMA": "true",
    "BOQ": "true",
    "MEB": "true"
  },
  "ProductCommunicationsFuncApp:T24:Caching:Customers:Customers": {
    "VMA": "true",
    "BOQ": "true",
    "MEB": "true"
  },
  "RegisterAccountPfm:T24:Caching:Customers:Customers": {
    "VMA": "true",
    "BOQ": "true",
    "MEB": "true"
  },
  "CustomerPfm:T24:Caching:Customers:Customers": {
    "VMA": "true",
    "BOQ": "true",
    "MEB": "true"
  },
  "MigratedTransactionsFn:MastercardDebatch:Cron": {
    "MEB": "0 */5 * * * *"
  },
  "MigratedTransactionsFn:ReconciliationDebatch:Cron": {
    "MEB": "0 */5 * * * *"
  },
  "NppService:T24:Caching:Customers:Customers": {
    "VMA": "true",
    "BOQ": "true",
    "MEB": "true"
  },
  "DebitCardEventHandler:T24:Caching:Customers:Customers": {
    "VMA": "true",
    "BOQ": "true",
    "MEB": "true"
  },
  "Communications:T24:Caching:Customers:Customers": {
    "VMA": "true",
    "BOQ": "true",
    "MEB": "true"
  },
  "CommsSub:T24:Caching:Customers:Customers": {
    "VMA": "true",
    "BOQ": "true",
    "MEB": "true"
  },
  "PaymentComms:T24:Caching:Customers:Customers": {
    "VMA": "true",
    "BOQ": "true",
    "MEB": "true"
  },
  "DebitCardApi:T24:Caching:Customers:Customers": {
    "VMA": "true",
    "BOQ": "true",
    "MEB": "true"
  },
  "PaymentInitiation:T24:Caching:Customers:Customers": {
    "VMA": "true",
    "BOQ": "true",
    "MEB": "true"
  },
  "ConsentWorkflowMgmtFuncApp:T24:Caching:Customers:Customers": {
    "VMA": "true",
    "BOQ": "true",
    "MEB": "true"
  },
  "DirectDebitApi:T24:Caching:Customers:Customers": {
    "VMA": "true",
    "BOQ": "true",
    "MEB": "true"
  },
  "CustomerProfileFn:T24:Caching:Customers:Customers": {
    "VMA": "true",
    "BOQ": "true",
    "MEB": "true"
  },
  "AuthorizationAccessControl:TableStorage:EntitlementCheckReport:StorageConnectionString": {
    "VMA": "{\"uri\":\"$(keyVaultBaseUrl)/kv-table-storage-connection-string\"}",
    "BOQ": "{\"uri\":\"$(keyVaultBaseUrl)/kv-table-storage-connection-string\"}",
    "MEB": "{\"uri\":\"$(keyVaultBaseUrl)/kv-table-storage-connection-string\"}"
  },
  "check-entitlement-enabled": {
    "VMA": "true",
    "BOQ": "true",
    "MEB": "true"
  },
  "AuthorizationAccessControl:EntitlementPolicies:0:EnforcementLevel": {
    "VMA": "enforce",
    "BOQ": "enforce",
    "MEB": "enforce"
  },
  "AuthorizationAccessControl:EntitlementPolicies:1:EnforcementLevel": {
    "VMA": "log",
    "BOQ": "log",
    "MEB": "log"
  },
  "CustomerCampaignEntityApiClient:ApimSubscriptionKey": {
    "VMA": "{\"uri\":\"$(keyVaultBaseUrl)/customerCampaignSubscriptionKey\"}",
    "BOQ": "{\"uri\":\"$(keyVaultBaseUrl)/customerCampaignSubscriptionKey\"}",
    "MEB": "{\"uri\":\"$(keyVaultBaseUrl)/customerCampaignSubscriptionKey\"}"
  },
  "BenefitsPricingApi:ApimSubscriptionKey": {
    "VMA": "{\"uri\":\"$(keyVaultBaseUrl)/benefitPricingSubscriptionKey\"}",
    "BOQ": "{\"uri\":\"$(keyVaultBaseUrl)/benefitPricingSubscriptionKey\"}",
    "MEB": "{\"uri\":\"$(keyVaultBaseUrl)/benefitPricingSubscriptionKey\"}"
  }
}